YEAR,LOC,X04_PRCP,X05_PRCP,X06_PRCP,X07_PRCP,X08_PRCP,X09_PRCP,X10_PRCP,X04_TAVG,X05_TAVG,X06_TAVG,X07_TAVG,X08_TAVG,X09_TAVG,X10_TAVG,X04_DP01,X05_DP01,X06_DP01,X07_DP01,X08_DP01,X09_DP01,X10_DP01,X04_DP10,X05_DP10,X06_DP10,X07_DP10,X08_DP10,X09_DP10,X10_DP10,X04_HTDD,X05_HTDD,X06_HTDD,X07_HTDD,X08_HTDD,X09_HTDD,X10_HTDD,X04_CLDD,X05_CLDD,X06_CLDD,X07_CLDD,X08_CLDD,X09_CLDD,X10_CLDD,cfvo_0_5cm,cfvo_5_15cm,cfvo_15_30cm,cfvo_30_60cm,cfvo_60_100cm,cfvo_100_200cm,clay_0_5cm,clay_5_15cm,clay_15_30cm,clay_30_60cm,clay_60_100cm,clay_100_200cm,silt_0_5cm,silt_5_15cm,silt_15_30cm,silt_30_60cm,silt_60_100cm,silt_100_200cm,nitrogen_0_5cm,nitrogen_5_15cm,nitrogen_15_30cm,nitrogen_30_60cm,nitrogen_60_100cm,nitrogen_100_200cm,sand_0_5cm,sand_5_15cm,sand_15_30cm,sand_30_60cm,sand_60_100cm,sand_100_200cm,phh2o_0_5cm,phh2o_5_15cm,phh2o_15_30cm,phh2o_30_60cm,phh2o_60_100cm,phh2o_100_200cm,soc_0_5cm,soc_5_15cm,soc_15_30cm,soc_30_60cm,soc_60_100cm,soc_100_200cm
2001,SDEP,93.1,80.8,49.2,97.4,55.6,89.4,19.3,9.098235294,15.30058824,20.31882353,22.75235294,22.87882353,18.00411765,11.12294118,10,14,9,10,4,6,2,6,8,7,8,3,5,2,277.7058824,124.2764706,24.95294118,3.264705882,4.088235294,61.04117647,231.6294118,6.211764706,31.00588235,84.40588235,139.6,138.5882353,52.64117647,7.111764706,5,3,3,8,12,21,388,393,366,351,360,347,421,420,433,432,409,400,267,181,132,101,59,43,191,187,201,217,231,253,69,69,71,74,78,79,292,190,124,74,46,27
2002,SDEP,77.5,74.4,54.7,46.3,180.7,23.9,67.9,9.541764706,15.84941176,21.53117647,24.16117647,21.98352941,18.17058824,10.89058824,8,10,6,3,12,6,11,6,7,4,2,11,3,10,271.6117647,111.8294118,13.62352941,2.441176471,12.92941176,56.95882353,231.6294118,9.205882353,35.72352941,108.5764706,179.4235294,132.0058824,51.51176471,13.62352941,5,3,3,8,12,21,388,393,366,351,360,347,421,420,433,432,409,400,267,181,132,101,59,43,191,187,201,217,231,253,69,69,71,74,78,79,292,190,124,74,46,27
2003,SDEP,80.3,96.6,162.2,30.5,19.1,197.1,17,9.234117647,14.83941176,20.53647059,23.44470588,22.76647059,18.62588235,11.50117647,8,10,8,5,3,5,1,5,9,7,3,2,5,1,270.9705882,126.0705882,19.10588235,2.941176471,3.629411765,53.21176471,224.0352941,3.935294118,19.41176471,85.44117647,158.0411765,135.5294118,50.97647059,10.87647059,5,3,3,8,12,21,388,393,366,351,360,347,421,420,433,432,409,400,267,181,132,101,59,43,191,187,201,217,231,253,69,69,71,74,78,79,292,190,124,74,46,27
2004,SDEP,61.8,157,80.8,40.8,43.2,118.9,50.04117647,9.372352941,14.95941176,20.10705882,23.00470588,22.22176471,18.14764706,11.17058824,7,10,7,5,6,6,6.470588235,5,9,7,3,4,5,4.176470588,271.5235294,125.0941176,26.87647059,5.447058824,6.429411765,65.21176471,213.1235294,5.617647059,21.61764706,80.33529412,148.0058824,125.4176471,51.2,9.017647059,5,3,3,8,12,21,388,393,366,351,360,347,421,420,433,432,409,400,267,181,132,101,59,43,191,187,201,217,231,253,69,69,71,74,78,79,292,190,124,74,46,27
2005,SDEP,103.9,92.7,165.2,84.9,76.7,136.7,18.5,10.72647059,15.29823529,20.86294118,23.63529412,22.22058824,19.14647059,11.54294118,5,8,11,4,6,13,4,5,5,11,4,6,8,4,228.9764706,123.1176471,19.56470588,2.988235294,4.052941176,46.86470588,224.7294118,6.547058824,30.17647059,92.98823529,162.3647059,127.1647059,44.92352941,19.49411765,5,3,3,8,12,21,388,393,366,351,360,347,421,420,433,432,409,400,267,181,132,101,59,43,191,187,201,217,231,253,69,69,71,74,78,79,292,190,124,74,46,27
2006,IALI,100.7,56.4,20.6,128.7,166.6,92.07058824,67.27647059,11.5,16.28,21.94,24.31,22.14,17.34352941,11.12764706,10,12,12,11,14,12,8.235294118,6,6,3,7,13,7,4.823529412,206.8,103.5,11.1,0,3,65.12352941,239.2705882,1.7,41.3,119.4,185.2,120.9,19.3,5.658823529,8,8,8,10,15,19,419,420,422,420,404,398,483,482,477,473,482,472,309,243,176,126,93,65,98,98,101,107,114,130,65,65,66,68,70,76,305,235,160,107,42,19
2007,IALI,106.7117647,141.9,113.0058824,116.1705882,116.9,93.24705882,61.99411765,10.11764706,15.54529412,21.2,23.29294118,21.51529412,16.79294118,11.66470588,9.352941176,11.94117647,11.11764706,9.764705882,9.941176471,8.529411765,6.882352941,6.823529412,7.764705882,6.764705882,6.470588235,7.352941176,5.411764706,4,248.7823529,112.2,9.764705882,0.905882353,8.164705882,78.74117647,208.7294118,5.182352941,26.66470588,95.5,153.9823529,106.7,44.25294118,3.264705882,8,8,8,10,15,19,419,420,422,420,404,398,483,482,477,473,482,472,309,243,176,126,93,65,98,98,101,107,114,130,65,65,66,68,70,76,305,235,160,107,42,19
2008,IALI,126.9,192.1,196.1,182.1,24.1,160.1882353,48.23529412,6.58,13.93,20.95,23.16,21.29,17.30882353,10.81882353,14,14,13,16,5,9,5.882352941,9,8,7,13,3,7,3.941176471,352.6,142.7,1.1,0,1.4,72.26470588,228.7882353,0,6.2,79.6,149.7,93.1,35.1,3.617647059,8,8,8,10,15,19,419,420,422,420,404,398,483,482,477,473,482,472,309,243,176,126,93,65,98,98,101,107,114,130,65,65,66,68,70,76,305,235,160,107,42,19
2007,MNHE,77.25294118,88.86470588,123.5823529,75.15294118,94.54117647,92.78235294,45.31176471,7.398235294,13.34058824,19.72882353,22.32352941,20.75470588,16.78647059,10.43588235,8.058823529,10.58823529,11.88235294,8,8.588235294,9.352941176,5.882352941,5.588235294,7,8.352941176,5.882352941,5.117647059,6.058823529,3.529411765,325.0705882,164.9176471,20.60588235,2.558823529,11.64705882,86.03529412,245.8235294,1.129411765,11.83529412,62.06470588,124.0705882,85.85294118,32.03529412,7.1,33,33,34,40,49,62,365,376,383,381,358,363,438,431,429,431,446,444,407,256,224,152,159,139,197,193,188,188,196,193,69,70,70,72,76,78,422,331,258,143,105,75
2008,MNHE,81.5,68.5,100.8,90.7,66,73.2,59.62352941,4.94,12.16,18.51,21.56,20.09,17.49941176,9.945882353,6,8,8,7,4,5,7.411764706,5,7,6,6,4,5,4.705882353,401.8,193.6,24.2,3.4,7.5,66.98235294,257.3647059,0,2.2,29.4,103.5,59.6,17.8,5.376470588,33,33,34,40,49,62,365,376,383,381,358,363,438,431,429,431,446,444,407,256,224,152,159,139,197,193,188,188,196,193,69,70,70,72,76,78,422,331,258,143,105,75
2008,MNKA,136.3,103.3,137.7,55.2,86.3,53.9,51.5,5.13,11.44,18.16,20.85,20.52823529,17.19117647,9.526470588,12,9,13,7,10,8,12,10,5,9,5,4,6,5,369.6,200,24.5,1.7,7.370588235,66.43529412,323.6,0,0,19.8,72.4,74.65294118,24.38235294,2,11,12,12,19,45,76,211,217,217,229,237,209,557,553,557,529,373,377,483,246,154,68,40,46,232,229,226,242,390,413,62,62,60,60,61,71,438,279,201,140,80,53
2007,NCFV,108.1,86.1,70.7,59.4,87.2,100.3470588,65.63529412,15.76,19.92,25.07,26.3,27.96,21.25941176,11.90176471,6,9,8,6,8,5,8.235294118,2,8,3,6,4,4,4.823529412,120.3,25.1,0,0,0,27.2,178.5058824,43,74.3,202.1,247.1,298.5,156.4,27.62941176,14.27247956,13.9373297,13.93051771,16.05040872,24.30517711,34.18256131,288.0217984,290.972752,305.8978202,319.5490463,316.2152589,288.8964578,487.5762943,485.9918256,476.1103542,465.5776567,448.5517711,431.5435967,454.619891,233.9114441,172.1553134,122.5776567,96.49182561,79.87874659,224.3719346,223.0122616,217.9564033,214.866485,235.1716621,279.5762943,63.57629428,63.73978202,63.69209809,64.5599455,67.00953678,70.52179837,384.1839237,223.3501362,153.9768392,102.3841962,59.81743869,44.06811989
2000,MOHA,13.5,81.3,218.7,94.28823529,7.1,117.2,97.6,14.14,21.13,22.69,25.64117647,24.90529412,21.28,15.83,8,8,14,9.058823529,2,7,10,2,5,7,6.470588235,2,7,5,124.2,18.1,4.7,0.423529412,1.047058824,30.5,89.5,9.7,102.9,128.9,218.3529412,199.5294118,111.5,14.9,32,28,30,30,30,34,311,302,353,397,397,397,641,654,609,568,569,560,351,233,143,103,76,60,48,45,38,35,34,43,62,63,64,64,66,68,349,227,121,88,47,25
2001,MOHA,77.83529412,90.5,99.15294118,112.5,13.5,160.4,58.87058824,16.9,20.25,23.66,27.72,24.79,18.9,11.95705882,8.235294118,11,10.41176471,9,3,9,7.764705882,5.058823529,8,6.588235294,7,2,9,4.470588235,84.2,20,1.770588235,0,2.9,33.6,176.8588235,40.3,75.9,157.7941176,241.9,202.7588235,44.7,15.32352941,32,28,30,30,30,34,311,302,353,397,397,397,641,654,609,568,569,560,351,233,143,103,76,60,48,45,38,35,34,43,62,63,64,64,66,68,349,227,121,88,47,25
2002,MOHA,88.1,168.6,18.9,18.9,95.2,79.01764706,65.18235294,14.19,17.57,26.45,28.74,26.6,19.82117647,11.47,8,13,4,6,9,6,8,7,10,2,1,3,3,5.411764706,141.6,65.2,0,0,0.3,34.11176471,185.4352941,25.6,41.7,243.6,291.3,256.7,148.8,16.97647059,32,28,30,30,30,34,311,302,353,397,397,397,641,654,609,568,569,560,351,233,143,103,76,60,48,45,38,35,34,43,62,63,64,64,66,68,349,227,121,88,47,25
2004,MOHA,26.5,228.6,139.3,106.3,147.3,70.9,87.60588235,14.95,20.12,22.58,25.12,23.41,19.02941176,11.78941176,7,15,15,12,9,6,8.176470588,5,12,8,7,6,5,5.588235294,113.5,49.5,0.8,0.8,0.6,43.59411765,189.6,18.7,104.8,128.3,211.3,157.9,82.31764706,5,32,28,30,30,30,34,311,302,353,397,397,397,641,654,609,568,569,560,351,233,143,103,76,60,48,45,38,35,34,43,62,63,64,64,66,68,349,227,121,88,47,25
2005,MOHA,79.3,113.4,176.6,87.4,273.9,103.9,76.76470588,14.89,19.18,25.49,26.04470588,26.3,22.85,11.66882353,9,9,12,5,12,13,8.470588235,6,2,8,5,8,5,5.117647059,128.4,44.4,0,0.064705882,0,15.8,188.1941176,25,68.9,200.4,236.2352941,247.1,151.4,26.5,32,28,30,30,30,34,311,302,353,397,397,397,641,654,609,568,569,560,351,233,143,103,76,60,48,45,38,35,34,43,62,63,64,64,66,68,349,227,121,88,47,25
2006,MOHA,120.7,54.3,63.9,92.7,277.7,96.37647059,82.72352941,16.38,19.69,25.56,28.18,27.19,20.84529412,11.14058824,10,10,12,7,13,6,8.529411765,6,3,5,5,6,3,5.470588235,86.1,44.8,0,0,0,27.24117647,201.8176471,27.4,84.1,202.3,305.3,274.6,60.4,25.07647059,32,28,30,30,30,34,311,302,353,397,397,397,641,654,609,568,569,560,351,233,143,103,76,60,48,45,38,35,34,43,62,63,64,64,66,68,349,227,121,88,47,25
2008,MOHA,106.1,167,140.3,148.8,39.7,207.8,93.2,11.30352941,17.42,23.65,25.52,24.54,19.91352941,11.01235294,11,13,11,8,6,12,8,8,9,8,7,3,8,5.705882353,217.7882353,67.2,0,0,0,33.34705882,207.2588235,10.64705882,38.8,159.6,222.8,167.6,60.49411765,16.91764706,32,28,30,30,30,34,311,302,353,397,397,397,641,654,609,568,569,560,351,233,143,103,76,60,48,45,38,35,34,43,62,63,64,64,66,68,349,227,121,88,47,25
2006,WIEG,112.2,124.5,122.8,98.8,188.8,75.77647059,91.51764706,11.24,14.96,19.5,23.22,21.36,18.00647059,10.20647059,9,14,11,13,9,13,8.823529412,7,14,7,7,8,5,6.411764706,205.5,138.2,23.4,1.1,1.4,58.05294118,274.0764706,0.5,33.7,58.4,152.5,95.1,7.2,7.864705882,8,8,9,10,40,80,325,320,334,363,377,321,548,552,547,516,428,387,1294,1087,742,729,662,611,126,128,119,121,195,292,63,63,63,62,64,70,435,688,339,286,294,236
2000,IAPA,50.1,103.9,183.7,81.8,56.2,56.9,48.8,9.39,15.69529412,20.80117647,22.62411765,22.45941176,17.23882353,11.88352941,9,14,16,6,6,6,11,5,9,14,4,5,4,5,252.8235294,104.4764706,13.37647059,2.429411765,4.817647059,78.17647059,205.9,4.470588235,23.72941176,86.5,132.2411765,131.1823529,55.81176471,13.55294118,14.27247956,13.9373297,13.93051771,16.05040872,24.30517711,34.18256131,288.0217984,290.972752,305.8978202,319.5490463,316.2152589,288.8964578,487.5762943,485.9918256,476.1103542,465.5776567,448.5517711,431.5435967,454.619891,233.9114441,172.1553134,122.5776567,96.49182561,79.87874659,224.3719346,223.0122616,217.9564033,214.866485,235.1716621,279.5762943,63.57629428,63.73978202,63.69209809,64.5599455,67.00953678,70.52179837,384.1839237,223.3501362,153.9768392,102.3841962,59.81743869,44.06811989
2001,IAPA,71.4,178.9,70.7,135.2,61.5,152,50.9,10.70764706,15.37882353,19.89764706,22.98647059,21.51411765,18.37882353,11.48823529,12,18,9,11,7,7,7,8,14,5,6,4,4,5,228.2058824,109.2823529,26.97058824,4.135294118,16.94705882,62.58235294,211.5823529,7.476470588,20.61764706,72.88235294,144.7882353,113.6294118,50.36470588,11.25882353,14.27247956,13.9373297,13.93051771,16.05040872,24.30517711,34.18256131,288.0217984,290.972752,305.8978202,319.5490463,316.2152589,288.8964578,487.5762943,485.9918256,476.1103542,465.5776567,448.5517711,431.5435967,454.619891,233.9114441,172.1553134,122.5776567,96.49182561,79.87874659,224.3719346,223.0122616,217.9564033,214.866485,235.1716621,279.5762943,63.57629428,63.73978202,63.69209809,64.5599455,67.00953678,70.52179837,384.1839237,223.3501362,153.9768392,102.3841962,59.81743869,44.06811989
2002,IAPA,38.7,40.9,129.1,100.8,154.1,28.9,67.6,9.763529412,16.05941176,21.41764706,23.24411765,22.45235294,17.80058824,11.31117647,6,5,8,8,11,7,12,3,5,7,7,10,4,6,260.0470588,113.1941176,13.14705882,2.576470588,7.247058824,65.67647059,206.3294118,7.805882353,43.59411765,113.3294118,151.7176471,129.4117647,60.61176471,14.66470588,14.27247956,13.9373297,13.93051771,16.05040872,24.30517711,34.18256131,288.0217984,290.972752,305.8978202,319.5490463,316.2152589,288.8964578,487.5762943,485.9918256,476.1103542,465.5776567,448.5517711,431.5435967,454.619891,233.9114441,172.1553134,122.5776567,96.49182561,79.87874659,224.3719346,223.0122616,217.9564033,214.866485,235.1716621,279.5762943,63.57629428,63.73978202,63.69209809,64.5599455,67.00953678,70.52179837,384.1839237,223.3501362,153.9768392,102.3841962,59.81743869,44.06811989
2003,WIPO,51.1,96.3,84.8,82.5,45.5,61.21176471,47.58235294,7.02,12.83,18.49,21.33,22,17.14764706,9.824117647,7,10,10,10,3,7.529411765,6.882352941,3,10,10,9,3,4.470588235,5.058823529,333.2,171.8,38.4,4.5,4.4,70.44117647,260.6058824,2,1.1,43,97.5,117.9,35,6.188235294,14.27247956,13.9373297,13.93051771,16.05040872,24.30517711,34.18256131,288.0217984,290.972752,305.8978202,319.5490463,316.2152589,288.8964578,487.5762943,485.9918256,476.1103542,465.5776567,448.5517711,431.5435967,454.619891,233.9114441,172.1553134,122.5776567,96.49182561,79.87874659,224.3719346,223.0122616,217.9564033,214.866485,235.1716621,279.5762943,63.57629428,63.73978202,63.69209809,64.5599455,67.00953678,70.52179837,384.1839237,223.3501362,153.9768392,102.3841962,59.81743869,44.06811989
2004,WIPO,47.7,157.7,118.6352941,110,77.64117647,8.4,74.21764706,8.46,13.37,18.34,20.26,17.84,17.91,9.977058824,6,14,11.41176471,10,8.647058824,1,9,5,10,7.705882353,9,5.352941176,1,8,297.6,157.4,41.2,14.1,55.6,52.2,275.2294118,1.5,3.6,41.4,73.8,40.3,39.4,0,14.27247956,13.9373297,13.93051771,16.05040872,24.30517711,34.18256131,288.0217984,290.972752,305.8978202,319.5490463,316.2152589,288.8964578,487.5762943,485.9918256,476.1103542,465.5776567,448.5517711,431.5435967,454.619891,233.9114441,172.1553134,122.5776567,96.49182561,79.87874659,224.3719346,223.0122616,217.9564033,214.866485,235.1716621,279.5762943,63.57629428,63.73978202,63.69209809,64.5599455,67.00953678,70.52179837,384.1839237,223.3501362,153.9768392,102.3841962,59.81743869,44.06811989
2005,WIPO,19.5,85,107.0411765,112.3,78.1,73.11764706,56.11764706,10.11,12.59,20.06352941,22.19,20.91,18.41,9.772352941,5,11,12.29411765,5,5,7.647058824,5,4,10,8.705882353,5,5,5.294117647,3,247.8,177.9,24.37647059,7.8,7.2,50.3,259.3,1.1,1.4,76.45882353,127.4,87,51.6,13.1,14.27247956,13.9373297,13.93051771,16.05040872,24.30517711,34.18256131,288.0217984,290.972752,305.8978202,319.5490463,316.2152589,288.8964578,487.5762943,485.9918256,476.1103542,465.5776567,448.5517711,431.5435967,454.619891,233.9114441,172.1553134,122.5776567,96.49182561,79.87874659,224.3719346,223.0122616,217.9564033,214.866485,235.1716621,279.5762943,63.57629428,63.73978202,63.69209809,64.5599455,67.00953678,70.52179837,384.1839237,223.3501362,153.9768392,102.3841962,59.81743869,44.06811989
2006,WIPO,92.28823529,109.6,135.7823529,103.6,75.00588235,136.6,54.06470588,10.09,14.14,19.09,22.9,20.41,14.1,9.888235294,10.41176471,13,13.17647059,5,8.470588235,8,8,6.941176471,13,8.764705882,5,5,8,7,247.2,156.2,23.7,2.5,3.3,134.5,274.1117647,0,26.1,46.6,144.3,67.8,7.6,1.4,14.27247956,13.9373297,13.93051771,16.05040872,24.30517711,34.18256131,288.0217984,290.972752,305.8978202,319.5490463,316.2152589,288.8964578,487.5762943,485.9918256,476.1103542,465.5776567,448.5517711,431.5435967,454.619891,233.9114441,172.1553134,122.5776567,96.49182561,79.87874659,224.3719346,223.0122616,217.9564033,214.866485,235.1716621,279.5762943,63.57629428,63.73978202,63.69209809,64.5599455,67.00953678,70.52179837,384.1839237,223.3501362,153.9768392,102.3841962,59.81743869,44.06811989
2007,WIPO,85,31.5,97.86470588,73.3,287.8,61.72941176,64.20588235,6.58,15.77,19.73,21,20.58,17.47352941,10.36529412,8,4,10.94117647,6,13,5,8.411764706,8,4,6.470588235,6,12,4,5.941176471,354.9,101.4,24.4,11.1,11.7,83.6,276.4705882,2.2,22,66.2,93.8,81.5,32.9,6.435294118,14.27247956,13.9373297,13.93051771,16.05040872,24.30517711,34.18256131,288.0217984,290.972752,305.8978202,319.5490463,316.2152589,288.8964578,487.5762943,485.9918256,476.1103542,465.5776567,448.5517711,431.5435967,454.619891,233.9114441,172.1553134,122.5776567,96.49182561,79.87874659,224.3719346,223.0122616,217.9564033,214.866485,235.1716621,279.5762943,63.57629428,63.73978202,63.69209809,64.5599455,67.00953678,70.52179837,384.1839237,223.3501362,153.9768392,102.3841962,59.81743869,44.06811989
2008,WIPO,184.3,80.2,347.1,123.5,42.2,87.68823529,73.88823529,6.99,11.59,18.63,20.88,19.35,17.20058824,10.83705882,11,6,11,7,8,9,7.294117647,10,6,11,7,5,7,5.411764706,340.2,209,22.2,6.1,15,73.95882353,261.1764706,0,0,31.1,85.1,46.5,17.8,5.752941176,14.27247956,13.9373297,13.93051771,16.05040872,24.30517711,34.18256131,288.0217984,290.972752,305.8978202,319.5490463,316.2152589,288.8964578,487.5762943,485.9918256,476.1103542,465.5776567,448.5517711,431.5435967,454.619891,233.9114441,172.1553134,122.5776567,96.49182561,79.87874659,224.3719346,223.0122616,217.9564033,214.866485,235.1716621,279.5762943,63.57629428,63.73978202,63.69209809,64.5599455,67.00953678,70.52179837,384.1839237,223.3501362,153.9768392,102.3841962,59.81743869,44.06811989
2008,WIBO,177.9,71.3,243.2,112.2,47.3,83.28235294,76.06470588,8.4,12.36,20.09,22.01,20.9,17.64529412,10.44529412,12,8,10,7,10,9,6.882352941,9,7,8,4,5,5,5.117647059,298.1,185.2,8.3,1.1,1.4,65.58235294,266.5117647,0,0,61.1,115.1,80.9,35.3,6.635294118,9,9,9,15,34,85,323,332,354,380,341,262,576,568,552,522,485,423,1344,705,486,416,288,296,102,100,94,97,175,315,64,63,63,62,63,69,440,361,194,249,222,180
2008,MIMK,69.13529412,21.9,128.9,92.5,51.5,207.9,60.9,8.113529412,14.02470588,20.15176471,22.76882353,21.68705882,18.84352941,11.72,7.470588235,8,16,9,7,8,13,5.235294118,3,8,5,5,7,6,296.5117647,150.3764706,23.85294118,3.905882353,5.782352941,43.27647059,223.7411765,2.664705882,20.35294118,77.75294118,139.7352941,107.2294118,45.84117647,8.729411765,42,43,45,48,57,56,234,238,243,250,230,207,344,340,331,337,355,357,1060,383,372,427,329,287,421,422,426,413,415,435,63,64,64,66,70,71,415,254,242,174,135,75
2000,IAPG,70.95294118,123.3882353,98.96470588,92.13529412,86.31764706,72.45294118,67.9,10.00941176,14.83117647,20.72529412,23.40235294,22.04176471,16.91,11.66470588,8,11.82352941,9.411764706,7.294117647,6.764705882,5.647058824,7.411764706,5.647058824,8.588235294,7.176470588,5.352941176,4.823529412,4.176470588,4.647058824,248.2705882,125.3941176,20.10588235,2.147058824,6.5,77.15882353,208.7294118,6.858823529,19.81764706,89.69411765,155.0411765,118.3764706,49.42352941,3.2,14.27247956,13.9373297,13.93051771,16.05040872,24.30517711,34.18256131,288.0217984,290.972752,305.8978202,319.5490463,316.2152589,288.8964578,487.5762943,485.9918256,476.1103542,465.5776567,448.5517711,431.5435967,454.619891,233.9114441,172.1553134,122.5776567,96.49182561,79.87874659,224.3719346,223.0122616,217.9564033,214.866485,235.1716621,279.5762943,63.57629428,63.73978202,63.69209809,64.5599455,67.00953678,70.52179837,384.1839237,223.3501362,153.9768392,102.3841962,59.81743869,44.06811989
2002,IAPG,74.49411765,111.0294118,97.47647059,89.35294118,86.31764706,69.61764706,70.43529412,10.06352941,14.92941176,20.76588235,23.19705882,21.94764706,16.91,11.66470588,8.176470588,11.23529412,9.058823529,7.470588235,6.764705882,5.705882353,7.470588235,6,8.235294118,7.117647059,5.352941176,4.823529412,4.294117647,4.647058824,245.8941176,123.1941176,18.74705882,2.164705882,6.617647059,77.15882353,208.7294118,6.458823529,21.32941176,88.48823529,149.1705882,114.7235294,52.42352941,3.2,14.27247956,13.9373297,13.93051771,16.05040872,24.30517711,34.18256131,288.0217984,290.972752,305.8978202,319.5490463,316.2152589,288.8964578,487.5762943,485.9918256,476.1103542,465.5776567,448.5517711,431.5435967,454.619891,233.9114441,172.1553134,122.5776567,96.49182561,79.87874659,224.3719346,223.0122616,217.9564033,214.866485,235.1716621,279.5762943,63.57629428,63.73978202,63.69209809,64.5599455,67.00953678,70.52179837,384.1839237,223.3501362,153.9768392,102.3841962,59.81743869,44.06811989
2000,NEPL,64.49411765,87.99411765,71.54705882,60.54705882,45.57647059,65.83529412,93.78823529,11.48411765,16.73117647,21.37176471,24.65882353,23.55411765,20.37647059,10.28941176,7.647058824,9.176470588,8.529411765,7.058823529,6.235294118,6.058823529,7.117647059,4.941176471,6.058823529,5.058823529,4.941176471,3.529411765,4.411764706,5.294117647,207.5705882,86.94117647,16.45294118,1.629411765,3.517647059,31.65882353,221.8176471,7.923529412,37.54705882,106.6588235,194.9,162.1058824,61.9,18.9,4,4,4,4,7,7,344,343,374,390,374,333,511,514,492,479,487,531,262,188,138,98,62,47,144,143,134,131,139,136,58,58,61,68,74,76,303,204,141,76,37,16
2001,NEPL,69.42941176,96.32352941,68.1,66.29411765,60.20588235,65.83529412,93.78823529,11.48411765,16.73117647,21.37176471,24.65882353,23.55411765,20.37647059,10.28941176,7.235294118,8.941176471,7.470588235,7.529411765,6.882352941,5.764705882,7.117647059,4.882352941,5.882352941,4.411764706,5.176470588,4.058823529,4.235294118,5.294117647,207.5705882,86.94117647,16.45294118,1.629411765,3.517647059,31.84117647,221.8176471,7.923529412,37.54705882,106.6588235,194.9,162.1058824,61.9,18.9,4,4,4,4,7,7,344,343,374,390,374,333,511,514,492,479,487,531,262,188,138,98,62,47,144,143,134,131,139,136,58,58,61,68,74,76,303,204,141,76,37,16
2004,GASM,37.9,63,211.3,88.5,96.2,98.90588235,63.43529412,17.85,24.17,26.26,27.64,26.48,20.91117647,12.50647059,4,5,20,10,6,13,7.529411765,4,3,16,7,6,10,4.764705882,46.9,4.2,0,0,0,28.6,158.8647059,27.7,185.2,230.2,288.6,221.3,162,30.50588235,21,22,25,26,21,22,110,122,225,268,294,304,116,116,108,104,98,81,397,71,48,28,21,36,774,762,668,628,608,615,56,56,55,55,54,52,412,94,58,32,15,9
2005,GASM,166.6,65.5,241.2,206,160.2,111.3,65.75882353,16.54,21.5,25.67,28.43,27.93,21.74588235,11.88117647,6,5,13,9,15,6,6.705882353,5,4,11,5,12,6,4.764705882,61.8,8.9,0,0,0,19.18235294,182.9941176,9.8,107.1,212.8,282.8,297.6,237.7,30.66470588,21,22,25,26,21,22,110,122,225,268,294,304,116,116,108,104,98,81,397,71,48,28,21,36,774,762,668,628,608,615,56,56,55,55,54,52,412,94,58,32,15,9
2000,ILBR,69.35882353,116.9529412,73.61176471,75.52352941,105.9764706,77.49411765,83.30588235,11.06470588,16.57823529,21.93705882,23.43882353,22.68647059,18.42117647,11.66470588,9,12.58823529,8.764705882,8.588235294,8.941176471,6.588235294,7.882352941,5.764705882,8.058823529,5.294117647,5.882352941,6.058823529,4.764705882,5.529411765,216.8294118,88.46470588,12.03529412,1.164705882,3.482352941,61.54117647,208.7294118,6.641176471,36.14705882,117.0176471,157.1235294,136.8235294,56.20588235,8.411764706,6,6,6,6,10,12,378,370,374,411,412,371,574,588,585,549,548,569,524,213,149,107,62,38,48,43,42,40,40,61,63,63,63,63,63,68,339,204,137,93,37,18
2001,ILBR,70.2,114.5,98.9,85.2,68,123.6882353,82.71764706,12.75,17.37,20.19,23.59,22.42,17.64294118,10.94470588,15,17,13,11,10,10,8.294117647,7,10,7,4,5,5,5.235294118,177.2,74.2,38.5,0.5,2.3,63.74705882,209.1294118,9.7,43.6,92.6,160.9,129.1,30.6,5.205882353,6,6,6,6,10,12,378,370,374,411,412,371,574,588,585,549,548,569,524,213,149,107,62,38,48,43,42,40,40,61,63,63,63,63,63,68,339,204,137,93,37,18
2003,ILBR,78.11764706,116.4882353,86.58235294,85.91176471,89.07058824,82.75294118,87.81176471,10.81411765,16.36941176,21.87294118,23.36882353,22.65529412,18.42117647,11.66470588,8.882352941,12.29411765,9.588235294,8.882352941,9.117647059,7,8,6.411764706,8,6.058823529,6.352941176,6.058823529,4.529411765,5.647058824,224.6058824,93.24117647,10.86470588,1.047058824,3.141176471,61.54117647,208.7294118,6.635294118,34.79411765,114.2,154.5352941,135.6470588,52.51764706,8.411764706,6,6,6,6,10,12,378,370,374,411,412,371,574,588,585,549,548,569,524,213,149,107,62,38,48,43,42,40,40,61,63,63,63,63,63,68,339,204,137,93,37,18
2004,ILBR,35.3,145.4,54.5,106.2,105.6,87.02352941,93.20588235,11.51,18.18,20.72,21.98,19.35,18.10529412,10.71823529,3,17,10,9,11,1,8.941176471,2,11,5,9,9,1,5.470588235,222,68.5,12.8,3.1,33,53.46470588,232.7411765,17.2,63.6,84.4,116,64.7,53.3,4.323529412,6,6,6,6,10,12,378,370,374,411,412,371,574,588,585,549,548,569,524,213,149,107,62,38,48,43,42,40,40,61,63,63,63,63,63,68,339,204,137,93,37,18
2005,ILBR,42,28.8,42.1,60.9,70.5,78.78823529,48.76470588,12.57,16.27,24.13,24.28,23.16,18.89,10.99352941,8,7,3,7,8,11,6,4,4,2,6,6,7,3.411764706,167.2,95,0.8,1.1,0.6,50.91764706,218.2470588,9.1,31.1,174.6,185.3,148.7,93.8,9.264705882,6,6,6,6,10,12,378,370,374,411,412,371,574,588,585,549,548,569,524,213,149,107,62,38,48,43,42,40,40,61,63,63,63,63,63,68,339,204,137,93,37,18
2006,ILBR,130.1,63.8,31.7,64.6,151.6,87.09411765,68.87647059,12.78,16.63,21.68,25.22,22.8,18.20588235,11.08176471,11,11,12,8,13,9,8.058823529,8,5,5,5,9,4,4.588235294,161.8,103.1,12.8,0,0,60.56470588,226.5411765,4.2,50.3,113.2,213.4,138.4,24.2,10.04705882,6,6,6,6,10,12,378,370,374,411,412,371,574,588,585,549,548,569,524,213,149,107,62,38,48,43,42,40,40,61,63,63,63,63,63,68,339,204,137,93,37,18
2007,ILBR,78.03529412,86.57058824,104.8,112.0764706,86.81176471,110.5529412,76.01764706,10.72,16.48,22.09705882,23.31647059,22.65588235,18.42117647,11.66470588,9.470588235,11.17647059,9.941176471,9.529411765,8.941176471,7.117647059,7.117647059,6.411764706,7.058823529,6.352941176,7.117647059,5.941176471,4.705882353,4.705882353,227.0529412,89.93529412,7.888235294,0.882352941,2.958823529,55.87647059,208.7294118,5.747058824,34.90588235,117.9411765,152.7647059,135.4823529,56.41176471,8.411764706,6,6,6,6,10,12,378,370,374,411,412,371,574,588,585,549,548,569,524,213,149,107,62,38,48,43,42,40,40,61,63,63,63,63,63,68,339,204,137,93,37,18
2008,ILBR,77.6,86.5,142.8,73.9,38.4,110.3647059,66.26470588,10.55,15.18,22.64,23.06,20.97,17.44764706,10.62352941,13,12,15,10,7,13,6.941176471,9,9,10,5,5,11,4.588235294,234.1,101.1,1.9,1.1,3,66.27647059,220.6705882,4.7,11.2,131,147.6,84.8,46,3.952941176,6,6,6,6,10,12,378,370,374,411,412,371,574,588,585,549,548,569,524,213,149,107,62,38,48,43,42,40,40,61,63,63,63,63,63,68,339,204,137,93,37,18
2004,ILCP,37.8,222.6,101.9,29,97.8,6.6,58.1,11.25058824,16.06411765,20.33882353,23.07058824,21.21117647,18.40941176,11.64411765,4,18,10,7,10,1,12,3,11,6,4,6,1,6,216.3823529,96.95294118,25.22352941,3.394117647,17.91176471,44.13529412,223.2764706,7.917647059,28.34705882,80.88235294,147.9176471,106.5882353,43.57647059,6.923529412,13,13,14,18,42,67,284,285,322,362,321,165,596,598,571,527,478,374,1393,533,410,345,320,293,120,117,107,112,201,461,62,62,62,62,63,70,382,294,153,84,25,16
2005,ILCP,35.1,56,36.6,44.7,118.6,83.6,13.2,12.34941176,15.65294118,23.06647059,24.63117647,23.13823529,19.11470588,11.15529412,10,10,8,9,6,8,3,6,5,3,5,4,7,2,180.9411765,110.7588235,5.447058824,0.770588235,1.588235294,53.14117647,223.6941176,7.352941176,29.31176471,144.3235294,192.7176471,147.9117647,73.50588235,9.517647059,13,13,14,18,42,67,284,285,322,362,321,165,596,598,571,527,478,374,1393,533,410,345,320,293,120,117,107,112,201,461,62,62,62,62,63,70,382,294,153,84,25,16
2006,ILCP,98.9,103.8,101.4,107.5,109.2,74.1,93.3,10.60647059,16.02176471,21.05176471,23.73588235,22.32882353,17.44352941,11.52823529,13,18,15,11,8,14,16,7,13,11,6,6,8,7,233.6058824,97.98823529,19.2,0.911764706,4.105882353,74.07647059,207.7235294,8.588235294,29.08823529,97.38823529,164.2176471,128.8,52.63529412,6.017647059,13,13,14,18,42,67,284,285,322,362,321,165,596,598,571,527,478,374,1393,533,410,345,320,293,120,117,107,112,201,461,62,62,62,62,63,70,382,294,153,84,25,16
2007,ILCP,99.6,34.7,137.5,158,293.3,25.2,64.2,9.610588235,17.40117647,21.31764706,23.07235294,22.69470588,18.84352941,10.56352941,12,8,13,9,14,6,11,8,3,8,4,11,3,6,265.0411765,74.85882353,11.21176471,0.547058824,6.211764706,53.85294118,239.9352941,8.405882353,45.74117647,100.3352941,145.1411765,156.8,53.67647059,14.68235294,13,13,14,18,42,67,284,285,322,362,321,165,596,598,571,527,478,374,1393,533,410,345,320,293,120,117,107,112,201,461,62,62,62,62,63,70,382,294,153,84,25,16
2006,IASU,94,72.4,34.3,59.8,184.7,90.07647059,76.06470588,11.19,15.04,20.26,24.02,22.13,16.93705882,10.67941176,12,13,8,7,13,12,7.647058824,8,7,5,4,11,7,4.823529412,215.3,137.8,18.3,0.5,3.6,77.09411765,236.0705882,0.8,35.6,76.1,177,121.4,10.9,5.270588235,14.27247956,13.9373297,13.93051771,16.05040872,24.30517711,34.18256131,288.0217984,290.972752,305.8978202,319.5490463,316.2152589,288.8964578,487.5762943,485.9918256,476.1103542,465.5776567,448.5517711,431.5435967,454.619891,233.9114441,172.1553134,122.5776567,96.49182561,79.87874659,224.3719346,223.0122616,217.9564033,214.866485,235.1716621,279.5762943,63.57629428,63.73978202,63.69209809,64.5599455,67.00953678,70.52179837,384.1839237,223.3501362,153.9768392,102.3841962,59.81743869,44.06811989
2008,IASU,159.4,125.4,232.2,188.6,42.3,149.9470588,50.22941176,7.48,13.25,20.32,22.2,20.1,17.20352941,10.11823529,15,14,13,15,11,12,6.470588235,11,10,9,9,5,8,4.117647059,325.7,162.4,9.4,0.8,9.2,74.54705882,241.9411765,0,4.7,69.1,105.2,63.9,22.8,4.058823529,14.27247956,13.9373297,13.93051771,16.05040872,24.30517711,34.18256131,288.0217984,290.972752,305.8978202,319.5490463,316.2152589,288.8964578,487.5762943,485.9918256,476.1103542,465.5776567,448.5517711,431.5435967,454.619891,233.9114441,172.1553134,122.5776567,96.49182561,79.87874659,224.3719346,223.0122616,217.9564033,214.866485,235.1716621,279.5762943,63.57629428,63.73978202,63.69209809,64.5599455,67.00953678,70.52179837,384.1839237,223.3501362,153.9768392,102.3841962,59.81743869,44.06811989
2000,NECO,47.6,38.1,40.2,98.5,7.7,66.22352941,53.96470588,9.73,17.36,20.89,24.67,25.42,18.27235294,11.09882353,5,6,5,8,8,6,6.117647059,3,2,3,6,1,3,3.941176471,258.2,59.4,15,0,0.8,57.24705882,220.4823529,0,27.8,91.8,187.8,207.2,74.1,8.994117647,14.27247956,13.9373297,13.93051771,16.05040872,24.30517711,34.18256131,288.0217984,290.972752,305.8978202,319.5490463,316.2152589,288.8964578,487.5762943,485.9918256,476.1103542,465.5776567,448.5517711,431.5435967,454.619891,233.9114441,172.1553134,122.5776567,96.49182561,79.87874659,224.3719346,223.0122616,217.9564033,214.866485,235.1716621,279.5762943,63.57629428,63.73978202,63.69209809,64.5599455,67.00953678,70.52179837,384.1839237,223.3501362,153.9768392,102.3841962,59.81743869,44.06811989
2001,NECO,129.9,70.1,49.7,48.3,103.7,80.05882353,55.63529412,10.87,15.33,19.96,25.98,23.18,18.22705882,10.83352941,10,7,7,9,8,6,7.294117647,8,5,5,4,7,6,4.294117647,229.6,107.1,45.9,0,0,61.14705882,253.6,5.8,20,88.7,237.1,150.3,38.9,8.988235294,14.27247956,13.9373297,13.93051771,16.05040872,24.30517711,34.18256131,288.0217984,290.972752,305.8978202,319.5490463,316.2152589,288.8964578,487.5762943,485.9918256,476.1103542,465.5776567,448.5517711,431.5435967,454.619891,233.9114441,172.1553134,122.5776567,96.49182561,79.87874659,224.3719346,223.0122616,217.9564033,214.866485,235.1716621,279.5762943,63.57629428,63.73978202,63.69209809,64.5599455,67.00953678,70.52179837,384.1839237,223.3501362,153.9768392,102.3841962,59.81743869,44.06811989
2004,NECO,59.3,45.6,65.7,109.9,50.2,78.87647059,44.5,10.36,17.12,18.93,22.71,20.55,17.66235294,10.83352941,9,8,7,10,5,4,6.823529412,6,7,6,9,5,4,3.882352941,235.8,72.2,43.5,2.5,23.1,65.65882353,251.1117647,1.7,37.5,61.5,138.5,91.9,70.7,7.241176471,14.27247956,13.9373297,13.93051771,16.05040872,24.30517711,34.18256131,288.0217984,290.972752,305.8978202,319.5490463,316.2152589,288.8964578,487.5762943,485.9918256,476.1103542,465.5776567,448.5517711,431.5435967,454.619891,233.9114441,172.1553134,122.5776567,96.49182561,79.87874659,224.3719346,223.0122616,217.9564033,214.866485,235.1716621,279.5762943,63.57629428,63.73978202,63.69209809,64.5599455,67.00953678,70.52179837,384.1839237,223.3501362,153.9768392,102.3841962,59.81743869,44.06811989
2005,NECO,36.3,88.6,106.3,46.7,73.9,72.22941176,53.06470588,10.43,15.76,22.25,25.45,23.93,18.68647059,11.29882353,6,9,11,6,11,3,6.823529412,4,5,7,4,9,0,4.058823529,237,111.6,6.6,1.7,0,47.30588235,229.1529412,0,31.9,124.2,222.4,173.6,90.5,10.70588235,14.27247956,13.9373297,13.93051771,16.05040872,24.30517711,34.18256131,288.0217984,290.972752,305.8978202,319.5490463,316.2152589,288.8964578,487.5762943,485.9918256,476.1103542,465.5776567,448.5517711,431.5435967,454.619891,233.9114441,172.1553134,122.5776567,96.49182561,79.87874659,224.3719346,223.0122616,217.9564033,214.866485,235.1716621,279.5762943,63.57629428,63.73978202,63.69209809,64.5599455,67.00953678,70.52179837,384.1839237,223.3501362,153.9768392,102.3841962,59.81743869,44.06811989
2006,NECO,48.9,25.4,102,124.2,62.9,91.84117647,44.38823529,13.38,17.95,23.66,26.21,23.22,19.05,11.84176471,7,6,9,8,7,6,7,4,4,7,5,4,5,3.647058824,152.4,78.2,0.3,0,2.7,43.95882353,206.6529412,7.2,66.3,159.9,244.3,154.4,18.1,13.21764706,14.27247956,13.9373297,13.93051771,16.05040872,24.30517711,34.18256131,288.0217984,290.972752,305.8978202,319.5490463,316.2152589,288.8964578,487.5762943,485.9918256,476.1103542,465.5776567,448.5517711,431.5435967,454.619891,233.9114441,172.1553134,122.5776567,96.49182561,79.87874659,224.3719346,223.0122616,217.9564033,214.866485,235.1716621,279.5762943,63.57629428,63.73978202,63.69209809,64.5599455,67.00953678,70.52179837,384.1839237,223.3501362,153.9768392,102.3841962,59.81743869,44.06811989
2000,INEL,44.5,123.2,108.9,94.3,105.0294118,102.2,92.05294118,10.03,17.5,20.6,21.97,20.93941176,17.22,10.72294118,8,12,14,11,9.647058824,10,10,4,6,10,7,7.058823529,7,3,227.2647059,60.7,17,3.1,18.94705882,77.5,218.1823529,10.52352941,35,80.4,104.9,96.26470588,43.1,7.8,14.27247956,13.9373297,13.93051771,16.05040872,24.30517711,34.18256131,288.0217984,290.972752,305.8978202,319.5490463,316.2152589,288.8964578,487.5762943,485.9918256,476.1103542,465.5776567,448.5517711,431.5435967,454.619891,233.9114441,172.1553134,122.5776567,96.49182561,79.87874659,224.3719346,223.0122616,217.9564033,214.866485,235.1716621,279.5762943,63.57629428,63.73978202,63.69209809,64.5599455,67.00953678,70.52179837,384.1839237,223.3501362,153.9768392,102.3841962,59.81743869,44.06811989
2001,INEL,87.5,111,102.5882353,126.5,102.7,72.7,174.5,13.54,17.37,20.56647059,23.19,23.34,18.31705882,11.92235294,11,15,11.70588235,10,8,4,9,6,12,7.764705882,10,7,4,9,152,60.1,23.81176471,3,0,55.93529412,171.5,18.6,30.4,89.41176471,140.4,150.3,44.43529412,2.8,14.27247956,13.9373297,13.93051771,16.05040872,24.30517711,34.18256131,288.0217984,290.972752,305.8978202,319.5490463,316.2152589,288.8964578,487.5762943,485.9918256,476.1103542,465.5776567,448.5517711,431.5435967,454.619891,233.9114441,172.1553134,122.5776567,96.49182561,79.87874659,224.3719346,223.0122616,217.9564033,214.866485,235.1716621,279.5762943,63.57629428,63.73978202,63.69209809,64.5599455,67.00953678,70.52179837,384.1839237,223.3501362,153.9768392,102.3841962,59.81743869,44.06811989
2002,INEL,73.27647059,74.85882353,48.1,43.8,153.1,91.5,58.2,11.44529412,15.77941176,22.71,24.82,23.22,19.87,10.73,8.470588235,9.294117647,9,6,9,5,7,5.470588235,5.941176471,5,6,7,3,4,213.2,112.1176471,7.6,0,0,26.1,256,9.823529412,35.70588235,139,201.2,141.6,72.3,20.2,14.27247956,13.9373297,13.93051771,16.05040872,24.30517711,34.18256131,288.0217984,290.972752,305.8978202,319.5490463,316.2152589,288.8964578,487.5762943,485.9918256,476.1103542,465.5776567,448.5517711,431.5435967,454.619891,233.9114441,172.1553134,122.5776567,96.49182561,79.87874659,224.3719346,223.0122616,217.9564033,214.866485,235.1716621,279.5762943,63.57629428,63.73978202,63.69209809,64.5599455,67.00953678,70.52179837,384.1839237,223.3501362,153.9768392,102.3841962,59.81743869,44.06811989
2003,INEL,71.45882353,124.3705882,103.3764706,142.3764706,117.6117647,85.17058824,96.24117647,11.90352941,16.11176471,21.37352941,23.10647059,22.36,19.07764706,10.69235294,8.882352941,12.41176471,10.82352941,10.70588235,8.823529412,7,9.176470588,6,9.235294118,7.764705882,8.176470588,6.823529412,5.117647059,5.705882353,199.7470588,100.1705882,13.17058824,1.594117647,6.547058824,39.50588235,217.5470588,10.2,32.61764706,102.8058824,145.3823529,129.2705882,52.5,10.16470588,14.27247956,13.9373297,13.93051771,16.05040872,24.30517711,34.18256131,288.0217984,290.972752,305.8978202,319.5490463,316.2152589,288.8964578,487.5762943,485.9918256,476.1103542,465.5776567,448.5517711,431.5435967,454.619891,233.9114441,172.1553134,122.5776567,96.49182561,79.87874659,224.3719346,223.0122616,217.9564033,214.866485,235.1716621,279.5762943,63.57629428,63.73978202,63.69209809,64.5599455,67.00953678,70.52179837,384.1839237,223.3501362,153.9768392,102.3841962,59.81743869,44.06811989
2004,INEL,36.3,98.4,134.2,58.6,112.7,94.35294118,107.5705882,11.12,19.06,20.48,21.67,20.12,17.61117647,10.71823529,5,11,12,8,8,5,9.058823529,4,9,8,8,7,3,5.823529412,225,57.9,17.3,3.9,24.2,60.44117647,227.1470588,8.5,80.5,81.7,107.2,79.6,68.7,7.041176471,14.27247956,13.9373297,13.93051771,16.05040872,24.30517711,34.18256131,288.0217984,290.972752,305.8978202,319.5490463,316.2152589,288.8964578,487.5762943,485.9918256,476.1103542,465.5776567,448.5517711,431.5435967,454.619891,233.9114441,172.1553134,122.5776567,96.49182561,79.87874659,224.3719346,223.0122616,217.9564033,214.866485,235.1716621,279.5762943,63.57629428,63.73978202,63.69209809,64.5599455,67.00953678,70.52179837,384.1839237,223.3501362,153.9768392,102.3841962,59.81743869,44.06811989
2005,INEL,128.3,40.7,74.6,85.5,63.7,81.91764706,84.48823529,11.54,14.63,22.94,23.51,23.18,17.89058824,10.88117647,9,4,7,9,6,7,8.176470588,9,4,6,6,5,7,5.176470588,195.8,127,6.1,0.3,0.8,58.89411765,231.5294118,6.1,11.7,144.3,145.2,151.2,69.2,7.758823529,14.27247956,13.9373297,13.93051771,16.05040872,24.30517711,34.18256131,288.0217984,290.972752,305.8978202,319.5490463,316.2152589,288.8964578,487.5762943,485.9918256,476.1103542,465.5776567,448.5517711,431.5435967,454.619891,233.9114441,172.1553134,122.5776567,96.49182561,79.87874659,224.3719346,223.0122616,217.9564033,214.866485,235.1716621,279.5762943,63.57629428,63.73978202,63.69209809,64.5599455,67.00953678,70.52179837,384.1839237,223.3501362,153.9768392,102.3841962,59.81743869,44.06811989
2006,INEL,93.4,112.7,167.9,77.7,170.6,87.66470588,86.58235294,12.08,15.08,20.84,24.08,22.72,17.67470588,10.98882353,10,12,13,8,9,9,8.529411765,8,11,13,8,8,9,5.470588235,190.2,138.2,11.6,0.6,0,63.27647059,220.8529412,2.5,37.3,86.8,178.7,136.1,22,9.641176471,14.27247956,13.9373297,13.93051771,16.05040872,24.30517711,34.18256131,288.0217984,290.972752,305.8978202,319.5490463,316.2152589,288.8964578,487.5762943,485.9918256,476.1103542,465.5776567,448.5517711,431.5435967,454.619891,233.9114441,172.1553134,122.5776567,96.49182561,79.87874659,224.3719346,223.0122616,217.9564033,214.866485,235.1716621,279.5762943,63.57629428,63.73978202,63.69209809,64.5599455,67.00953678,70.52179837,384.1839237,223.3501362,153.9768392,102.3841962,59.81743869,44.06811989
2008,INEL,98.39411765,135.1,138.1,166.6,57.9,42.7,89.47058824,9.968235294,13.81,22.12,22.55,20.92,19.44,10.11529412,11,17,15,12,7,9,9.705882353,6.941176471,10,11,8,5,5,6,243.6352941,150.1,1.9,1.7,3,17.5,240.2941176,2.729411765,10,115.4,132.6,83.3,50.8,5.923529412,14.27247956,13.9373297,13.93051771,16.05040872,24.30517711,34.18256131,288.0217984,290.972752,305.8978202,319.5490463,316.2152589,288.8964578,487.5762943,485.9918256,476.1103542,465.5776567,448.5517711,431.5435967,454.619891,233.9114441,172.1553134,122.5776567,96.49182561,79.87874659,224.3719346,223.0122616,217.9564033,214.866485,235.1716621,279.5762943,63.57629428,63.73978202,63.69209809,64.5599455,67.00953678,70.52179837,384.1839237,223.3501362,153.9768392,102.3841962,59.81743869,44.06811989
2001,INNE,57.5,51.6,90.3,153.1,159.8,83.2,172,10.45058824,16.66588235,21.29411765,22.80764706,22.00176471,17.81176471,10.58647059,10,11,11,13,11,7,7,5,6,8,6,7,5,5,240.4529412,87.04705882,16.67647059,2.341176471,8.2,63.29411765,212.0352941,6.582352941,37.1,104.0882353,138.5470588,131.6705882,52.92941176,7,14.27247956,13.9373297,13.93051771,16.05040872,24.30517711,34.18256131,288.0217984,290.972752,305.8978202,319.5490463,316.2152589,288.8964578,487.5762943,485.9918256,476.1103542,465.5776567,448.5517711,431.5435967,454.619891,233.9114441,172.1553134,122.5776567,96.49182561,79.87874659,224.3719346,223.0122616,217.9564033,214.866485,235.1716621,279.5762943,63.57629428,63.73978202,63.69209809,64.5599455,67.00953678,70.52179837,384.1839237,223.3501362,153.9768392,102.3841962,59.81743869,44.06811989
2002,INNE,180.4,141.4,61.8,42.1,39.6,220.3,83.4,9.254117647,14.53705882,21.00941176,23.37235294,22.32941176,19.07823529,10.57294118,11,13,7,9,8,7,11,9,11,4,5,5,6,7,273.9294118,133.6294118,14.82941176,1.405882353,4.947058824,43.18823529,240.4352941,6.029411765,15.82941176,94.41764706,154.9647059,127.5,48.8,6.717647059,14.27247956,13.9373297,13.93051771,16.05040872,24.30517711,34.18256131,288.0217984,290.972752,305.8978202,319.5490463,316.2152589,288.8964578,487.5762943,485.9918256,476.1103542,465.5776567,448.5517711,431.5435967,454.619891,233.9114441,172.1553134,122.5776567,96.49182561,79.87874659,224.3719346,223.0122616,217.9564033,214.866485,235.1716621,279.5762943,63.57629428,63.73978202,63.69209809,64.5599455,67.00953678,70.52179837,384.1839237,223.3501362,153.9768392,102.3841962,59.81743869,44.06811989
2003,INNE,149.3,186.1,93.2,70.4,60.3,68.1,21.4,10.69941176,15.34823529,21.61882353,23.80529412,22.39294118,18.81647059,11.13117647,12,14,5,8,7,10,5,10,10,4,5,4,6,4,230.7647059,118.7294118,16.2,2.352941176,5.817647059,47.02352941,222.4352941,8.152941176,24.8,105.5352941,168.1058824,130.0058824,62.37647059,8.658823529,14.27247956,13.9373297,13.93051771,16.05040872,24.30517711,34.18256131,288.0217984,290.972752,305.8978202,319.5490463,316.2152589,288.8964578,487.5762943,485.9918256,476.1103542,465.5776567,448.5517711,431.5435967,454.619891,233.9114441,172.1553134,122.5776567,96.49182561,79.87874659,224.3719346,223.0122616,217.9564033,214.866485,235.1716621,279.5762943,63.57629428,63.73978202,63.69209809,64.5599455,67.00953678,70.52179837,384.1839237,223.3501362,153.9768392,102.3841962,59.81743869,44.06811989
2005,INNE,64.7,50.3,84.5,99.6,196.2,36.3,12,10.03529412,16.76176471,21.54235294,23.27823529,21.93588235,18.32588235,10.84823529,11,3,6,9,12,4,4,7,3,4,6,9,3,2,254.9647059,89.32352941,14.54705882,1.770588235,11.22941176,62.44117647,240.6176471,9.147058824,43.74117647,109.6470588,153.0588235,126.6882353,59.09411765,9.394117647,14.27247956,13.9373297,13.93051771,16.05040872,24.30517711,34.18256131,288.0217984,290.972752,305.8978202,319.5490463,316.2152589,288.8964578,487.5762943,485.9918256,476.1103542,465.5776567,448.5517711,431.5435967,454.619891,233.9114441,172.1553134,122.5776567,96.49182561,79.87874659,224.3719346,223.0122616,217.9564033,214.866485,235.1716621,279.5762943,63.57629428,63.73978202,63.69209809,64.5599455,67.00953678,70.52179837,384.1839237,223.3501362,153.9768392,102.3841962,59.81743869,44.06811989
2007,INNE,136.6,46.7,32.9,64.6,25.3,57.2,100.3,11.63470588,17.00235294,22.45,24.66058824,24.45176471,18.92411765,10.56529412,11,5,11,7,5,6,6,7,4,6,6,4,4,6,202.1941176,82.43529412,8.147058824,0.182352941,1.711764706,48.99411765,243.1411765,6.676470588,41.01764706,127.3411765,190.8352941,184.7764706,91.41176471,8.658823529,14.27247956,13.9373297,13.93051771,16.05040872,24.30517711,34.18256131,288.0217984,290.972752,305.8978202,319.5490463,316.2152589,288.8964578,487.5762943,485.9918256,476.1103542,465.5776567,448.5517711,431.5435967,454.619891,233.9114441,172.1553134,122.5776567,96.49182561,79.87874659,224.3719346,223.0122616,217.9564033,214.866485,235.1716621,279.5762943,63.57629428,63.73978202,63.69209809,64.5599455,67.00953678,70.52179837,384.1839237,223.3501362,153.9768392,102.3841962,59.81743869,44.06811989
2006,MOCR,117,91.3,65.6,187.1,106.7,233.7,75.61176471,15.56764706,20.34,25.37,27.73,27.06,20.62,11.54764706,10,17,5,8,8,8,7.235294118,6,8,2,7,5,8,4.529411765,111.8058824,30.6,0,0,0,18.8,193.5294118,31.19411765,92.7,203.3,281,270.7,87.5,27.2,14.27247956,13.9373297,13.93051771,16.05040872,24.30517711,34.18256131,288.0217984,290.972752,305.8978202,319.5490463,316.2152589,288.8964578,487.5762943,485.9918256,476.1103542,465.5776567,448.5517711,431.5435967,454.619891,233.9114441,172.1553134,122.5776567,96.49182561,79.87874659,224.3719346,223.0122616,217.9564033,214.866485,235.1716621,279.5762943,63.57629428,63.73978202,63.69209809,64.5599455,67.00953678,70.52179837,384.1839237,223.3501362,153.9768392,102.3841962,59.81743869,44.06811989
2007,MOCR,93.71764706,135.6294118,103.5823529,96.66470588,131.4411765,122.1705882,44.16470588,12.50411765,18.23882353,23.16764706,25.09588235,23.91941176,18.85941176,10.76294118,9.470588235,12.64705882,9.882352941,8.176470588,9.058823529,8.352941176,6.470588235,6.647058824,7.764705882,6.647058824,5.529411765,5.411764706,5.705882353,3.588235294,188.4764706,63.67058824,4.217647059,0.852941176,5.111764706,54.77647059,258.5882353,15.73529412,60.37647059,146.3882353,206.5705882,193.1705882,66.02941176,14.88235294,14.27247956,13.9373297,13.93051771,16.05040872,24.30517711,34.18256131,288.0217984,290.972752,305.8978202,319.5490463,316.2152589,288.8964578,487.5762943,485.9918256,476.1103542,465.5776567,448.5517711,431.5435967,454.619891,233.9114441,172.1553134,122.5776567,96.49182561,79.87874659,224.3719346,223.0122616,217.9564033,214.866485,235.1716621,279.5762943,63.57629428,63.73978202,63.69209809,64.5599455,67.00953678,70.52179837,384.1839237,223.3501362,153.9768392,102.3841962,59.81743869,44.06811989
2005,WIMN,96.3,128.9,108.9,89.8,87.9,78.5,64.31764706,9.87,12.93,21.6,22.83,20.44,18.21529412,10.09941176,12,18,19,7,6,12,6.588235294,6,11,10,6,4,8,4.764705882,254.8,169.9,4.7,5.8,15.9,60.20588235,273.0411765,0.8,2.5,102.8,145.2,81.2,49.2,9.041176471,17,15,13,14,29,52,329,330,335,323,313,325,465,463,457,463,447,418,414,343,262,194,169,118,206,207,208,214,240,257,67,66,67,71,74,76,429,306,209,149,92,56
2007,WIMN,63,81.8,54.2,51.8,312.3,73.86470588,72.48235294,5.68,16.89,21.09,22.71,20.88,17.39823529,10.54823529,7,11,7,2,14,10,7.529411765,5,4,5,1,10,8,5.411764706,384.1,75.5,14.7,1.2,7.8,69.74705882,256.5764706,4.4,30.9,97.5,136.9,86.7,48.4,5.541176471,17,15,13,14,29,52,329,330,335,323,313,325,465,463,457,463,447,418,414,343,262,194,169,118,206,207,208,214,240,257,67,66,67,71,74,76,429,306,209,149,92,56
2000,WIPL,79.9,101.5,229.4,45.2,127.7,73.13529412,76.19411765,6.27,14.33,17.5,20.17,20.18,17.31470588,10.57647059,11,15,18,9,11,11,7.294117647,4,7,12,5,7,7,5.823529412,361.9,141.5,56,14.9,9.7,78.12352941,266.5117647,0,17.5,31.1,72,67.1,15.9,5.147058824,14.27247956,13.9373297,13.93051771,16.05040872,24.30517711,34.18256131,288.0217984,290.972752,305.8978202,319.5490463,316.2152589,288.8964578,487.5762943,485.9918256,476.1103542,465.5776567,448.5517711,431.5435967,454.619891,233.9114441,172.1553134,122.5776567,96.49182561,79.87874659,224.3719346,223.0122616,217.9564033,214.866485,235.1716621,279.5762943,63.57629428,63.73978202,63.69209809,64.5599455,67.00953678,70.52179837,384.1839237,223.3501362,153.9768392,102.3841962,59.81743869,44.06811989
2002,WIPL,101,66.8,238.5,79.2,120.8,80.7,67.35882353,5.63,10.43,19,22.12,19.82,16.86823529,10.94882353,15,11,12,8,7,13,7.352941176,7,7,9,5,6,8,5.529411765,384.1,252.3,40.2,3.8,12.3,78.12352941,254.2294118,3,7.5,60.1,121.1,58.5,37.9,4.770588235,14.27247956,13.9373297,13.93051771,16.05040872,24.30517711,34.18256131,288.0217984,290.972752,305.8978202,319.5490463,316.2152589,288.8964578,487.5762943,485.9918256,476.1103542,465.5776567,448.5517711,431.5435967,454.619891,233.9114441,172.1553134,122.5776567,96.49182561,79.87874659,224.3719346,223.0122616,217.9564033,214.866485,235.1716621,279.5762943,63.57629428,63.73978202,63.69209809,64.5599455,67.00953678,70.52179837,384.1839237,223.3501362,153.9768392,102.3841962,59.81743869,44.06811989
2004,WIPL,31.9,222.5,174.6,55.2,51,61.58235294,59.07058824,7.1,11.68,16.74,20.01,17.21,17.31176471,9.996470588,9,14,11,7,15,4,6.941176471,6,13,11,3,7,4,5,337,209.4,71.7,18.1,64.6,71.68235294,266.5117647,0,3.1,23.6,70.2,30,40,4.705882353,14.27247956,13.9373297,13.93051771,16.05040872,24.30517711,34.18256131,288.0217984,290.972752,305.8978202,319.5490463,316.2152589,288.8964578,487.5762943,485.9918256,476.1103542,465.5776567,448.5517711,431.5435967,454.619891,233.9114441,172.1553134,122.5776567,96.49182561,79.87874659,224.3719346,223.0122616,217.9564033,214.866485,235.1716621,279.5762943,63.57629428,63.73978202,63.69209809,64.5599455,67.00953678,70.52179837,384.1839237,223.3501362,153.9768392,102.3841962,59.81743869,44.06811989
2005,WIPL,48.5,64.9,128,64,115.3,84.38235294,65.97647059,9.11,10.91,21.41,22.16,20.84,17.55764706,9.772352941,4,13,11,7,5,11,7.470588235,3,8,8,4,4,8,4.764705882,277.6,217.6,5.6,6.3,9.7,66.51176471,268.2235294,0.8,0,97.9,125,87.4,37.5,7.505882353,14.27247956,13.9373297,13.93051771,16.05040872,24.30517711,34.18256131,288.0217984,290.972752,305.8978202,319.5490463,316.2152589,288.8964578,487.5762943,485.9918256,476.1103542,465.5776567,448.5517711,431.5435967,454.619891,233.9114441,172.1553134,122.5776567,96.49182561,79.87874659,224.3719346,223.0122616,217.9564033,214.866485,235.1716621,279.5762943,63.57629428,63.73978202,63.69209809,64.5599455,67.00953678,70.52179837,384.1839237,223.3501362,153.9768392,102.3841962,59.81743869,44.06811989
2006,WIPL,57.9,140,55.4,80.2,88.9,61.80588235,63.44117647,9.74,13.87,18.81,22.48,19.39,17.82352941,9.772352941,10,13,7,8,7,13,7.411764706,6,10,4,7,6,6,5.705882353,257.9,164.3,26.5,1.7,15.4,65.60588235,272.3470588,0,25.9,40.9,130.1,48.3,7.2,5.964705882,14.27247956,13.9373297,13.93051771,16.05040872,24.30517711,34.18256131,288.0217984,290.972752,305.8978202,319.5490463,316.2152589,288.8964578,487.5762943,485.9918256,476.1103542,465.5776567,448.5517711,431.5435967,454.619891,233.9114441,172.1553134,122.5776567,96.49182561,79.87874659,224.3719346,223.0122616,217.9564033,214.866485,235.1716621,279.5762943,63.57629428,63.73978202,63.69209809,64.5599455,67.00953678,70.52179837,384.1839237,223.3501362,153.9768392,102.3841962,59.81743869,44.06811989
2004,INMU,18.6,130.9,111.9,77.8,127.8235294,73.37647059,73.61176471,11.32,19.05,21.03,22.37,20.39058824,18.06941176,10.95,9,15,13,14,8,4.941176471,8.823529412,3,8,7,7,4,3.470588235,5,215.7,55,8.1,5.3,22,53.78235294,220.6647059,9.4,77.2,86.2,130.6,79.2,52.3,5.929411765,16,15,15,19,34,49,305,299,318,369,394,271,539,536,526,474,434,457,340,177,175,119,79,68,157,165,156,157,173,272,65,65,65,68,74,79,361,198,131,73,65,64
2004,WINL,47.7,157.7,118.6352941,110,85.59411765,8.4,74.21764706,8.46,13.37,18.34,20.26,17.84,17.91,9.977058824,6,14,11.41176471,10,8.647058824,1,9,5,10,7.705882353,9,5.352941176,1,8,297.6,157.4,41.2,14.1,55.6,52.2,275.2294118,1.5,3.6,41.4,73.8,40.3,39.4,0,9,10,10,13,39,86,275,281,279,282,280,239,597,598,607,598,449,343,1013,491,387,406,372,328,129,122,114,120,271,418,62,62,61,59,62,68,398,245,200,120,138,99
2000,SDCA,50.3,95.3,57.8,68.1,49.3,70.41764706,53.89411765,9.79,17.17,20.05,22.54,23.06,17.96176471,10.97058824,6,10,8,8,7,4,6.764705882,4,5,5,3,4,2,4.294117647,247.9,70.7,24.8,9.4,4,66.43529412,251.5823529,0,34.8,76.2,139.9,145.2,67,8.423529412,14.27247956,13.9373297,13.93051771,16.05040872,24.30517711,34.18256131,288.0217984,290.972752,305.8978202,319.5490463,316.2152589,288.8964578,487.5762943,485.9918256,476.1103542,465.5776567,448.5517711,431.5435967,454.619891,233.9114441,172.1553134,122.5776567,96.49182561,79.87874659,224.3719346,223.0122616,217.9564033,214.866485,235.1716621,279.5762943,63.57629428,63.73978202,63.69209809,64.5599455,67.00953678,70.52179837,384.1839237,223.3501362,153.9768392,102.3841962,59.81743869,44.06811989
2001,SDCA,146.4,45,71.2,119.7,15.3,89.39411765,48.67647059,10.33,16.33,21.51,23.86,22.13,18.07647059,10.68058824,9,9,8,10,4,8,6.470588235,6,4,7,6,2,5,4.235294118,242,89.7,17.8,0,5.6,62.72941176,256.4411765,10.3,27.6,113,171.2,123.3,27.9,8.964705882,14.27247956,13.9373297,13.93051771,16.05040872,24.30517711,34.18256131,288.0217984,290.972752,305.8978202,319.5490463,316.2152589,288.8964578,487.5762943,485.9918256,476.1103542,465.5776567,448.5517711,431.5435967,454.619891,233.9114441,172.1553134,122.5776567,96.49182561,79.87874659,224.3719346,223.0122616,217.9564033,214.866485,235.1716621,279.5762943,63.57629428,63.73978202,63.69209809,64.5599455,67.00953678,70.52179837,384.1839237,223.3501362,153.9768392,102.3841962,59.81743869,44.06811989
2002,SDCA,52.1,71.9,36.8,120.7,140.8,93.18235294,75.13529412,10.49,13.43,23.13,24.76,21.33,17.63764706,10.71411765,6,7,6,4,9,8,8.058823529,4,6,5,3,8,6,4.823529412,251.3,172.2,6.1,0.8,10.3,70.95882353,254.5529412,15.9,20.3,150.1,193.6,103.2,60.1,8.9,14.27247956,13.9373297,13.93051771,16.05040872,24.30517711,34.18256131,288.0217984,290.972752,305.8978202,319.5490463,316.2152589,288.8964578,487.5762943,485.9918256,476.1103542,465.5776567,448.5517711,431.5435967,454.619891,233.9114441,172.1553134,122.5776567,96.49182561,79.87874659,224.3719346,223.0122616,217.9564033,214.866485,235.1716621,279.5762943,63.57629428,63.73978202,63.69209809,64.5599455,67.00953678,70.52179837,384.1839237,223.3501362,153.9768392,102.3841962,59.81743869,44.06811989
2007,SDCA,87.6,78,34.5,0.3,202.8,79.76470588,65.05882353,7.71,18.34,21.84,24.63,22.88,17.86176471,10.54176471,8,11,9,1,11,8,8.588235294,5,6,3,0,8,7,5.294117647,328.6,50.7,9.1,1.1,1.1,66.49411765,251.7588235,9.8,50.8,114.4,196.4,142,58.7,9.1,14.27247956,13.9373297,13.93051771,16.05040872,24.30517711,34.18256131,288.0217984,290.972752,305.8978202,319.5490463,316.2152589,288.8964578,487.5762943,485.9918256,476.1103542,465.5776567,448.5517711,431.5435967,454.619891,233.9114441,172.1553134,122.5776567,96.49182561,79.87874659,224.3719346,223.0122616,217.9564033,214.866485,235.1716621,279.5762943,63.57629428,63.73978202,63.69209809,64.5599455,67.00953678,70.52179837,384.1839237,223.3501362,153.9768392,102.3841962,59.81743869,44.06811989
2008,SDCA,55.1,131.2,165.6,118.1,17.3,97.61764706,65.22352941,6.26,13.81,20.43,23.73,21.99,17.44647059,10.80058824,4,14,12,11,3,8,6.529411765,3,10,6,6,2,6,4.470588235,362.3,142.2,3.1,0.3,1.2,71.08235294,246.4470588,0,2,66,167.6,114.6,33.3,6.188235294,14.27247956,13.9373297,13.93051771,16.05040872,24.30517711,34.18256131,288.0217984,290.972752,305.8978202,319.5490463,316.2152589,288.8964578,487.5762943,485.9918256,476.1103542,465.5776567,448.5517711,431.5435967,454.619891,233.9114441,172.1553134,122.5776567,96.49182561,79.87874659,224.3719346,223.0122616,217.9564033,214.866485,235.1716621,279.5762943,63.57629428,63.73978202,63.69209809,64.5599455,67.00953678,70.52179837,384.1839237,223.3501362,153.9768392,102.3841962,59.81743869,44.06811989
2000,ILPO,73.1,68.4,106.8,131.2,51.3,124.5941176,67.42941176,10.04,17.46,20.78,22.07,22.86,17.59117647,10.89529412,9,12,15,7,10,6,7,7,7,9,5,7,6,4.058823529,241.7,66.1,15.8,1.4,0,66.47647059,235.0529412,0,39.2,89.2,117.2,140.3,71.7,5.717647059,14.27247956,13.9373297,13.93051771,16.05040872,24.30517711,34.18256131,288.0217984,290.972752,305.8978202,319.5490463,316.2152589,288.8964578,487.5762943,485.9918256,476.1103542,465.5776567,448.5517711,431.5435967,454.619891,233.9114441,172.1553134,122.5776567,96.49182561,79.87874659,224.3719346,223.0122616,217.9564033,214.866485,235.1716621,279.5762943,63.57629428,63.73978202,63.69209809,64.5599455,67.00953678,70.52179837,384.1839237,223.3501362,153.9768392,102.3841962,59.81743869,44.06811989
2003,ILPO,53.8,125.8,51.8,122.7,32.8,119.6647059,69.58823529,11.14,15.38,19.39,22.85,23.4,17.08352941,11.03352941,8,12,12,9,8,6,7.235294118,5,10,6,8,3,6,4.235294118,223.3,98.3,34.8,0.6,0,74.13529412,228.4,7.5,6.7,66.4,140.8,157,39.9,4.523529412,14.27247956,13.9373297,13.93051771,16.05040872,24.30517711,34.18256131,288.0217984,290.972752,305.8978202,319.5490463,316.2152589,288.8964578,487.5762943,485.9918256,476.1103542,465.5776567,448.5517711,431.5435967,454.619891,233.9114441,172.1553134,122.5776567,96.49182561,79.87874659,224.3719346,223.0122616,217.9564033,214.866485,235.1716621,279.5762943,63.57629428,63.73978202,63.69209809,64.5599455,67.00953678,70.52179837,384.1839237,223.3501362,153.9768392,102.3841962,59.81743869,44.06811989
2004,ILPO,60,146.5,57.1,84.6,122,92.96470588,105.1176471,11.3,17.98,20.55,22.08,19.68,18.13058824,10.61411765,3,14,7,9,12,2,9.176470588,3,10,4,6,8,1,5.588235294,226.3,70.5,15.6,2.2,26.4,49.81764706,238.1882353,15.3,59.5,82,115,68.3,68.1,5.117647059,14.27247956,13.9373297,13.93051771,16.05040872,24.30517711,34.18256131,288.0217984,290.972752,305.8978202,319.5490463,316.2152589,288.8964578,487.5762943,485.9918256,476.1103542,465.5776567,448.5517711,431.5435967,454.619891,233.9114441,172.1553134,122.5776567,96.49182561,79.87874659,224.3719346,223.0122616,217.9564033,214.866485,235.1716621,279.5762943,63.57629428,63.73978202,63.69209809,64.5599455,67.00953678,70.52179837,384.1839237,223.3501362,153.9768392,102.3841962,59.81743869,44.06811989
2008,ILPO,55,66.9,76.5,99.9,19.2,117.7294118,82.11176471,10.6,13.87,22.29,22.95,21.94,17.15529412,10.77058824,9,9,10,9,5,10,7.294117647,6,7,6,7,3,10,4.470588235,230.1,128.6,0.9,1.1,0.8,73.17058824,227.1411765,6.7,3.6,115.8,135.1,108.9,50.5,4.570588235,14.27247956,13.9373297,13.93051771,16.05040872,24.30517711,34.18256131,288.0217984,290.972752,305.8978202,319.5490463,316.2152589,288.8964578,487.5762943,485.9918256,476.1103542,465.5776567,448.5517711,431.5435967,454.619891,233.9114441,172.1553134,122.5776567,96.49182561,79.87874659,224.3719346,223.0122616,217.9564033,214.866485,235.1716621,279.5762943,63.57629428,63.73978202,63.69209809,64.5599455,67.00953678,70.52179837,384.1839237,223.3501362,153.9768392,102.3841962,59.81743869,44.06811989
2000,ILHA,78.4,93.1,233.8,63.6,79.3,65.5,65.10588235,12.93,20.61,23.69,24.04647059,25.88,19.22588235,11.71117647,8,11,13,7,12,8,3,5,9,9,4,10,7,4.411764706,158.7,14.2,4.5,0.817647059,0,44.57058824,190.3823529,1.9,80,165.2,175.0764706,219.1,79.35882353,28.5,14.27247956,13.9373297,13.93051771,16.05040872,24.30517711,34.18256131,288.0217984,290.972752,305.8978202,319.5490463,316.2152589,288.8964578,487.5762943,485.9918256,476.1103542,465.5776567,448.5517711,431.5435967,454.619891,233.9114441,172.1553134,122.5776567,96.49182561,79.87874659,224.3719346,223.0122616,217.9564033,214.866485,235.1716621,279.5762943,63.57629428,63.73978202,63.69209809,64.5599455,67.00953678,70.52179837,384.1839237,223.3501362,153.9768392,102.3841962,59.81743869,44.06811989
2001,ILHA,63.9,94.1,23.8,101.1,122.4,70.3,51.54117647,13.12705882,20.29,23.12,25.75,24.11058824,20.13,11.15529412,7,11,7,12,10,4,8,3,7,3,8,7,4,8,164.5705882,17.8,5,0,1.341176471,37.3,207.3058824,12.16470588,78.4,143.7,215.4,177.0352941,86.4,7.2,14.27247956,13.9373297,13.93051771,16.05040872,24.30517711,34.18256131,288.0217984,290.972752,305.8978202,319.5490463,316.2152589,288.8964578,487.5762943,485.9918256,476.1103542,465.5776567,448.5517711,431.5435967,454.619891,233.9114441,172.1553134,122.5776567,96.49182561,79.87874659,224.3719346,223.0122616,217.9564033,214.866485,235.1716621,279.5762943,63.57629428,63.73978202,63.69209809,64.5599455,67.00953678,70.52179837,384.1839237,223.3501362,153.9768392,102.3841962,59.81743869,44.06811989
2004,ILHA,83.81764706,159.5,12.3,133.9,57.2,2,100.5235294,12.35294118,21.35,22.51,23.63,22.5,21.17,11.18764706,7.470588235,13,4,8,5,1,10,5.117647059,11,2,8,3,0,8,188.9411765,21.1,0,0,6.4,6.9,200.2647059,13.66470588,102.6,104.7,158.8,135.7,86.4,16.1,14.27247956,13.9373297,13.93051771,16.05040872,24.30517711,34.18256131,288.0217984,290.972752,305.8978202,319.5490463,316.2152589,288.8964578,487.5762943,485.9918256,476.1103542,465.5776567,448.5517711,431.5435967,454.619891,233.9114441,172.1553134,122.5776567,96.49182561,79.87874659,224.3719346,223.0122616,217.9564033,214.866485,235.1716621,279.5762943,63.57629428,63.73978202,63.69209809,64.5599455,67.00953678,70.52179837,384.1839237,223.3501362,153.9768392,102.3841962,59.81743869,44.06811989
2005,ILHA,80.8,54.9,87.1,81.1,106.1,72.2,12.2,15,17.8,22.79823529,25.29941176,26.8,22.74,14.56,10,4,6,7.823529412,4,6,1,9,2,6,5.882352941,4,4,1,93.2,72.7,7.652941176,0.441176471,0,47.60588235,143.6,6.6,56.4,136.0470588,211.5764706,246.5,69.32352941,26.7,14.27247956,13.9373297,13.93051771,16.05040872,24.30517711,34.18256131,288.0217984,290.972752,305.8978202,319.5490463,316.2152589,288.8964578,487.5762943,485.9918256,476.1103542,465.5776567,448.5517711,431.5435967,454.619891,233.9114441,172.1553134,122.5776567,96.49182561,79.87874659,224.3719346,223.0122616,217.9564033,214.866485,235.1716621,279.5762943,63.57629428,63.73978202,63.69209809,64.5599455,67.00953678,70.52179837,384.1839237,223.3501362,153.9768392,102.3841962,59.81743869,44.06811989
2007,ILHA,91.2,37.8,115.2,36.6,19.3,81.16470588,74.53529412,12.93,21.24,23.98,24.46,27.9,20.02705882,11.54,9,5,12,3,2,7,7.235294118,5,4,10,3,2,5,4.705882353,151.3,15.8,0,0,0,37.47647059,210.3294118,14.7,98.5,162.5,181.1,296.5,137.4,19.38823529,14.27247956,13.9373297,13.93051771,16.05040872,24.30517711,34.18256131,288.0217984,290.972752,305.8978202,319.5490463,316.2152589,288.8964578,487.5762943,485.9918256,476.1103542,465.5776567,448.5517711,431.5435967,454.619891,233.9114441,172.1553134,122.5776567,96.49182561,79.87874659,224.3719346,223.0122616,217.9564033,214.866485,235.1716621,279.5762943,63.57629428,63.73978202,63.69209809,64.5599455,67.00953678,70.52179837,384.1839237,223.3501362,153.9768392,102.3841962,59.81743869,44.06811989
2001,NEBY,39.5,318.1,79.5,215.3,37.6,92.94705882,80.48235294,10.70294118,16.04588235,20.56117647,23.24470588,21.63470588,18.03411765,11.29294118,10,12,8,10,7,7.352941176,7.823529412,5,11,6,9,4,5,5.647058824,232.2941176,105.0352941,22.96470588,4.652941176,18.64705882,55.86470588,234.3941176,8.788235294,35.97647059,89.98235294,156.1,116.9117647,57.77058824,7.541176471,4,3,3,4,4,7,344,339,348,354,359,327,528,535,528,531,523,547,292,195,147,95,68,54,128,126,124,116,119,126,61,60,63,69,74,76,268,184,119,70,32,24
2002,NEBY,63.1,83.3,65.3,27.2,49.6,63.5,155.5,12.56117647,17.03352941,22.82823529,25.21352941,23.93705882,18.20294118,11.53941176,7,10,7,2,9,3,14,5,6,4,2,7,2,6,186.0058824,87.08235294,7.605882353,1,2.688235294,63.39411765,209.3176471,15.25882353,47.41176471,140.3882353,212.1823529,190.1294118,74.70588235,9.211764706,4,3,3,4,4,7,344,339,348,354,359,327,528,535,528,531,523,547,292,195,147,95,68,54,128,126,124,116,119,126,61,60,63,69,74,76,268,184,119,70,32,24
2004,NEBY,26.2,139.8,132.6,77.5,55.3,71.3,12.7,9.837058824,15.52176471,20.45058824,23.32764706,22.37764706,18.08294118,10.78705882,7,12,11,15,6,5,4,4,7,7,10,4,3,1,251.2117647,114.7764706,20.60588235,3.164705882,8.735294118,65.15294118,235.4941176,2.341176471,28.60588235,84.04705882,155.9294118,134.8941176,54.81764706,9.370588235,4,3,3,4,4,7,344,339,348,354,359,327,528,535,528,531,523,547,292,195,147,95,68,54,128,126,124,116,119,126,61,60,63,69,74,76,268,184,119,70,32,24
2005,NESH,110.3,64.8,113.8,39.1,34.8,15.8,33.8,10.50235294,15.52470588,20.82,24.31529412,23.80176471,18.12,10.63294118,9,7,14,2,6,5,6,7,6,8,2,5,3,5,234.9941176,114.0235294,19.02941176,1.188235294,3.182352941,61.79411765,247.8235294,4.952941176,27.79411765,93.61764706,183.1647059,168.0294118,66.96470588,7.605882353,1,0,0,1,3,4,304,302,338,372,367,331,591,596,569,546,549,568,268,204,152,117,89,56,105,102,93,82,83,100,59,59,61,66,70,72,283,174,138,81,40,17
2006,NESH,78.4,44.4,107.6,53.3,118.3,164.2,22.6,11.11411765,15.64235294,22.59823529,24.52705882,23.58588235,17.99058824,11.05882353,10,4,6,7,10,8,10,9,2,4,5,8,4,3,219.7823529,113.8470588,5.835294118,0.717647059,2.564705882,68.61764706,245,5.694117647,31.24705882,133.2058824,188.4941176,156.3588235,71.41176471,9.947058824,1,0,0,1,3,4,304,302,338,372,367,331,591,596,569,546,549,568,268,204,152,117,89,56,105,102,93,82,83,100,59,59,61,66,70,72,283,174,138,81,40,17
2007,NESH,98.8,97.1,73.9,54.4,196.2,49.2,117.2,11.04705882,17.42882353,22.67529412,24.72823529,23.70058824,18.17705882,10.29705882,9,13,8,7,14,7,10,7,8,6,5,10,5,8,226.0470588,78.90588235,4.664705882,0.511764706,1.988235294,63.39411765,234.7529412,10.08235294,50.84117647,134.0941176,198.3823529,163.5941176,66.17058824,13.87058824,1,0,0,1,3,4,304,302,338,372,367,331,591,596,569,546,549,568,268,204,152,117,89,56,105,102,93,82,83,100,59,59,61,66,70,72,283,174,138,81,40,17
2008,NESH,89.7,207.4,163.8,78.9,43.7,54,170,9.799411765,16.11764706,21.17823529,23.42882353,22.84,18.74294118,11.63352941,10,13,11,8,5,10,9,7,10,9,8,5,8,6,256.4411765,102.2,12.22941176,2.694117647,6.094117647,51.90588235,199.2176471,4.323529412,34.21764706,97.23529412,159.6529412,145.1647059,54.34117647,7.523529412,1,0,0,1,3,4,304,302,338,372,367,331,591,596,569,546,549,568,268,204,152,117,89,56,105,102,93,82,83,100,59,59,61,66,70,72,283,174,138,81,40,17
2001,IAGE,80.2,231.6,127.6,193.7,52.5,162.3058824,60.03529412,9.48,15.38,19.74,23.07,21.85,17.18470588,10.88705882,12,17,11,15,9,9,6.529411765,9,14,6,10,5,6,4.176470588,259.3,109.3,39.6,3,6.9,72.15882353,225.1117647,1.4,22.7,74.8,134,103.8,39.82941176,2.511764706,10,9,9,11,16,29,315,309,325,326,323,296,455,460,451,452,387,401,362,212,163,103,67,37,230,231,224,222,290,303,66,65,66,65,67,71,257,220,129,102,33,16
2003,IAGE,66.6,133.2,111,131.6,31.7,107.7941176,64.6,8.7,13.83,19.35,22.03,23,17.13,10.15352941,8,11,8,7,5,6,5.647058824,7,8,7,7,3,3,4.117647059,295.9,146.2,24.9,0,0.8,75.09411765,239.7117647,7,6.7,51.3,98.8,142.3,25.8,2.482352941,10,9,9,11,16,29,315,309,325,326,323,296,455,460,451,452,387,401,362,212,163,103,67,37,230,231,224,222,290,303,66,65,66,65,67,71,257,220,129,102,33,16
2004,IAGE,61.7,204.3,71.7,82.1,95.5,88.47647059,75.77647059,9.64,14.55,19.4,20.59,18.29,17.32,10.14235294,5,14,9,9,8,5,8.411764706,5,12,7,7,4,5,5.176470588,255.2,128.4,25.5,14.1,46.6,65.63529412,251.9823529,3.1,11.1,55.4,79.1,43,47.7,2.629411765,10,9,9,11,16,29,315,309,325,326,323,296,455,460,451,452,387,401,362,212,163,103,67,37,230,231,224,222,290,303,66,65,66,65,67,71,257,220,129,102,33,16
2005,IAGE,108.3,115.2,255.8,109.2,118.4,96.65294118,63.12352941,10.76,13.51,22.16,23.23,21.16,17.43823529,11.01411765,10,15,17,7,7,9,6.176470588,6,8,13,6,6,6,3.882352941,206.3,138.2,3.3,3.1,8.6,70.11176471,224.5294118,3,4.4,110.2,145,92,55.6,3.929411765,10,9,9,11,16,29,315,309,325,326,323,296,455,460,451,452,387,401,362,212,163,103,67,37,230,231,224,222,290,303,66,65,66,65,67,71,257,220,129,102,33,16
2006,IAGE,85.17647059,121.4411765,125.8529412,117.6588235,115.0588235,102.2117647,51.9,8.007058824,14.72352941,20.48529412,22.76705882,21.23647059,18.36823529,11.66470588,8.941176471,11.88235294,10.70588235,8.411764706,9.235294118,8.529411765,6.235294118,6.352941176,8.235294118,7.529411765,5.882352941,6.117647059,5.823529412,4.235294118,309.6823529,126.7176471,14.43529412,2.247058824,9.370588235,61.14705882,208.7294118,4.358823529,17.04117647,77.19411765,134.5117647,94.60588235,38.85882353,18.52941176,10,9,9,11,16,29,315,309,325,326,323,296,455,460,451,452,387,401,362,212,163,103,67,37,230,231,224,222,290,303,66,65,66,65,67,71,257,220,129,102,33,16
2007,IAGE,116.1,105.1,94.7,167.7,267.4,73.75882353,88.96470588,6.64,17.71,21.07,22.79,22.63,17.94235294,10.2,7,9,8,5,14,7,9.058823529,7,6,6,4,11,6,5.411764706,354.3,64.7,3.6,0.3,0,61.44705882,229.8058824,3.4,45.6,85.7,134,133.3,45.3,4.441176471,10,9,9,11,16,29,315,309,325,326,323,296,455,460,451,452,387,401,362,212,163,103,67,37,230,231,224,222,290,303,66,65,66,65,67,71,257,220,129,102,33,16
2008,IAGE,230.1,142.6,258.9,94,54.7,132.9470588,50.45882353,6.83,13.72,20.2,22.86,20.85,17.40176471,10.31764706,15,10,14,8,8,12,6.705882353,10,9,10,5,5,5,4.117647059,333.7,144.5,4.5,0,5,71.53529412,234.1352941,0,6.1,60.6,140.3,83.2,28.6,3.3,10,9,9,11,16,29,315,309,325,326,323,296,455,460,451,452,387,401,362,212,163,103,67,37,230,231,224,222,290,303,66,65,66,65,67,71,257,220,129,102,33,16
2001,IAMD,141.4,177.3,99.5,82.3,87,111.8705882,73.97647059,13.35,17.59,20.54,24.77,23.86,19.12529412,11.4,15,18,12,9,9,9,9,10,12,10,6,6,7,5.882352941,150.4,63.5,28.6,0,0,43.55882353,211.5823529,4,40.6,88.4,199.5,171.3,37.6,11.41764706,14.27247956,13.9373297,13.93051771,16.05040872,24.30517711,34.18256131,288.0217984,290.972752,305.8978202,319.5490463,316.2152589,288.8964578,487.5762943,485.9918256,476.1103542,465.5776567,448.5517711,431.5435967,454.619891,233.9114441,172.1553134,122.5776567,96.49182561,79.87874659,224.3719346,223.0122616,217.9564033,214.866485,235.1716621,279.5762943,63.57629428,63.73978202,63.69209809,64.5599455,67.00953678,70.52179837,384.1839237,223.3501362,153.9768392,102.3841962,59.81743869,44.06811989
2002,IAMD,116.4,149.2,141.7,110.2,154,100.6352941,91.05294118,10.82,14.7,23.6,25.64,23.8,18.72529412,11.15764706,9,13,8,7,10,5,9.529411765,7,10,4,5,5,3,6.294117647,226.1,123.2,2.8,0,0,48.30588235,214.3941176,20.9,14.2,160.8,218.3,163.9,84.8,9.758823529,14.27247956,13.9373297,13.93051771,16.05040872,24.30517711,34.18256131,288.0217984,290.972752,305.8978202,319.5490463,316.2152589,288.8964578,487.5762943,485.9918256,476.1103542,465.5776567,448.5517711,431.5435967,454.619891,233.9114441,172.1553134,122.5776567,96.49182561,79.87874659,224.3719346,223.0122616,217.9564033,214.866485,235.1716621,279.5762943,63.57629428,63.73978202,63.69209809,64.5599455,67.00953678,70.52179837,384.1839237,223.3501362,153.9768392,102.3841962,59.81743869,44.06811989
2003,IAMD,84.5,133.1,89.6,96.5,20.5,129.1058824,64.50588235,11.02,16.1,20.64,23.83,25.01,17.11588235,10.91176471,9,11,9,7,8,8,5.235294118,8,7,4,5,2,6,3.882352941,228.2,81.1,20,0,0,76.45294118,219.5588235,8.7,12,89.3,162.5,207.1,35.3,2.676470588,14.27247956,13.9373297,13.93051771,16.05040872,24.30517711,34.18256131,288.0217984,290.972752,305.8978202,319.5490463,316.2152589,288.8964578,487.5762943,485.9918256,476.1103542,465.5776567,448.5517711,431.5435967,454.619891,233.9114441,172.1553134,122.5776567,96.49182561,79.87874659,224.3719346,223.0122616,217.9564033,214.866485,235.1716621,279.5762943,63.57629428,63.73978202,63.69209809,64.5599455,67.00953678,70.52179837,384.1839237,223.3501362,153.9768392,102.3841962,59.81743869,44.06811989
2004,IAMD,43.4,111.4,67.1,86.7,146.8,78.12941176,80.52352941,12.13,18.06,21.47,22.73,20.25,17.87470588,11.37705882,3,14,7,11,13,2,8.705882353,3,11,4,7,11,2,5.705882353,196.5,66.4,6.1,0.3,14.7,58.17647059,223.5117647,10.3,58,100.1,136.5,74.1,67.9,6.382352941,14.27247956,13.9373297,13.93051771,16.05040872,24.30517711,34.18256131,288.0217984,290.972752,305.8978202,319.5490463,316.2152589,288.8964578,487.5762943,485.9918256,476.1103542,465.5776567,448.5517711,431.5435967,454.619891,233.9114441,172.1553134,122.5776567,96.49182561,79.87874659,224.3719346,223.0122616,217.9564033,214.866485,235.1716621,279.5762943,63.57629428,63.73978202,63.69209809,64.5599455,67.00953678,70.52179837,384.1839237,223.3501362,153.9768392,102.3841962,59.81743869,44.06811989
2005,IAMD,82.3,72.5,46,51.6,79,78.98235294,45.04705882,13.39,15.61,24.07,24.65,23.98,18.43352941,11.37588235,7,8,7,7,9,9,5.529411765,6,5,3,3,6,8,3.352941176,157.7,106.5,0,0,0,55.15294118,209.3941176,9.4,22.3,172.2,183.8,175.1,109.8,7.064705882,14.27247956,13.9373297,13.93051771,16.05040872,24.30517711,34.18256131,288.0217984,290.972752,305.8978202,319.5490463,316.2152589,288.8964578,487.5762943,485.9918256,476.1103542,465.5776567,448.5517711,431.5435967,454.619891,233.9114441,172.1553134,122.5776567,96.49182561,79.87874659,224.3719346,223.0122616,217.9564033,214.866485,235.1716621,279.5762943,63.57629428,63.73978202,63.69209809,64.5599455,67.00953678,70.52179837,384.1839237,223.3501362,153.9768392,102.3841962,59.81743869,44.06811989
2007,IAMD,105.7058824,135.4588235,105.8882353,109.5411765,104.8470588,85.00588235,61.99411765,9.898235294,15.58352941,21.13470588,23.59882353,22.01176471,16.79294118,11.66470588,9.411764706,12.35294118,10.58823529,9.823529412,10.17647059,9.058823529,6.823529412,6.941176471,7.764705882,6.235294118,6.411764706,7.235294118,5.823529412,4.235294118,254.9117647,109.7058824,10.38823529,0.441176471,5.741176471,78.74117647,208.7294118,5.652941176,25.33529412,93.93529412,161.4941176,119.1529412,43.52941176,3.264705882,14.27247956,13.9373297,13.93051771,16.05040872,24.30517711,34.18256131,288.0217984,290.972752,305.8978202,319.5490463,316.2152589,288.8964578,487.5762943,485.9918256,476.1103542,465.5776567,448.5517711,431.5435967,454.619891,233.9114441,172.1553134,122.5776567,96.49182561,79.87874659,224.3719346,223.0122616,217.9564033,214.866485,235.1716621,279.5762943,63.57629428,63.73978202,63.69209809,64.5599455,67.00953678,70.52179837,384.1839237,223.3501362,153.9768392,102.3841962,59.81743869,44.06811989
2008,IAMD,139.5,98.9,178.7,144.6,86.8,222.5,73,10.3,15.26,21.26294118,22.99058824,22.30941176,19.74,11.89,16,11,11,13,6,11,7,10,11,9,9,5,9,4,243,102.1,11.65294118,1.558823529,2.352941176,19.2,205,2,7.8,97.86470588,142.1411765,121.5882353,57.3,5.3,14.27247956,13.9373297,13.93051771,16.05040872,24.30517711,34.18256131,288.0217984,290.972752,305.8978202,319.5490463,316.2152589,288.8964578,487.5762943,485.9918256,476.1103542,465.5776567,448.5517711,431.5435967,454.619891,233.9114441,172.1553134,122.5776567,96.49182561,79.87874659,224.3719346,223.0122616,217.9564033,214.866485,235.1716621,279.5762943,63.57629428,63.73978202,63.69209809,64.5599455,67.00953678,70.52179837,384.1839237,223.3501362,153.9768392,102.3841962,59.81743869,44.06811989
2008,ONDR,39.9,76.4,78.2,122.3,110.5,76.53529412,60.05882353,7.88,9.91,18,19.64,17.68,16.99411765,10.09,8,15,17,13,9,9,8.176470588,4,6,6,8,5,7,4.941176471,313.7,262.1,51.4,12.5,43.2,76.79411765,263.8764706,0,1,41.4,53.1,22.8,5.5,5.494117647,58,66,65,74,99,129,278,300,328,364,375,344,494,477,458,432,410,382,610,262,176,110,162,171,227,222,213,205,216,274,71,71,71,74,75,76,724,293,148,53,58,27
2003,INRO,137.2,139.2,127.9,127.5,73.3,181.1,110.5,10.39235294,14.95411765,21.03764706,23.23705882,21.88941176,18.66,11.13176471,10,13,4,3,9,9,6,8,12,4,3,6,6,6,235.4352941,125.1176471,13.22941176,2.941176471,5.564705882,52.87647059,222.3235294,3.8,18.38823529,91.74117647,153.8647059,119.1941176,43.36470588,9.141176471,14.27247956,13.9373297,13.93051771,16.05040872,24.30517711,34.18256131,288.0217984,290.972752,305.8978202,319.5490463,316.2152589,288.8964578,487.5762943,485.9918256,476.1103542,465.5776567,448.5517711,431.5435967,454.619891,233.9114441,172.1553134,122.5776567,96.49182561,79.87874659,224.3719346,223.0122616,217.9564033,214.866485,235.1716621,279.5762943,63.57629428,63.73978202,63.69209809,64.5599455,67.00953678,70.52179837,384.1839237,223.3501362,153.9768392,102.3841962,59.81743869,44.06811989
2001,IAWL,99.1,179.1,110,51.6,89.1,87.24705882,75.85882353,11.95,16.75,19.93,24.08,23.02,17.97411765,10.89117647,12,19,11,9,7,9,8.823529412,11,14,8,6,5,6,6.058823529,197.9,80.8,39.2,0,1.9,49.92941176,223.1588235,6.4,31.9,87,178.1,147.3,21,6.076470588,31,33,34,36,46,49,366,367,376,422,434,350,558,558,549,508,493,542,385,215,123,80,66,50,76,75,75,70,73,108,63,62,63,62,61,65,284,189,98,75,54,43
2002,IAWL,118.3,101.3,68.7,38.4,124.5882353,85.1,157.9,9.48,13.99,22.43,24.46705882,22.12411765,16.83411765,7.56,13,8,10,4,8.764705882,6.294117647,12,11,6,7,3,6.176470588,4.235294118,9,271.3,151.8,6.4,0.458823529,4.158823529,80.83529412,301.6,14.5,17.2,129.4,187.4117647,119.9294118,52.43529412,0,31,33,34,36,46,49,366,367,376,422,434,350,558,558,549,508,493,542,385,215,123,80,66,50,76,75,75,70,73,108,63,62,63,62,61,65,284,189,98,75,54,43
2003,IAWL,63.3,55.9,135.4,118.6,16.4,98.7,53.01764706,9.85,14.37,20.37117647,22.07,22.67,16.15,10.74294118,7,10,13,10,6,6,6.117647059,5,6,12,6,2,6,3.647058824,251.6,119.1,19.7,0.8,0,95.9,228.1411765,5.7,8,77.71176471,105.4,130.2,30.4,2.2,31,33,34,36,46,49,366,367,376,422,434,350,558,558,549,508,493,542,385,215,123,80,66,50,76,75,75,70,73,108,63,62,63,62,61,65,284,189,98,75,54,43
2005,IAWL,100.2764706,92.85882353,99.40588235,96.1,101.5529412,83.24705882,70.79411765,10.39,15.61941176,21.67058824,23.76176471,23.04823529,18.13470588,11.66470588,9.764705882,10.41176471,9.588235294,7.294117647,8.470588235,7.588235294,7.058823529,7.294117647,6.352941176,6.470588235,4.941176471,5.588235294,5.235294118,4.647058824,238.2470588,107.9411765,9.064705882,0.6,1.029411765,66.18823529,208.7294118,7.270588235,25.99411765,107.5411765,165.6235294,146.1411765,50.18823529,6.370588235,31,33,34,36,46,49,366,367,376,422,434,350,558,558,549,508,493,542,385,215,123,80,66,50,76,75,75,70,73,108,63,62,63,62,61,65,284,189,98,75,54,43
2004,SCBA,23.4,56.7,205.9,82.7,146.8,101.8235294,60.28823529,17.24,23.68,26.12,26.9,25.49,20.75470588,12.26411765,7,8,17,19,9,11,7.235294118,2,5,13,5,7,5,4.764705882,69,7.1,0,0,0,26.20588235,180.4176471,36.3,167.6,233.6,265.7,200.4,149,26.09411765,15,14,14,14,12,12,231,213,250,324,337,284,207,190,186,175,171,150,365,70,81,33,24,45,562,596,564,501,492,566,53,54,54,53,52,51,403,151,121,47,33,19
2006,MSRF,37.6,46,62,26.1,40,88.70588235,51.80588235,21.36,22.75,26.47,28.61,29.32,20.84529412,12.36647059,6,6,2,8,6,6,6.411764706,4,4,1,5,3,5,3.823529412,19.9,4.7,0,0,0,29.24117647,175.4,110.8,142.5,219.8,318.7,340.5,163,30.91176471,14.27247956,13.9373297,13.93051771,16.05040872,24.30517711,34.18256131,288.0217984,290.972752,305.8978202,319.5490463,316.2152589,288.8964578,487.5762943,485.9918256,476.1103542,465.5776567,448.5517711,431.5435967,454.619891,233.9114441,172.1553134,122.5776567,96.49182561,79.87874659,224.3719346,223.0122616,217.9564033,214.866485,235.1716621,279.5762943,63.57629428,63.73978202,63.69209809,64.5599455,67.00953678,70.52179837,384.1839237,223.3501362,153.9768392,102.3841962,59.81743869,44.06811989
2007,MSRF,116.5,65.1,30,310.9,34.3,119.3,77.82352941,16.88,23.49,27.26,26.5,29.72,21.20352941,12.37235294,8,5,7,20,2,12,7.882352941,7,3,3,12,2,7,4.941176471,80.2,2.2,0,0,0,21.1,187.4764706,37.3,162,249.9,236.9,341.7,210.5,35.19411765,14.27247956,13.9373297,13.93051771,16.05040872,24.30517711,34.18256131,288.0217984,290.972752,305.8978202,319.5490463,316.2152589,288.8964578,487.5762943,485.9918256,476.1103542,465.5776567,448.5517711,431.5435967,454.619891,233.9114441,172.1553134,122.5776567,96.49182561,79.87874659,224.3719346,223.0122616,217.9564033,214.866485,235.1716621,279.5762943,63.57629428,63.73978202,63.69209809,64.5599455,67.00953678,70.52179837,384.1839237,223.3501362,153.9768392,102.3841962,59.81743869,44.06811989
2004,SCFL,65.6,75,57.2,130.6,96.24705882,82.29411765,54.1,17.53,23.89,26.23,27.12,26.06764706,20.06764706,12.26411765,8,6,11,16,14,6.882352941,6.941176471,4,5,6,11,11,4.352941176,4.529411765,66.4,7.5,0,0,0.076470588,34.14117647,175.4,42.3,179.7,237,272.4,209,111.6588235,23.55294118,14.27247956,13.9373297,13.93051771,16.05040872,24.30517711,34.18256131,288.0217984,290.972752,305.8978202,319.5490463,316.2152589,288.8964578,487.5762943,485.9918256,476.1103542,465.5776567,448.5517711,431.5435967,454.619891,233.9114441,172.1553134,122.5776567,96.49182561,79.87874659,224.3719346,223.0122616,217.9564033,214.866485,235.1716621,279.5762943,63.57629428,63.73978202,63.69209809,64.5599455,67.00953678,70.52179837,384.1839237,223.3501362,153.9768392,102.3841962,59.81743869,44.06811989
2000,IAFO,32.3,120.5,73.1,89.2,72.8,92.32352941,67.46470588,8.19,16.21,19.22,22.04,21.56,17.01588235,10.05588235,8,13,12,8,8,4,6.235294118,3,9,4,6,6,2,4.117647059,304.2,93.4,34.3,11.7,5.9,79.95294118,244.0470588,0,27.6,60.9,126.5,106,41.9,2.629411765,21,20,20,23,37,50,326,320,340,321,277,288,415,419,411,420,438,469,362,274,224,127,71,68,259,261,249,260,285,243,65,65,65,68,76,79,400,281,184,101,40,21
2001,IAFO,166.6,121.3,69.3,81.4,33.1,99.81176471,81.08823529,9.51,14.95,20.49,23.67,21.7,17.49294118,10.97235294,15,15,7,9,9,6,8.117647059,9,8,7,4,5,4,5,269.5,117.7,28.7,0.6,10.3,70.31764706,228.5529412,5,20.2,93.3,165.9,114.6,18.1,2.270588235,21,20,20,23,37,50,326,320,340,321,277,288,415,419,411,420,438,469,362,274,224,127,71,68,259,261,249,260,285,243,65,65,65,68,76,79,400,281,184,101,40,21
2002,IAFO,72,66.8,83.7,71.6,157.5,85.00588235,69,8.71,13.27,22.55,24.9,21.07,17.15352941,10.42117647,9,9,10,11,11,10,7.764705882,5,5,4,7,8,6,4.941176471,295.9,181.7,14.3,0.8,7.5,73.51764706,222.0058824,7.3,24.8,140.8,198.6,92.3,56,4.435294118,21,20,20,23,37,50,326,320,340,321,277,288,415,419,411,420,438,469,362,274,224,127,71,68,259,261,249,260,285,243,65,65,65,68,76,79,400,281,184,101,40,21
2003,IAFO,38.4,106.3,147.6,93.3,52.22941176,36.4,76.49411765,8.87,13.5,19.49,22.27,22.06941176,15.48,10.59823529,9,13,13,7,6.176470588,6,4,5,7,13,5,4,4,2,285.3,153.7,25.9,1.1,2.964705882,110.7,229.0294118,8.1,3.9,60.6,123,110.4588235,25,6.2,21,20,20,23,37,50,326,320,340,321,277,288,415,419,411,420,438,469,362,274,224,127,71,68,259,261,249,260,285,243,65,65,65,68,76,79,400,281,184,101,40,21
2004,IAFO,62,153.5,51,155,35.1,130.1882353,72.58823529,9.58,14.63,18.58,20.93,18.52,17.26529412,10.17882353,4,15,9,9,7,10,6.294117647,4,11,6,7,4,8,4.470588235,268.6,116.7,36.8,12,46.5,72.81764706,247.6764706,6.1,13.6,44.1,92.7,52.3,63,3.135294118,21,20,20,23,37,50,326,320,340,321,277,288,415,419,411,420,438,469,362,274,224,127,71,68,259,261,249,260,285,243,65,65,65,68,76,79,400,281,184,101,40,21
2007,IAFO,59.3,97.1,47.7,81.3,253.2,65.71764706,102.6411765,7.32,17.81,21.28,23.2,22.15,18.30705882,10.13411765,9,10,6,4,14,10,8.470588235,5,6,5,3,9,7,5.764705882,340.6,59.7,8.6,0.6,0.5,57.82352941,234.5882353,10.3,43.4,97.1,151.3,119,50.8,6.335294118,21,20,20,23,37,50,326,320,340,321,277,288,415,419,411,420,438,469,362,274,224,127,71,68,259,261,249,260,285,243,65,65,65,68,76,79,400,281,184,101,40,21
2008,IAFO,72.2,103.4,105.5,112.1,31.1,103.5705882,61.38823529,6.51,13.56,20.08,23.01,20.76,17.16058824,10.85529412,7,10,15,9,7,10,5.764705882,5,6,10,6,4,5,4.058823529,354.6,155.6,3.1,0.6,5.8,75.69411765,233.6588235,0,7.5,55.3,145.5,81.1,23.7,3.235294118,21,20,20,23,37,50,326,320,340,321,277,288,415,419,411,420,438,469,362,274,224,127,71,68,259,261,249,260,285,243,65,65,65,68,76,79,400,281,184,101,40,21
2000,NEKE,28.5,68.1,92.2,85,23.8,62.99411765,38.64705882,9.22,16.8,20.24,23.8,24.87,18.38411765,11.72529412,5,7,6,14,9,6,5.823529412,3,4,3,5,3,6,3.411764706,273.3,77.8,22.8,0,0.8,59.60588235,231.2,0,30.4,79.9,169.6,203.6,77.5,9.694117647,14.27247956,13.9373297,13.93051771,16.05040872,24.30517711,34.18256131,288.0217984,290.972752,305.8978202,319.5490463,316.2152589,288.8964578,487.5762943,485.9918256,476.1103542,465.5776567,448.5517711,431.5435967,454.619891,233.9114441,172.1553134,122.5776567,96.49182561,79.87874659,224.3719346,223.0122616,217.9564033,214.866485,235.1716621,279.5762943,63.57629428,63.73978202,63.69209809,64.5599455,67.00953678,70.52179837,384.1839237,223.3501362,153.9768392,102.3841962,59.81743869,44.06811989
2001,NEKE,90.1,106.4,21.5,117.3,80.3,86.94705882,51.37647059,11.26,16.36,20.9,25.61,23.02,17.79529412,10.89647059,12,13,5,8,6,9,6.823529412,5,6,2,8,4,7,3.882352941,195.4,95.7,35.5,0,0.6,66.32941176,250.0411765,4.4,34.6,112.5,216.3,146,37.8,8.482352941,14.27247956,13.9373297,13.93051771,16.05040872,24.30517711,34.18256131,288.0217984,290.972752,305.8978202,319.5490463,316.2152589,288.8964578,487.5762943,485.9918256,476.1103542,465.5776567,448.5517711,431.5435967,454.619891,233.9114441,172.1553134,122.5776567,96.49182561,79.87874659,224.3719346,223.0122616,217.9564033,214.866485,235.1716621,279.5762943,63.57629428,63.73978202,63.69209809,64.5599455,67.00953678,70.52179837,384.1839237,223.3501362,153.9768392,102.3841962,59.81743869,44.06811989
2003,NEKE,102.3,116.5,83.5,8.5,14.5,80.67647059,61.74705882,10.66,14.33,19.84,24.8,24.38,18.59235294,10.59529412,12,11,11,4,3,7,6.294117647,7,9,8,2,2,5,4.294117647,239.5,133.5,27,0,1.1,56.12941176,247.3,9.5,9.4,72.3,200.6,188.7,26.9,9.482352941,14.27247956,13.9373297,13.93051771,16.05040872,24.30517711,34.18256131,288.0217984,290.972752,305.8978202,319.5490463,316.2152589,288.8964578,487.5762943,485.9918256,476.1103542,465.5776567,448.5517711,431.5435967,454.619891,233.9114441,172.1553134,122.5776567,96.49182561,79.87874659,224.3719346,223.0122616,217.9564033,214.866485,235.1716621,279.5762943,63.57629428,63.73978202,63.69209809,64.5599455,67.00953678,70.52179837,384.1839237,223.3501362,153.9768392,102.3841962,59.81743869,44.06811989
2004,NEKE,39.2,78.1,58.9,122.6,17.1,72.45294118,41.44117647,10.25,16.34,19.42,22.03,20.56,17.59058824,10.93411765,6,15,10,12,4,6,6.294117647,5,6,7,8,2,5,3.588235294,244.8,91,37.4,7.5,20.8,71.25882353,250.3470588,2.2,33.7,70,122,89.8,80.1,5.523529412,14.27247956,13.9373297,13.93051771,16.05040872,24.30517711,34.18256131,288.0217984,290.972752,305.8978202,319.5490463,316.2152589,288.8964578,487.5762943,485.9918256,476.1103542,465.5776567,448.5517711,431.5435967,454.619891,233.9114441,172.1553134,122.5776567,96.49182561,79.87874659,224.3719346,223.0122616,217.9564033,214.866485,235.1716621,279.5762943,63.57629428,63.73978202,63.69209809,64.5599455,67.00953678,70.52179837,384.1839237,223.3501362,153.9768392,102.3841962,59.81743869,44.06811989
2005,NEKE,26.2,91.7,157.8,21.4,95,78.24117647,50.03529412,9.88,15.2,21.84,24.55,23,18.56294118,11.33235294,5,7,13,3,10,2,6,3,5,7,2,8,1,3.705882353,250.8,127.8,8.1,5,1.1,53.18823529,235.7588235,0.6,30.5,113.2,197.7,145.7,93.6,11.07058824,14.27247956,13.9373297,13.93051771,16.05040872,24.30517711,34.18256131,288.0217984,290.972752,305.8978202,319.5490463,316.2152589,288.8964578,487.5762943,485.9918256,476.1103542,465.5776567,448.5517711,431.5435967,454.619891,233.9114441,172.1553134,122.5776567,96.49182561,79.87874659,224.3719346,223.0122616,217.9564033,214.866485,235.1716621,279.5762943,63.57629428,63.73978202,63.69209809,64.5599455,67.00953678,70.52179837,384.1839237,223.3501362,153.9768392,102.3841962,59.81743869,44.06811989
2006,NEKE,34.6,37.1,133.3,68.1,208,76.37647059,68.80588235,12.09,16.74,22.34,24.53,22.25,17.45294118,10.69705882,9,8,8,8,13,8,8.176470588,4,4,4,5,9,5,5.058823529,192.8,103.1,1.7,0,4.7,71.55882353,255.9588235,5.6,53.6,121.7,192,126.2,13.9,8.776470588,14.27247956,13.9373297,13.93051771,16.05040872,24.30517711,34.18256131,288.0217984,290.972752,305.8978202,319.5490463,316.2152589,288.8964578,487.5762943,485.9918256,476.1103542,465.5776567,448.5517711,431.5435967,454.619891,233.9114441,172.1553134,122.5776567,96.49182561,79.87874659,224.3719346,223.0122616,217.9564033,214.866485,235.1716621,279.5762943,63.57629428,63.73978202,63.69209809,64.5599455,67.00953678,70.52179837,384.1839237,223.3501362,153.9768392,102.3841962,59.81743869,44.06811989
2000,ILTH,43.4,106.1,126.5,23.8,61.9,84.68823529,87.29411765,9.12,18.27,20.93,21.92,23.02,17.71823529,10.71823529,7,11,13,6,11,8,9.117647059,5,11,7,4,7,7,5.941176471,276.5,39.6,13.1,1.1,0,66.25294118,231.7058824,0,34.5,90.9,112.3,141,62.8,6.347058824,16,15,16,18,22,45,286,291,280,324,321,334,589,588,595,560,545,389,322,215,152,81,55,40,124,121,126,117,134,277,62,62,62,63,68,77,384,244,175,107,48,36
2001,ILTH,52,71.3,84.2,73.1,126.7,86.91764706,89.27058824,12.7,17.54,20.07,23.65,22.88,17.88,10.87529412,13,11,9,7,8,6,8.470588235,5,10,8,4,6,5,5,179.9,74.4,39.5,4.4,4.2,59.24117647,219.5352941,10.9,49.8,82.8,161.7,145.1,32,11.84117647,16,15,16,18,22,45,286,291,280,324,321,334,589,588,595,560,545,389,322,215,152,81,55,40,124,121,126,117,134,277,62,62,62,63,68,77,384,244,175,107,48,36
2002,ILTH,104.5,73.4,90.8,53.8,134.4,82.62352941,97.42352941,10.11,13.27,22.08,24.85,22.6,17.31529412,10.65764706,8,13,10,6,9,7,9.235294118,5,8,9,6,6,5,5.764705882,255.7,150.1,16.1,0,1.7,72.40588235,249.5764706,18.4,11.8,128.4,195.4,129.2,59.9,8.423529412,16,15,16,18,22,45,286,291,280,324,321,334,589,588,595,560,545,389,322,215,152,81,55,40,124,121,126,117,134,277,62,62,62,63,68,77,384,244,175,107,48,36
2005,ILTH,81,50.5,70.4,206.7,62.2,125.2,58.83529412,13.2,16.14,24.74,24.56,23.94,19.40294118,11.75058824,9,5,8,9,8,8,6.470588235,8,5,5,9,7,6,4.176470588,142.6,82.8,2.2,0,0.3,40.26470588,185.3470588,12.2,22.1,179.5,187.1,163.6,110.1,12.01764706,16,15,16,18,22,45,286,291,280,324,321,334,589,588,595,560,545,389,322,215,152,81,55,40,124,121,126,117,134,277,62,62,62,63,68,77,384,244,175,107,48,36
2006,ILTH,151,76.9,43.3,212.9,110.8,114.7117647,90.32352941,13.1,16.74,22.97,25.57,23.61,19.47411765,10.63411765,10,12,5,11,13,7,8.176470588,8,11,5,10,8,6,5.411764706,151.5,98.6,7.5,0,0,35.2,232.2705882,1.7,45.4,141.1,224.5,163.7,42.9,12.47647059,16,15,16,18,22,45,286,291,280,324,321,334,589,588,595,560,545,389,322,215,152,81,55,40,124,121,126,117,134,277,62,62,62,63,68,77,384,244,175,107,48,36
2008,ILTH,95.5,136.6,160.8,197,26.9,156.1235294,67.26470588,10.82,14.49,23.96,24.38,22.38,17.71352941,10.32588235,11,11,15,11,6,9,6.411764706,7,11,8,8,5,8,4.705882353,232,115,0,0,0,62.62352941,226.1,6.5,4.4,152,181.3,125.5,68,6.717647059,16,15,16,18,22,45,286,291,280,324,321,334,589,588,595,560,545,389,322,215,152,81,55,40,124,121,126,117,134,277,62,62,62,63,68,77,384,244,175,107,48,36
2000,IAVN,110.5,83.4,197.6,123,48.4,113.7941176,53.79411765,10.52,17.06,19.87,22.1,22.44,17.11823529,11.02941176,7,13,15,9,8,9,6.294117647,5,11,12,6,6,5,4.235294118,234.3,68,19.7,2.1,1.4,78.23529412,223.6705882,0,27.1,65.7,105.9,128.6,78.1,5.447058824,14.27247956,13.9373297,13.93051771,16.05040872,24.30517711,34.18256131,288.0217984,290.972752,305.8978202,319.5490463,316.2152589,288.8964578,487.5762943,485.9918256,476.1103542,465.5776567,448.5517711,431.5435967,454.619891,233.9114441,172.1553134,122.5776567,96.49182561,79.87874659,224.3719346,223.0122616,217.9564033,214.866485,235.1716621,279.5762943,63.57629428,63.73978202,63.69209809,64.5599455,67.00953678,70.52179837,384.1839237,223.3501362,153.9768392,102.3841962,59.81743869,44.06811989
2001,OHDE,117.3,136.1,63.4,189.8,167.1,134.7,165.9,11.69705882,16.34176471,21.84941176,24.15058824,22.86294118,18.46705882,10.94529412,13,14,12,10,13,11,10,6,11,8,10,8,6,8,204.8941176,101.0823529,11.37058824,0.617647059,2.594117647,59.85294118,219.7,9.064705882,44.91764706,114.9588235,178.4058824,135.5117647,48.85294118,19.21764706,20,22,23,25,45,98,298,298,334,346,343,284,500,501,480,455,423,374,278,170,125,113,96,90,202,201,186,200,234,342,67,66,66,68,74,78,318,168,109,70,60,48
2002,OHDE,179.1,134.6,79.5,52.4,37.6,128.1,53.6,10.41294118,15.71294118,21.53529412,24.37705882,23.39352941,18.37235294,10.42117647,18,13,11,7,6,8,8,11,10,5,4,3,6,4,242.8882353,110.5058824,13.60588235,1.129411765,3.029411765,64.31176471,229.7647059,6.035294118,29.42941176,109.5235294,185.0117647,146.3411765,62.98823529,8.817647059,20,22,23,25,45,98,298,298,334,346,343,284,500,501,480,455,423,374,278,170,125,113,96,90,202,201,186,200,234,342,67,66,66,68,74,78,318,168,109,70,60,48
2003,OHDE,45.5,101.5,77.5,215.7,134.6,134.4,65.8,11.4,14.39764706,21.12588235,23.20941176,21.65941176,18.70470588,11.25,7,17,14,16,7,11,5,5,12,9,9,5,6,4,224.2588235,151.6470588,23.57647059,4.111764706,13.99411765,59.95882353,205.3411765,16.20588235,35.03529412,107.3941176,154.2411765,110.2705882,43.68823529,17.85882353,20,22,23,25,45,98,298,298,334,346,343,284,500,501,480,455,423,374,278,170,125,113,96,90,202,201,186,200,234,342,67,66,66,68,74,78,318,168,109,70,60,48
2005,OHDE,119.9,44.2,71.2,62.9,129.8,103.9,74.3,11.10294118,15.81,22.48588235,24.39294118,23.53941176,18.10294118,10.58058824,13,12,10,10,13,7,11,10,4,5,7,9,6,4,220.9058824,110.2176471,10.6,1.205882353,1.3,63.8,242.5411765,6.782352941,34.22352941,133.2705882,186.1588235,152.7058824,51.48823529,14.97647059,20,22,23,25,45,98,298,298,334,346,343,284,500,501,480,455,423,374,278,170,125,113,96,90,202,201,186,200,234,342,67,66,66,68,74,78,318,168,109,70,60,48
2000,GAMY,87.22352941,53.88235294,136.2,130.0882353,105.8117647,122.2058824,67.03529412,16.42117647,21.94529412,25.24117647,26.72117647,26.41882353,18.32411765,11.66470588,6.941176471,6.117647059,13,11.23529412,10.41176471,7.588235294,6.941176471,4.529411765,4.058823529,8.882352941,7.882352941,6.352941176,6.352941176,4.764705882,88.26470588,21.80588235,2.694117647,0.3,2.252941176,67.26470588,208.7294118,30.53529412,129.0882353,203.2941176,253.6588235,242.7647059,145.5588235,18.52941176,42,44,44,49,37,30,84,82,119,223,267,296,108,109,111,101,100,97,439,86,51,30,41,16,808,809,770,676,633,606,52,52,53,52,52,52,536,192,67,35,19,16
2002,GAMY,94.62352941,56.4,96.5,213,193.5,142,66.94705882,17.07352941,23.68,26.89,28.42,27.62,26.34,12.17647059,7.411764706,6,11,14,11,7,8,5.647058824,4,5,9,7,6,6,68.59411765,8,0,0,0,0,203.1176471,32.35882353,173.8,256.6,312.7,287.8,240.3,124.4,42,44,44,49,37,30,84,82,119,223,267,296,108,109,111,101,100,97,439,86,51,30,41,16,808,809,770,676,633,606,52,52,53,52,52,52,536,192,67,35,19,16
2003,GAMY,106.8,41.9,123.7,115.3,168.9,89.67058824,61.37058824,19.14,24.39,26.79,27.44,27.73,21.64941176,12.50647059,5,6,7,8,11,3,7.117647059,5,6,6,7,10,3,4.529411765,37.6,0,0,0,0,19.97058824,172.9235294,59.8,187.8,253.7,282.2,291.3,175.4,31.12941176,42,44,44,49,37,30,84,82,119,223,267,296,108,109,111,101,100,97,439,86,51,30,41,16,808,809,770,676,633,606,52,52,53,52,52,52,536,192,67,35,19,16
2004,GAMY,53.1,63,120,35.9,39.7,88.60588235,66.66470588,18.1,24.44,26.37,28.04,25.34,20.62823529,11.88705882,6,5,14,5,6,8,6.705882353,5,4,10,4,3,6,4.941176471,50.5,0,0,0,0,29.42352941,183.1647059,43.6,183.5,224,301,217.3,161.5,28.19411765,42,44,44,49,37,30,84,82,119,223,267,296,108,109,111,101,100,97,439,86,51,30,41,16,808,809,770,676,633,606,52,52,53,52,52,52,536,192,67,35,19,16
2005,GAMY,89.63529412,49.45294118,144.0235294,132.3470588,112.1470588,122.2058824,66.28235294,16.54823529,22.32352941,25.53647059,26.94176471,26.14058824,18.36823529,11.66470588,6.705882353,5.470588235,12.41176471,10.35294118,10.23529412,7.823529412,6.941176471,4.823529412,3.705882353,8.764705882,7.588235294,6.764705882,6.470588235,4.764705882,84.71764706,23.84705882,1.829411765,0,2.252941176,61.14705882,208.7294118,30.8,129.0058824,210.2764706,261.6235294,242.1529412,145.5588235,18.52941176,42,44,44,49,37,30,84,82,119,223,267,296,108,109,111,101,100,97,439,86,51,30,41,16,808,809,770,676,633,606,52,52,53,52,52,52,536,192,67,35,19,16
2002,INFR,73.48823529,109.2705882,108.8647059,122.8588235,124.7117647,80.26470588,89.11764706,11.81176471,15.91823529,21.29470588,23.07176471,21.94176471,19.07764706,10.70117647,8.705882353,10.70588235,10.23529412,10.23529412,9,7.235294118,8.941176471,6.470588235,8.117647059,6.941176471,7.647058824,6.941176471,5.058823529,5.764705882,198.0588235,104.6470588,12.27647059,1.605882353,7.017647059,37.40588235,217.5176471,9.035294118,29.98823529,98.51764706,144.5588235,116.1235294,51.02941176,10.72352941,9,9,9,11,19,22,222,224,270,285,307,366,317,317,301,288,289,367,928,294,209,79,41,41,461,459,429,426,404,268,62,62,63,63,73,77,414,275,201,94,72,82
2004,INFR,10.7,133.1,82.9,112.6,236.8,50.3,62,10.88,16.93764706,19.93058824,21.68058824,19.34,18.99,11.55,2,9,9,11,12,3,11,2,8,4,7,10,3,6,233,84.62352941,23.88235294,4.764705882,34,34.4,212.3,14.2,42.35294118,69.90588235,105.9529412,65.3,54.1,2,9,9,9,11,19,22,222,224,270,285,307,366,317,317,301,288,289,367,928,294,209,79,41,41,461,459,429,426,404,268,62,62,63,63,73,77,414,275,201,94,72,82
2005,INFR,42.3,23.6,92,94.4,124.1,101.5705882,73.85294118,11.28,14.58,22.48,23.17,22.49,17.92411765,10.91529412,8,7,11,10,9,10,6.411764706,5,3,7,9,6,7,3.882352941,214.8,128.8,11.7,2.8,3,57.90588235,233.9529412,3.1,12.6,136,152.6,127.7,77.5,7.847058824,9,9,9,11,19,22,222,224,270,285,307,366,317,317,301,288,289,367,928,294,209,79,41,41,461,459,429,426,404,268,62,62,63,63,73,77,414,275,201,94,72,82
2006,INFR,92.8,117.5,136.9,226.2,212,68.47647059,116.0117647,11.75,14.85,20.68,23.41,21.95,17.32294118,10.49941176,10,12,10,10,14,15,10.76470588,6,10,6,8,10,5,6.588235294,192.3,140.5,11.1,0.8,1.6,68,228.2941176,1.4,35.8,74.4,153.2,113.6,17.5,7.041176471,9,9,9,11,19,22,222,224,270,285,307,366,317,317,301,288,289,367,928,294,209,79,41,41,461,459,429,426,404,268,62,62,63,63,73,77,414,275,201,94,72,82
2001,ILAE,55.1,107.8,128.4,35.6,152.3,80.6,112.8,10.03352941,15.02882353,21.21294118,23.40882353,21.58764706,18.38058824,11.45941176,17,15,8,6,7,8,10,6,9,7,4,5,7,9,254.7823529,126.7529412,14.95294118,1.676470588,9.764705882,58.86470588,219.9705882,9.082352941,28.18823529,99.13529412,153.7176471,101.9823529,53.64117647,14.80588235,5,5,7,7,8,11,326,331,366,374,369,348,509,503,481,463,467,519,291,153,105,71,59,46,165,166,153,163,163,133,66,66,65,64,63,67,334,135,92,53,39,23
2004,ILAE,58.4,77.1,122.1,139.9,169.6,12.7,135.4,9.818823529,16.40352941,21.25294118,23.33058824,22.39705882,18.52176471,11.31117647,5,15,8,14,9,2,12,3,7,6,10,8,2,9,257.1529412,99.13529412,12.58823529,0.970588235,4.641176471,54.79411765,223.8823529,7.088235294,39.88235294,98.04117647,154.2411765,126.9235294,53.04117647,12.1,5,5,7,7,8,11,326,331,366,374,369,348,509,503,481,463,467,519,291,153,105,71,59,46,165,166,153,163,163,133,66,66,65,64,63,67,334,135,92,53,39,23
2005,ILAE,85.1,48.7,29.2,36.5,93.5,83.9,40.6,12.81058824,15.82764706,23.11823529,24.53705882,23.34588235,19.26294118,11.15529412,9,6,3,5,12,10,5,6,5,2,3,8,8,3,167.6941176,108.5,4.376470588,0.482352941,1.205882353,49.91176471,221.2941176,7.617647059,32.48823529,143.1176471,188.9176471,148.5705882,73.18235294,9.488235294,5,5,7,7,8,11,326,331,366,374,369,348,509,503,481,463,467,519,291,153,105,71,59,46,165,166,153,163,163,133,66,66,65,64,63,67,334,135,92,53,39,23
2003,MIAS,44.7,106.7,53.2,57.1,43.3,80.34705882,92.12941176,6.03,12.53,17.85,21.24,22.02,17.23352941,9.883529412,9,15,9,12,9,10,7.705882353,4,8,5,4,4,4,5.294117647,369.2,175.8,51.3,2.2,0.8,71.24117647,261.7470588,0,0.6,36.9,92.3,115.1,26.3,4.741176471,18,18,18,21,26,34,241,257,275,294,300,321,360,352,343,337,335,324,1067,413,410,442,524,465,399,391,382,369,365,355,66,67,68,70,72,75,475,340,297,310,288,283
2007,SDDA,77.1,88.6,55,0,125.9,88.68823529,59.06470588,7.72,17.78,21.05,24.1,22.73,18.16882353,10.54176471,9,13,8,0,15,9,8.882352941,6,8,4,0,12,6,5.117647059,326.6,57.9,13.4,1.7,1.1,68.71764706,243.3058824,8.3,40.8,94.7,180.5,137.5,59.2,8.670588235,3,3,3,11,16,12,380,393,386,372,362,384,435,426,430,451,447,388,263,191,139,110,68,48,186,181,184,177,190,228,67,68,69,72,77,79,287,204,146,83,44,30
2008,SDDA,72.2,160.2,129,59.7,59.2,77.42352941,58.79411765,5.97,13.05,20.11,23.11,21.38,17.50705882,9.824117647,5,15,12,7,4,15,6.411764706,4,9,9,5,3,7,4.470588235,370.9,164.7,4.2,1.7,1.4,69.20588235,264.6882353,0,1.1,57.5,149.9,95.8,33.8,6.811764706,3,3,3,11,16,12,380,393,386,372,362,384,435,426,430,451,447,388,263,191,139,110,68,48,186,181,184,177,190,228,67,68,69,72,77,79,287,204,146,83,44,30
2007,ILWC,75.2,67.2,104.4,61.3,56,94.9,91.78823529,11.78,20.5,23.58,23.98,28,19.67588235,11.24588235,8,11,12,6,7,7,7.823529412,7,8,8,5,4,5,5.352941176,210.6,18.6,0,0,0,36.92941176,212.1470588,14.1,85.7,157.4,175,299.6,129.4,12.82941176,7,7,7,7,7,16,210,229,264,320,316,328,726,710,680,633,635,569,271,158,98,84,67,46,64,61,56,47,49,104,59,60,56,54,54,57,299,117,73,48,26,18
2000,MNOL,76.25882353,101.9235294,144.4235294,90.12352941,102.0352941,99.93529412,49.11176471,8.400588235,13.22941176,19.95117647,22.78,20.73941176,17.35117647,10.43588235,9.294117647,10.41176471,12.64705882,8.411764706,8.352941176,7.705882353,6.352941176,6.470588235,7.470588235,9.235294118,5.823529412,5.823529412,4.882352941,3.941176471,296.5176471,170.5352941,27.14117647,3.205882353,14.34705882,73.37647059,252.0647059,2.935294118,14.61764706,74.74705882,137.3352941,87.22941176,38.51176471,8.776470588,26,27,27,29,35,46,343,344,353,357,332,335,432,430,428,420,425,422,382,274,241,158,167,143,225,226,218,223,242,243,69,70,70,73,77,78,385,327,260,145,82,58
2001,MNOL,76.25882353,101.9235294,144.4235294,90.12352941,99.79411765,99.93529412,49.11176471,8.400588235,13.29764706,20.01764706,22.74058824,20.73941176,17.35117647,10.43588235,9.294117647,10.41176471,12.64705882,8.411764706,8.294117647,7.705882353,6.352941176,6.470588235,7.470588235,9.235294118,5.823529412,5.823529412,4.882352941,3.941176471,296.5176471,167.5588235,25.96470588,3.429411765,14.34705882,73.37647059,252.0647059,2.935294118,14.28823529,75.57058824,136.7176471,87.22941176,38.79411765,8.776470588,26,27,27,29,35,46,343,344,353,357,332,335,432,430,428,420,425,422,382,274,241,158,167,143,225,226,218,223,242,243,69,70,70,73,77,78,385,327,260,145,82,58
2002,MNOL,57.8,61.2,129.4,93.9,137.7,116.5058824,72.00588235,6.47,11.33,21.81,23.85,19.99,17.33470588,10.18058824,9,5,12,9,6,4,6.941176471,8,5,12,7,4,3,4.176470588,360.7,217.2,13,1.7,18.4,74.9,259.9352941,4.7,5.6,113.3,172.8,69.7,55.7,8.788235294,26,27,27,29,35,46,343,344,353,357,332,335,432,430,428,420,425,422,382,274,241,158,167,143,225,226,218,223,242,243,69,70,70,73,77,78,385,327,260,145,82,58
2003,MNOL,39.4,94.4,87.4,64.8,16.8,86.92352941,69.02352941,9.04,13.75,19.06,21.68,21.72,17.28411765,10.03058824,3,11,11,11,4,6,7.294117647,3,9,5,6,2,5,4.352941176,272.4,149.4,30.8,1.4,10.2,71.18823529,258.3529412,3.1,10.9,52.7,105,113.6,32,7.170588235,26,27,27,29,35,46,343,344,353,357,332,335,432,430,428,420,425,422,382,274,241,158,167,143,225,226,218,223,242,243,69,70,70,73,77,78,385,327,260,145,82,58
2006,MNOL,113.5,30.8,108.7,29.6,106.4,89.57058824,44.54117647,10.13,15.31,20.14,23.27,20.97,17.30058824,9.888235294,11,6,8,3,9,7,7.529411765,10,3,8,3,9,6,4.117647059,246.9,136.2,16.4,0.3,6.7,73.5,267.6117647,0.9,42.4,70.5,147.6,88.5,14.9,10.68823529,26,27,27,29,35,46,343,344,353,357,332,335,432,430,428,420,425,422,382,274,241,158,167,143,225,226,218,223,242,243,69,70,70,73,77,78,385,327,260,145,82,58
2008,MNOL,81.5,68.5,100.8,90.7,66,73.2,66.55882353,4.94,12.16,18.51,21.56,20.09,17.49941176,9.945882353,6,8,8,7,4,5,7.764705882,5,7,6,6,4,5,4.764705882,401.8,193.6,24.2,3.4,7.5,65.78823529,257.3647059,0,2.2,29.4,103.5,59.6,17.8,5.376470588,26,27,27,29,35,46,343,344,353,357,332,335,432,430,428,420,425,422,382,274,241,158,167,143,225,226,218,223,242,243,69,70,70,73,77,78,385,327,260,145,82,58
2007,NEPM,123.5,256.3,23.9,40.7,221,113.3,189.6,11.43470588,18.12529412,22.83823529,25.32411765,24.39882353,18.00176471,10.17235294,5,9,2,6,11,4,9,5,7,1,3,10,4,9,218.2,65.35294118,5.782352941,0.258823529,1.082352941,57.87058824,233.7352941,14.75294118,51.83529412,138.8176471,212.5117647,169.0764706,77.77058824,8.011764706,14.27247956,13.9373297,13.93051771,16.05040872,24.30517711,34.18256131,288.0217984,290.972752,305.8978202,319.5490463,316.2152589,288.8964578,487.5762943,485.9918256,476.1103542,465.5776567,448.5517711,431.5435967,454.619891,233.9114441,172.1553134,122.5776567,96.49182561,79.87874659,224.3719346,223.0122616,217.9564033,214.866485,235.1716621,279.5762943,63.57629428,63.73978202,63.69209809,64.5599455,67.00953678,70.52179837,384.1839237,223.3501362,153.9768392,102.3841962,59.81743869,44.06811989
2007,IAMW,174.9,186.9,49.4,105.2,120.1,90.68823529,72.03529412,7.82,18.23,21.5,23.43,23.9,18.62470588,10.72294118,9,12,6,6,16,8,9.058823529,7,7,5,4,8,5,5.705882353,318.9,48.5,2,0,0,41.06470588,230.3941176,3.3,45.3,96.9,158,172.6,51.1,6.088235294,14.27247956,13.9373297,13.93051771,16.05040872,24.30517711,34.18256131,288.0217984,290.972752,305.8978202,319.5490463,316.2152589,288.8964578,487.5762943,485.9918256,476.1103542,465.5776567,448.5517711,431.5435967,454.619891,233.9114441,172.1553134,122.5776567,96.49182561,79.87874659,224.3719346,223.0122616,217.9564033,214.866485,235.1716621,279.5762943,63.57629428,63.73978202,63.69209809,64.5599455,67.00953678,70.52179837,384.1839237,223.3501362,153.9768392,102.3841962,59.81743869,44.06811989
2004,MISH,62.72352941,180.4,80.8,41.1,50.3,4.8,60.25882353,8.626470588,13.64,18.42,20.8,19.07,19.3,10.20294118,7.764705882,15,13,10,9,3,9,4.823529412,11,9,4,6,1,5,289.3647059,136.3,37.6,8.3,28.5,27.7,260.4705882,2.505882353,10.3,40.5,85,51.3,56.6,0,22,22,24,25,30,36,216,225,202,192,193,213,330,325,324,335,350,345,1315,540,501,577,492,455,455,449,474,474,457,442,60,61,61,63,67,69,565,500,178,157,149,93
2005,MISH,18.6,35.8,125.7,144.8,58.9,126.4058824,57.12352941,9.45,11.9,22.43,22.07,21.75,17.12588235,10.69294118,4,7,5,8,5,6,6.647058824,3,6,3,8,4,6,3.705882353,247.7,179.5,12.1,7,3.4,72.74705882,230.9294118,3.1,2.2,130.7,117.7,105.2,46.6,7.376470588,22,22,24,25,30,36,216,225,202,192,193,213,330,325,324,335,350,345,1315,540,501,577,492,455,455,449,474,474,457,442,60,61,61,63,67,69,565,500,178,157,149,93
2006,MISH,104.2,120.1,71.6,132.3,55.3,95.37058824,74.37647059,9.44,14.66,19.63,23.27,21.48,17.35352941,10.01647059,10,13,9,10,6,8,8.235294118,10,11,7,7,5,3,5.235294118,252.1,145.2,17.4,0.6,4.2,66.26470588,250.5529412,0,31.2,56.2,153.6,101.8,11.1,7.905882353,22,22,24,25,30,36,216,225,202,192,193,213,330,325,324,335,350,345,1315,540,501,577,492,455,455,449,474,474,457,442,60,61,61,63,67,69,565,500,178,157,149,93
2008,MISH,103.6,106.4352941,93.86470588,62.2,74.35294118,104.3,50.6,9.37,14.22,20.02823529,22.12,21.32705882,17.99294118,8.64,8,12.52941176,11.94117647,8,7.764705882,8.352941176,11,8,9.117647059,8.058823529,6,5.411764706,5.882352941,8,268.9,141.3529412,24.33529412,2.5,8.288235294,64.68235294,300.5,0,17.94117647,73.54117647,119.9,99.58823529,35.18823529,0,22,22,24,25,30,36,216,225,202,192,193,213,330,325,324,335,350,345,1315,540,501,577,492,455,455,449,474,474,457,442,60,61,61,63,67,69,565,500,178,157,149,93
2004,MNVC,41.6,162,78.8,138.7,124.9,165.4,39.8,9.903529412,15.05529412,19.10882353,21.66470588,19.00352941,17.79941176,11.79058824,4,12,11,10,11,7,6,3,9,7,7,8,6,3,252.1352941,133.0823529,34.29411765,8.858823529,36.07058824,68.70588235,238.0235294,4.352941176,28.34705882,57.61176471,109.2235294,66.27058824,56.21764706,8.158823529,14.27247956,13.9373297,13.93051771,16.05040872,24.30517711,34.18256131,288.0217984,290.972752,305.8978202,319.5490463,316.2152589,288.8964578,487.5762943,485.9918256,476.1103542,465.5776567,448.5517711,431.5435967,454.619891,233.9114441,172.1553134,122.5776567,96.49182561,79.87874659,224.3719346,223.0122616,217.9564033,214.866485,235.1716621,279.5762943,63.57629428,63.73978202,63.69209809,64.5599455,67.00953678,70.52179837,384.1839237,223.3501362,153.9768392,102.3841962,59.81743869,44.06811989
2005,MNVC,102,189.1,111.5,104.4,123.7,211.1,31.7,9.987647059,14.93529412,21.17117647,24.22,21.46882353,19.4,11.21,9,11,12,6,6,10,4,9,9,6,5,5,8,3,248.3352941,130.2411765,9.6,1.9,13.37647059,33.9,234.8,3.782352941,26.72352941,93.66470588,153.9,105.0294118,66,21.1,14.27247956,13.9373297,13.93051771,16.05040872,24.30517711,34.18256131,288.0217984,290.972752,305.8978202,319.5490463,316.2152589,288.8964578,487.5762943,485.9918256,476.1103542,465.5776567,448.5517711,431.5435967,454.619891,233.9114441,172.1553134,122.5776567,96.49182561,79.87874659,224.3719346,223.0122616,217.9564033,214.866485,235.1716621,279.5762943,63.57629428,63.73978202,63.69209809,64.5599455,67.00953678,70.52179837,384.1839237,223.3501362,153.9768392,102.3841962,59.81743869,44.06811989
2006,MNVC,195.1,26.6,78.3,31.8,155.6,72.2,16.4,11.61470588,15.87,22.21,25.06,22.42294118,15.41,8.62,10,5,8,5,10,8,5,10,2,5,4,9,6,4,205.1176471,112.8823529,10.5,0,2.582352941,106.2,312.3,6.7,38.04705882,122.4,208.6,131.7,18.5,11.1,14.27247956,13.9373297,13.93051771,16.05040872,24.30517711,34.18256131,288.0217984,290.972752,305.8978202,319.5490463,316.2152589,288.8964578,487.5762943,485.9918256,476.1103542,465.5776567,448.5517711,431.5435967,454.619891,233.9114441,172.1553134,122.5776567,96.49182561,79.87874659,224.3719346,223.0122616,217.9564033,214.866485,235.1716621,279.5762943,63.57629428,63.73978202,63.69209809,64.5599455,67.00953678,70.52179837,384.1839237,223.3501362,153.9768392,102.3841962,59.81743869,44.06811989
2007,MNVC,91.67058824,109.7588235,112.1117647,89.21176471,118.2941176,117.3588235,49.69411765,8.808235294,14.98117647,20.64352941,22.70529412,20.64,17.95705882,10.43588235,9.235294118,11.76470588,11.29411765,7.705882353,8.823529412,9.529411765,6.823529412,6.411764706,7.352941176,7.764705882,5.352941176,6.117647059,6.235294118,3.941176471,288.8470588,128.9411765,16.28823529,3.264705882,11.90588235,62.48235294,258.5882353,3.982352941,26.34705882,85.32352941,136.7470588,98.51176471,37.3,12.7,14.27247956,13.9373297,13.93051771,16.05040872,24.30517711,34.18256131,288.0217984,290.972752,305.8978202,319.5490463,316.2152589,288.8964578,487.5762943,485.9918256,476.1103542,465.5776567,448.5517711,431.5435967,454.619891,233.9114441,172.1553134,122.5776567,96.49182561,79.87874659,224.3719346,223.0122616,217.9564033,214.866485,235.1716621,279.5762943,63.57629428,63.73978202,63.69209809,64.5599455,67.00953678,70.52179837,384.1839237,223.3501362,153.9768392,102.3841962,59.81743869,44.06811989
2008,MNVC,85.4,135.6,87.9,78.2,32.7,86.73529412,64.58823529,7.3,14.88,21.02,24.1,21.68,17.76647059,9.945882353,7,5,10,5,3,7,7.411764706,5,5,7,4,2,6,4.647058824,331.1,117.8,2.5,0,3.8,65.52941176,257.5764706,0,10.8,83,178.9,107.7,35.2,8.047058824,14.27247956,13.9373297,13.93051771,16.05040872,24.30517711,34.18256131,288.0217984,290.972752,305.8978202,319.5490463,316.2152589,288.8964578,487.5762943,485.9918256,476.1103542,465.5776567,448.5517711,431.5435967,454.619891,233.9114441,172.1553134,122.5776567,96.49182561,79.87874659,224.3719346,223.0122616,217.9564033,214.866485,235.1716621,279.5762943,63.57629428,63.73978202,63.69209809,64.5599455,67.00953678,70.52179837,384.1839237,223.3501362,153.9768392,102.3841962,59.81743869,44.06811989
2004,INWN,20.9,130.9,91.1,94.2,198.1,68.08823529,95.22941176,9.7,15.67,19.28,21.09,18.35,17.36941176,10.15,5,19,14,12,15,2,9,3,10,6,6,12,2,5.235294118,272.7,113.2,38.1,3.3,49.7,68.35882353,253.0705882,13.6,30.8,66.4,88.9,50.3,38.8,6.576470588,15,15,17,25,38,46,181,181,174,182,179,126,306,294,292,276,215,153,992,486,414,295,267,234,513,526,534,542,606,721,62,62,62,61,63,67,504,249,185,131,90,88
2006,INWN,73.4,115.4823529,66.8,165.2,132.3,60.5,91.85882353,11.32,16.27294118,19.65,23.06,21.08,15.6,10.83352941,10,12.94117647,9,12,10,13,15,6,9.352941176,5,8,8,11,10,211.1,100.5470588,25.6,2.2,5,87.3,232.3058824,0.6,36.70588235,65.2,148.9,90.2,5.3,2.5,15,15,17,25,38,46,181,181,174,182,179,126,306,294,292,276,215,153,992,486,414,295,267,234,513,526,534,542,606,721,62,62,62,61,63,67,504,249,185,131,90,88
2007,INWN,61.82941176,72.99411765,86.35294118,81.45882353,91.88235294,96.47058824,95.52352941,11.12117647,17.21882353,21.75352941,24.59235294,23.27941176,18.29235294,10.75352941,7.529411765,8.647058824,9.764705882,8.176470588,9.117647059,6.529411765,7.764705882,5.470588235,6,6.647058824,5.941176471,5.882352941,4.235294118,5.352941176,220.1941176,83.55294118,11.90588235,1.435294118,6.247058824,44.75882353,237.7882353,6.535294118,49.44117647,114.4764706,193.8941176,165.7,61.68235294,7.935294118,15,15,17,25,38,46,181,181,174,182,179,126,306,294,292,276,215,153,992,486,414,295,267,234,513,526,534,542,606,721,62,62,62,61,63,67,504,249,185,131,90,88
2008,IAAE,144.2058824,144.3235294,272.8,222.8,0,145.5,28.2,8.566470588,14.80117647,20.82352941,23.26294118,21.71941176,17.62235294,12.30588235,11.58823529,11.76470588,9,6,0,7,2,8.588235294,8,9,6,0,6,2,290.0823529,120.6176471,8.364705882,0.676470588,3.182352941,69.82941176,196.6,2.047058824,14.51764706,82.50588235,151.0058824,102.7823529,52.74705882,12.93529412,20,20,18,17,23,44,313,318,339,365,351,345,602,598,583,563,575,574,536,215,104,71,59,50,85,84,79,73,74,82,58,57,56,54,56,62,414,242,99,57,37,22
2003,OHGE,51.6,140.2,68.2,217.1,156.9,109.5411765,86.60588235,10.36,15.68,18.94,21.74,22.25,17.27470588,10.13235294,9,13,14,15,9,11,8.647058824,4,11,8,12,5,7,6.058823529,242.1,99.6,41.1,0.8,0,73.22941176,235.3058824,2.8,17.2,59.4,106.4,121.6,18.1,6.5,14.27247956,13.9373297,13.93051771,16.05040872,24.30517711,34.18256131,288.0217984,290.972752,305.8978202,319.5490463,316.2152589,288.8964578,487.5762943,485.9918256,476.1103542,465.5776567,448.5517711,431.5435967,454.619891,233.9114441,172.1553134,122.5776567,96.49182561,79.87874659,224.3719346,223.0122616,217.9564033,214.866485,235.1716621,279.5762943,63.57629428,63.73978202,63.69209809,64.5599455,67.00953678,70.52179837,384.1839237,223.3501362,153.9768392,102.3841962,59.81743869,44.06811989
2004,OHGE,39.5,160.1,148.2,84.8,81.5,73.25882353,59.62941176,10.13,18.49,19.95,21.69,19.79,17.69058824,10.85470588,11,14,10,9,7,4,6.764705882,5,10,6,7,3,1,4.529411765,246.5,62.2,21.4,5.8,25.8,67.08823529,252.0235294,2.4,67.1,70,109.9,71.1,48.1,8.023529412,14.27247956,13.9373297,13.93051771,16.05040872,24.30517711,34.18256131,288.0217984,290.972752,305.8978202,319.5490463,316.2152589,288.8964578,487.5762943,485.9918256,476.1103542,465.5776567,448.5517711,431.5435967,454.619891,233.9114441,172.1553134,122.5776567,96.49182561,79.87874659,224.3719346,223.0122616,217.9564033,214.866485,235.1716621,279.5762943,63.57629428,63.73978202,63.69209809,64.5599455,67.00953678,70.52179837,384.1839237,223.3501362,153.9768392,102.3841962,59.81743869,44.06811989
2005,OHGE,139.3,56.8,116,55.2,152.5,84.54117647,55.91764706,11.79,14.03,22.78,22.92,22.89,17.87411765,10.75882353,12,6,8,11,12,8,7.529411765,10,4,6,6,6,6,4.647058824,189.1,138.5,4.2,0.8,1.1,62.68235294,262.6470588,2.6,11.8,137.6,139.5,137.6,57.2,9.711764706,14.27247956,13.9373297,13.93051771,16.05040872,24.30517711,34.18256131,288.0217984,290.972752,305.8978202,319.5490463,316.2152589,288.8964578,487.5762943,485.9918256,476.1103542,465.5776567,448.5517711,431.5435967,454.619891,233.9114441,172.1553134,122.5776567,96.49182561,79.87874659,224.3719346,223.0122616,217.9564033,214.866485,235.1716621,279.5762943,63.57629428,63.73978202,63.69209809,64.5599455,67.00953678,70.52179837,384.1839237,223.3501362,153.9768392,102.3841962,59.81743869,44.06811989
2008,IARY,48.3,91.4,102.7,94.1,84.64705882,89.88235294,74.44705882,6.4,13.37,19.44,22.72,21.70235294,17.10176471,10.21529412,7,9,15,12,10,6.941176471,7.882352941,5,6,9,6,5,4.647058824,4.941176471,358,160.2,7.6,0.6,4.017647059,77.75294118,256.9529412,0,6.5,40.9,133,71.7,35.31176471,3.694117647,2,1,1,1,6,19,385,401,388,379,353,344,557,544,556,561,522,463,358,294,247,118,68,45,58,55,56,60,125,192,64,64,64,69,78,81,408,317,236,105,35,13
2004,MNDB,37.9,183.6,96.8,61.5,78,83.24705882,69.13529412,8.57,12.92,17.47,20.53,17.27,17.40176471,10.02647059,3,8,10,11,9,9,8.117647059,3,8,7,9,6,8,5.294117647,293.7,175.5,53.1,15,59.1,69.58235294,259.2176471,0.8,12.5,27.2,83.3,28.3,53.1,6.023529412,21,22,21,22,30,36,288,290,292,294,291,281,447,447,440,439,420,420,351,294,219,167,189,165,264,264,267,267,289,299,71,72,71,74,78,78,486,310,258,155,102,99
2005,MNDB,89.4,101.7,155,98.5,82.44117647,175.4,72.64117647,9.95,11.98,21.51,22.71,21.48294118,17.82,10.25941176,8,14,15,5,7.647058824,8,4,6,11,11,5,4.764705882,8,3,253.1,187,2.5,6.9,7.252941176,57.2,251.0647059,1.7,0,92,142.7,105.9176471,41.7,7.5,21,22,21,22,30,36,288,290,292,294,291,281,447,447,440,439,420,420,351,294,219,167,189,165,264,264,267,267,289,299,71,72,71,74,78,78,486,310,258,155,102,99
2007,MNDB,64.92352941,98.18823529,97.47647059,67.01176471,85.73529412,102.5470588,56.34705882,7.39,13.46470588,19.20823529,22.28941176,20.20470588,16.64470588,10.68,5.882352941,10.29411765,10.88235294,7.882352941,7.764705882,9.411764706,6.705882353,4.235294118,7.176470588,7.235294118,5.764705882,4.882352941,7.235294118,4.176470588,322.9176471,158.4705882,28.67647059,4.694117647,17.30588235,82.02352941,245.8235294,1.164705882,9.064705882,53.75294118,126.2588235,75.12352941,40.80588235,4.141176471,21,22,21,22,30,36,288,290,292,294,291,281,447,447,440,439,420,420,351,294,219,167,189,165,264,264,267,267,289,299,71,72,71,74,78,78,486,310,258,155,102,99
2008,IAMH,222,248.7,220.4,194.1,71,133.1941176,62.12352941,7.26,12.57,20.17,22.26,20.12,17.20235294,10.40411765,16,13,13,9,11,13,6.411764706,11,7,11,8,6,9,4.117647059,332.2,180.8,7.2,0.3,8.7,65.62352941,230.2705882,0,2.2,62.3,122.1,64.1,23.4,3.352941176,7,7,7,8,29,62,297,292,251,267,276,274,381,384,403,386,340,306,435,219,179,119,78,59,322,324,346,347,384,420,57,56,55,55,55,61,377,231,185,83,26,27
2007,ILFL,83.6,38.1,135.8,84.3,38.4,78.82941176,74.57647059,9.63,20.75,24.23,23.05,26.13,18.09411765,11.92235294,8,2,9,9,7,6,7.764705882,6,2,8,5,4,6,4.941176471,259.6,19.4,1.7,0,0,56.68823529,205.7705882,1.1,91.2,152.6,146.4,231.8,111.9,8.629411765,10,8,9,10,17,43,297,291,322,353,353,253,564,569,551,530,513,425,437,218,151,83,54,43,139,140,127,117,134,321,61,61,61,62,67,75,405,258,188,110,48,54
2008,ONMO,39.9,76.4,78.2,122.3,110.5,71.04117647,60.05882353,7.88,9.91,18,19.64,17.68,16.99411765,10.09,8,15,17,13,9,9,8.117647059,4,6,6,8,5,7,5.529411765,313.7,262.1,51.4,12.5,43.2,75.81176471,263.8764706,0,1,41.4,53.1,22.8,5.5,5.494117647,60,62,65,73,118,130,263,275,255,258,267,269,461,450,461,443,426,408,941,563,637,585,554,488,276,275,284,299,308,322,67,68,68,70,72,73,730,387,266,168,106,103
2002,ILRI,187.6,158.6,77,36.6,9.2,124.7,91.7,10.57470588,14.98294118,21.57764706,24.27058824,23.1,18.80411765,11.12941176,13,10,6,5,6,5,13,13,9,5,2,1,5,11,236.5823529,119.0235294,14.90588235,0.417647059,2.547058824,47.32352941,229.7470588,10.21764706,16.94705882,108.6529412,181.1882353,148.1647059,58.89411765,4.458823529,14.27247956,13.9373297,13.93051771,16.05040872,24.30517711,34.18256131,288.0217984,290.972752,305.8978202,319.5490463,316.2152589,288.8964578,487.5762943,485.9918256,476.1103542,465.5776567,448.5517711,431.5435967,454.619891,233.9114441,172.1553134,122.5776567,96.49182561,79.87874659,224.3719346,223.0122616,217.9564033,214.866485,235.1716621,279.5762943,63.57629428,63.73978202,63.69209809,64.5599455,67.00953678,70.52179837,384.1839237,223.3501362,153.9768392,102.3841962,59.81743869,44.06811989
2005,ILRI,60.4,88.4,106.6,53.3,221.8,64.6,13.5,10.05235294,16.14411765,21.53411765,23.29823529,21.82882353,17.93529412,10.37588235,9,4,6,7,9,6,3,8,4,5,4,8,6,2,254.2058824,104.3588235,12.17647059,1.764705882,11.73529412,67.72941176,246.9647059,9.676470588,37.6,107.0882353,152.2411765,121.8764706,51.57058824,9.541176471,14.27247956,13.9373297,13.93051771,16.05040872,24.30517711,34.18256131,288.0217984,290.972752,305.8978202,319.5490463,316.2152589,288.8964578,487.5762943,485.9918256,476.1103542,465.5776567,448.5517711,431.5435967,454.619891,233.9114441,172.1553134,122.5776567,96.49182561,79.87874659,224.3719346,223.0122616,217.9564033,214.866485,235.1716621,279.5762943,63.57629428,63.73978202,63.69209809,64.5599455,67.00953678,70.52179837,384.1839237,223.3501362,153.9768392,102.3841962,59.81743869,44.06811989
2006,ILRI,50,92.5,68.2,98.5,81.6,204.9,144.1,11.58529412,17.03352941,21.14588235,23.50823529,22.76823529,17.83588235,11.38823529,12,10,6,7,8.470588235,10,8,10,9,4,5,5.705882353,9,7,209.5,79.74117647,17.98235294,1.529411765,5.341176471,61.62941176,220.7941176,9.5,41.67058824,99.57647059,159.4588235,142.1176471,53.99411765,5.552941176,14.27247956,13.9373297,13.93051771,16.05040872,24.30517711,34.18256131,288.0217984,290.972752,305.8978202,319.5490463,316.2152589,288.8964578,487.5762943,485.9918256,476.1103542,465.5776567,448.5517711,431.5435967,454.619891,233.9114441,172.1553134,122.5776567,96.49182561,79.87874659,224.3719346,223.0122616,217.9564033,214.866485,235.1716621,279.5762943,63.57629428,63.73978202,63.69209809,64.5599455,67.00953678,70.52179837,384.1839237,223.3501362,153.9768392,102.3841962,59.81743869,44.06811989
2000,IAHS,84.37647059,154.4941176,95.79411765,102.0529412,101.4058824,89.62941176,61.92352941,10.32411765,14.88294118,20.73764706,22.83470588,21.32705882,17.39235294,11.66470588,8.823529412,12.23529412,10.17647059,8.705882353,8.117647059,6.176470588,6.647058824,6.647058824,8.529411765,7.352941176,6.176470588,5.235294118,3.705882353,4.176470588,244.4647059,125.2,18.44705882,2.929411765,12.42352941,72.41176471,208.7294118,7.129411765,19.98235294,89.71764706,141.2529412,104.5058824,44.71764706,8.764705882,14.27247956,13.9373297,13.93051771,16.05040872,24.30517711,34.18256131,288.0217984,290.972752,305.8978202,319.5490463,316.2152589,288.8964578,487.5762943,485.9918256,476.1103542,465.5776567,448.5517711,431.5435967,454.619891,233.9114441,172.1553134,122.5776567,96.49182561,79.87874659,224.3719346,223.0122616,217.9564033,214.866485,235.1716621,279.5762943,63.57629428,63.73978202,63.69209809,64.5599455,67.00953678,70.52179837,384.1839237,223.3501362,153.9768392,102.3841962,59.81743869,44.06811989
2004,ILBP,81.38823529,112.2647059,92.44705882,90.78823529,83.81176471,111.6941176,92.41176471,10.64411765,16.30411765,21.86235294,23.66882353,22.80058824,18.42117647,11.66470588,8.588235294,11.94117647,9.352941176,8.823529412,8.411764706,6.647058824,7.470588235,6.176470588,7.882352941,6,6.235294118,5.764705882,4.411764706,5.588235294,230.2058824,94.30588235,11.06470588,0.829411765,3.170588235,61.54117647,208.7294118,7.5,33.95294118,114.0352941,163.9294118,139.9,52.05294118,8.411764706,7,6,6,5,7,15,241,258,335,348,341,313,650,638,579,573,580,524,333,156,125,79,87,99,109,104,86,79,80,163,61,61,59,56,57,60,281,118,64,36,27,16
2005,ILBP,75.48235294,94.68823529,102.3588235,93.62352941,74.64117647,109.7941176,88.13529412,10.64411765,16.30411765,21.86235294,23.66882353,22.80058824,18.42117647,11.66470588,8.823529412,11.52941176,9.352941176,9.235294118,8.470588235,6.823529412,7.294117647,6,7.294117647,6,6.529411765,5.529411765,4.529411765,5.294117647,230.2058824,94.30588235,11.06470588,0.829411765,3.170588235,61.54117647,208.7294118,7.5,33.95294118,114.0352941,163.9294118,139.9,52.05294118,8.411764706,7,6,6,5,7,15,241,258,335,348,341,313,650,638,579,573,580,524,333,156,125,79,87,99,109,104,86,79,80,163,61,61,59,56,57,60,281,118,64,36,27,16
2006,ILBP,76.92352941,94.28235294,100.3764706,100.6823529,71.48823529,109.7941176,88.13529412,10.64411765,16.30411765,21.86705882,23.61882353,22.75176471,18.42117647,11.66470588,8.705882353,11.41176471,9.176470588,9.235294118,8.176470588,6.823529412,7.294117647,5.941176471,7.294117647,6.058823529,6.882352941,5.352941176,4.764705882,5.294117647,230.2058824,94.30588235,10.69411765,0.829411765,3.170588235,61.54117647,208.7294118,7.5,33.95294118,114.0882353,162.0647059,138.3882353,52.05294118,8.411764706,7,6,6,5,7,15,241,258,335,348,341,313,650,638,579,573,580,524,333,156,125,79,87,99,109,104,86,79,80,163,61,61,59,56,57,60,281,118,64,36,27,16
2007,ILBP,76.92352941,94.28235294,103.6235294,100.6823529,71.48823529,105.6470588,82.18823529,10.53470588,16.55,21.77529412,23.29941176,22.96,18.42117647,11.66470588,8.705882353,11.41176471,9.235294118,9.235294118,8.176470588,6.823529412,7.294117647,5.941176471,7.294117647,6,6.882352941,5.352941176,4.764705882,5.117647059,232.9411765,88.45294118,10.24117647,0.882352941,2.841176471,61.54117647,208.7294118,7.241176471,35.63529412,110.6823529,152.0117647,144.6764706,51.32352941,8.411764706,7,6,6,5,7,15,241,258,335,348,341,313,650,638,579,573,580,524,333,156,125,79,87,99,109,104,86,79,80,163,61,61,59,56,57,60,281,118,64,36,27,16
2008,ILBP,78.21764706,89.6,103.6235294,106.2882353,77.81176471,119.8470588,81.12352941,10.34823529,16.35058824,22.02058824,23.14529412,22.68352941,18.42117647,11.66470588,9,11.35294118,9.235294118,9.588235294,8.764705882,7,7.117647059,6.058823529,7.352941176,6,7.235294118,5.882352941,4.764705882,4.941176471,237.4294118,92.73529412,7.076470588,1.017647059,2.858823529,61.54117647,208.7294118,6.141176471,34.21176471,114.6764706,147.0882353,136.6,52.92941176,8.411764706,7,6,6,5,7,15,241,258,335,348,341,313,650,638,579,573,580,524,333,156,125,79,87,99,109,104,86,79,80,163,61,61,59,56,57,60,281,118,64,36,27,16
2001,MNWN,133.6,110.3,150,60.8,108,82.14117647,57.87647059,9.59,14.9,19.52,22.68,21.82,17.52470588,9.945882353,13,12,13,4,10,7,6.647058824,11,12,8,3,5,4,4.294117647,261.2,126.4,48.5,5.2,5.6,65.91764706,254.0764706,7.6,19.9,78.9,136.2,105.5,19.9,10.47058824,12,12,11,16,35,41,250,248,250,264,301,249,525,530,535,512,369,355,537,278,162,64,47,45,225,223,215,224,330,396,64,63,63,63,64,71,419,229,157,152,86,76
2005,MNLA,94.5,153.4,98.9,77.7,70.7,116.5588235,52.97647059,10.2,12.97,21.92,22.96,20.32,17.85705882,10.02647059,9,19,20,6,8,14,7.176470588,6,13,11,5,5,11,4.882352941,246.9,170.9,3,6.7,18.1,59.87058824,253.7588235,2.8,4.7,110.7,150.1,79.7,61.5,8.817647059,26,25,25,28,39,60,316,311,300,299,280,267,347,346,352,340,342,353,373,309,265,174,125,85,337,342,348,361,379,380,69,70,70,72,74,76,421,330,235,249,135,86
2006,MNLA,93,62.1,238.6,44.6,104.6,89.42352941,56.37647059,10.37,15.12,20.44,23.58,21.18,17.68529412,10.65882353,14,10,11,6,13,13,6.647058824,7,7,9,3,6,5,4.294117647,242.6,140.6,17.3,0.3,5.9,68.09411765,241.6176471,3.6,41.1,80.5,163.1,94,17,12.34705882,26,25,25,28,39,60,316,311,300,299,280,267,347,346,352,340,342,353,373,309,265,174,125,85,337,342,348,361,379,380,69,70,70,72,74,76,421,330,235,249,135,86
2008,TNMR,202.8,136,54.8,105.9,55.6,98.2,57.15882353,14.61,18.94,25.85,26.92,25.44,20.23352941,11.84352941,11,11,6,6,4,5,7.235294118,9,9,5,4,3,2,4.470588235,123.1,34.4,0,0,0,29.88823529,184.5470588,17.8,49.7,225.6,256.7,220.2,143.1,23.67647059,14.27247956,13.9373297,13.93051771,16.05040872,24.30517711,34.18256131,288.0217984,290.972752,305.8978202,319.5490463,316.2152589,288.8964578,487.5762943,485.9918256,476.1103542,465.5776567,448.5517711,431.5435967,454.619891,233.9114441,172.1553134,122.5776567,96.49182561,79.87874659,224.3719346,223.0122616,217.9564033,214.866485,235.1716621,279.5762943,63.57629428,63.73978202,63.69209809,64.5599455,67.00953678,70.52179837,384.1839237,223.3501362,153.9768392,102.3841962,59.81743869,44.06811989
2005,GACA,183.5,74.1,167.4,256.5,164.9,133.0176471,76.6,16.86,21.45,25.71,27.61,27.18,21.79941176,11.81941176,8,6,15,13,13,6,7.176470588,6,5,12,10,8,5,4.882352941,54.6,9.5,0,0,0,17.85882353,194.8352941,14.2,92.1,207.7,287.7,258.3,206.8,30.25294118,14.27247956,13.9373297,13.93051771,16.05040872,24.30517711,34.18256131,288.0217984,290.972752,305.8978202,319.5490463,316.2152589,288.8964578,487.5762943,485.9918256,476.1103542,465.5776567,448.5517711,431.5435967,454.619891,233.9114441,172.1553134,122.5776567,96.49182561,79.87874659,224.3719346,223.0122616,217.9564033,214.866485,235.1716621,279.5762943,63.57629428,63.73978202,63.69209809,64.5599455,67.00953678,70.52179837,384.1839237,223.3501362,153.9768392,102.3841962,59.81743869,44.06811989
2007,GACA,14.8,0,59.8,116.9,159.6,94.44705882,44.11764706,17.1,22.41,26.12,27.5,28.4,21.31647059,12.02941176,2,0,10,12,8,8,6.588235294,1,0,6,10,6,6,3.882352941,66.4,5.8,0.6,0,0,23.20588235,187.3764706,37.2,132.2,217,266.4,274.6,190.7,29.08823529,14.27247956,13.9373297,13.93051771,16.05040872,24.30517711,34.18256131,288.0217984,290.972752,305.8978202,319.5490463,316.2152589,288.8964578,487.5762943,485.9918256,476.1103542,465.5776567,448.5517711,431.5435967,454.619891,233.9114441,172.1553134,122.5776567,96.49182561,79.87874659,224.3719346,223.0122616,217.9564033,214.866485,235.1716621,279.5762943,63.57629428,63.73978202,63.69209809,64.5599455,67.00953678,70.52179837,384.1839237,223.3501362,153.9768392,102.3841962,59.81743869,44.06811989
2001,MNEL,61.74117647,97,114.8058824,71.17058824,85.85882353,99.22352941,56.34705882,7.952941176,13.44764706,19.15882353,22.34352941,20.37294118,16.64470588,10.68,6.823529412,10.88235294,12.82352941,9,8.176470588,9.764705882,6.588235294,4.588235294,7.823529412,8.647058824,6.235294118,4.882352941,6.588235294,4.470588235,309.4588235,159.5411765,34.07647059,6.229411765,17.94705882,81.54705882,245.8235294,2.182352941,9.541176471,57.78235294,129.7470588,81.02941176,37.67058824,5.205882353,16,16,16,27,47,66,298,301,302,308,287,284,358,363,364,370,370,381,347,238,169,92,72,59,344,335,334,323,342,335,73,73,74,77,80,80,479,284,219,150,107,87
2002,MNEL,66.93529412,93.08235294,111.5411765,70.78235294,85.81176471,99.22352941,56.34705882,7.607647059,13.44764706,19.23117647,22.18764706,20.30294118,16.64470588,10.68,6.823529412,11,12.76470588,8.764705882,8.117647059,10,6.588235294,4.588235294,7.705882353,8.470588235,6.176470588,4.823529412,6.941176471,4.411764706,319.6411765,159.5411765,32.28235294,6.341176471,18.45294118,81.54705882,245.8235294,2,9.541176471,58.15882353,125.4176471,79.56470588,38.47647059,5.205882353,16,16,16,27,47,66,298,301,302,308,287,284,358,363,364,370,370,381,347,238,169,92,72,59,344,335,334,323,342,335,73,73,74,77,80,80,479,284,219,150,107,87
2008,MNEL,66.1,59.8,110.7,96.6,43.1,75.78235294,62.08235294,4.6,12.07,17.95,21.97,21.57,17.42117647,10.39176471,10,10,16,12,7,15,7.764705882,5,5,9,8,3,9,5,412.1,194.2,48.7,4.7,2.7,69.41764706,249.8941176,0,0,37.3,117.4,103,25.9,5.394117647,16,16,16,27,47,66,298,301,302,308,287,284,358,363,364,370,370,381,347,238,169,92,72,59,344,335,334,323,342,335,73,73,74,77,80,80,479,284,219,150,107,87
2003,INHA,90.8,198.4,123.7,51.8,43.8,69.1,59.1,10.61058824,15.28117647,20.33588235,22.96294118,21.86705882,18.57411765,11.51,11,17,7,12,8,9,8,8,15,5,6,6,4,6,230.5941176,112.7647059,25.88823529,4.923529412,14.17058824,53.37058824,223.1176471,6.058823529,23.42941176,84.48823529,147.5352941,118.3764706,52.17647059,6.9,5,5,5,5,6,11,222,224,261,279,275,289,677,672,641,625,623,527,320,151,176,114,119,122,102,104,98,96,102,184,63,63,61,59,59,61,225,98,62,36,31,24
2005,INHA,66,100.4,100.9,90.4,201,58.4,21.1,10.73705882,16.32470588,20.91882353,22.96764706,21.91176471,18.33411765,10.66294118,12,5,9,11,14,5,6,10,4,4,7,11,4,2,234.0882353,96.64117647,20.27058824,3.147058824,11.90588235,57.51176471,247.5941176,9.605882353,36.93529412,96.00588235,143.8294118,126.1470588,46.34117647,7.952941176,5,5,5,5,6,11,222,224,261,279,275,289,677,672,641,625,623,527,320,151,176,114,119,122,102,104,98,96,102,184,63,63,61,59,59,61,225,98,62,36,31,24
2005,ILCI,40.8,39.6,22.3,116.8,122.8,83.8,38.9,12.18705882,16.46294118,21.84941176,24.14764706,22.83,19.63823529,11.15529412,10,10,4,9,10,8,5,7,4,2,7,6,6,2,188.2647059,98.45882353,13.30588235,1.070588235,3.317647059,45.74705882,204.5705882,7.105882353,41.21176471,115.4647059,178.9941176,139.7058824,55.09411765,13.86470588,8,8,9,9,20,38,291,298,321,349,353,287,645,643,629,608,600,557,405,170,122,82,62,44,63,59,50,43,47,157,61,61,60,60,65,72,303,189,127,88,46,38
2006,ILCI,98,65.9,120.4,173,116.6,87.5,85.1,10.41470588,16.88117647,21.58470588,23.09294118,22.86647059,17.31941176,11.05117647,13,12,11,14,14,9,8,8,9,7,12,10,4,6,231.8941176,81.81764706,13.52941176,1.623529412,2.582352941,77.8,210.2411765,5,38.17058824,105.0352941,147.0294118,148.0529412,58.35294118,13.08823529,8,8,9,9,20,38,291,298,321,349,353,287,645,643,629,608,600,557,405,170,122,82,62,44,63,59,50,43,47,157,61,61,60,60,65,72,303,189,127,88,46,38
2008,ILCI,78.42352941,76.27647059,104.6,113.6294118,93.84117647,111.3764706,79.76470588,11.57764706,17.60588235,22.45235294,23.47294118,23.32705882,18.37823529,11.66470588,9.882352941,10.58823529,10,9.882352941,8.411764706,7.941176471,7.529411765,6.411764706,6.705882353,6.470588235,6.705882353,5.941176471,5.823529412,5.235294118,201.6647059,72.29411765,7.6,0.970588235,3.241176471,55.87647059,208.7294118,5.9,49.52352941,126.6823529,157.1882353,155.2588235,65.88823529,9.494117647,8,8,9,9,20,38,291,298,321,349,353,287,645,643,629,608,600,557,405,170,122,82,62,44,63,59,50,43,47,157,61,61,60,60,65,72,303,189,127,88,46,38
2000,ILRS,93.39411765,134.8235294,107.3235294,81.63529412,83.66470588,84.55882353,81.74117647,11.17764706,16.29941176,21.50764706,23.47294118,22.72764706,19.82764706,11.00941176,9.529411765,11.58823529,9.117647059,7.058823529,7.941176471,6.058823529,8.823529412,7.058823529,8.352941176,6.294117647,5.411764706,5.411764706,4.882352941,6.294117647,221.1529412,95.23529412,14.60588235,1.088235294,5.664705882,29.38235294,211.7176471,9.641176471,34.10588235,108.2,158.5117647,140.6294118,69.07058824,11.78823529,1,1,1,1,1,3,268,283,296,324,342,283,706,693,681,654,636,697,437,215,165,123,59,42,26,24,23,22,22,21,64,64,63,62,62,69,331,224,167,88,37,19
2001,ILRS,76,155,124.9,31.8,67.1,111,130.8,10.66764706,16.42235294,21.11294118,23.16588235,22.35470588,17.91411765,11.35470588,15,18,10,8,7,8,11,8,14,7,5,6,4,9,241.6470588,93.22352941,18.24117647,2.329411765,6.429411765,55.47647059,208.1882353,8.311764706,34.17058824,99.84117647,150.2294118,130.0529412,55.62941176,8.376470588,1,1,1,1,1,3,268,283,296,324,342,283,706,693,681,654,636,697,437,215,165,123,59,42,26,24,23,22,22,21,64,64,63,62,62,69,331,224,167,88,37,19
2003,ILRS,77.2,68.7,102.7,156.4,36.8,139.5,78.8,10.90117647,15.92823529,20.96,24.1,22.53823529,17.72,12.43,10,11,14,6,6,9,6,7,7,8,5,4,6,5,225.9235294,97.9,16.5,0,2.105882353,54.2,187.7,5.7,25.8,95.4,178.7,137.8117647,35.6,4.8,1,1,1,1,1,3,268,283,296,324,342,283,706,693,681,654,636,697,437,215,165,123,59,42,26,24,23,22,22,21,64,64,63,62,62,69,331,224,167,88,37,19
2004,ILRS,35.1,124.7,83.1,88.7,157.2,81.64705882,104.5235294,11.87,18.4,20.66,22.26,19.83,18.04647059,10.71823529,4,11,8,11,12,1,9.411764706,3,9,4,7,11,1,6,208.1,53.9,9.8,0.3,24.2,56.35882353,238.1882353,14.2,59.2,75.2,107.4,70.5,58.9,6.970588235,1,1,1,1,1,3,268,283,296,324,342,283,706,693,681,654,636,697,437,215,165,123,59,42,26,24,23,22,22,21,64,64,63,62,62,69,331,224,167,88,37,19
2005,ILRS,82.5,45.5,31.5,67.3,70.6,78.11764706,70.44117647,13.1,15.81,23.91,25.02,23.88,19.57235294,10.88352941,8,6,4,5,6,9,6.764705882,5,5,3,5,5,8,4.294117647,166.8,101,0,0,0,38.31176471,238.2,9.7,22.9,167.3,207.2,168.3,124.2,12.49411765,1,1,1,1,1,3,268,283,296,324,342,283,706,693,681,654,636,697,437,215,165,123,59,42,26,24,23,22,22,21,64,64,63,62,62,69,331,224,167,88,37,19
2006,ILRS,92.4,35.7,93.7,75.7,70.7,81.04705882,78.68235294,13.85,16.99,22.25,25.39,23.73,18.80705882,10.54,10,9,10,13,16,8,7.705882353,6,5,5,8,9,4,4.941176471,141.7,93.8,7.5,0,0,50.26470588,226.6058824,8.6,52.2,125.1,218.6,167.2,35.9,12.9,1,1,1,1,1,3,268,283,296,324,342,283,706,693,681,654,636,697,437,215,165,123,59,42,26,24,23,22,22,21,64,64,63,62,62,69,331,224,167,88,37,19
2007,ILRS,98.2,32.8,95,66.1,64.9,64.22941176,85.82941176,10.13,20.3,22.97,23.27,25.76,19.33411765,11.25529412,8,7,9,10,11,7,7.941176471,7,5,7,6,6,3,5.176470588,240.4,23.6,1.1,0,0,42.27647059,227.5941176,4.7,84.7,140.2,153,230.2,97.4,13.28823529,1,1,1,1,1,3,268,283,296,324,342,283,706,693,681,654,636,697,437,215,165,123,59,42,26,24,23,22,22,21,64,64,63,62,62,69,331,224,167,88,37,19
2008,ILRS,106.2,76.7,196.8,88.9,45.7,108.0705882,64.30588235,10.78,15.05,22.82,23.69,22.23,18.00294118,10.99647059,15,9,15,13,6,14,7.117647059,9,6,12,8,4,10,4.588235294,230.9,113.4,0.8,0,0,61.95882353,221.2647059,4.4,11.5,130.4,166.1,120.9,55.5,7.576470588,1,1,1,1,1,3,268,283,296,324,342,283,706,693,681,654,636,697,437,215,165,123,59,42,26,24,23,22,22,21,64,64,63,62,62,69,331,224,167,88,37,19
2000,SDHA,50.3,95.3,57.8,68.1,49.3,76.19411765,55.5,9.79,17.17,20.05,22.54,23.06,17.76588235,10.97058824,6,10,8,8,7,4,6.705882353,4,5,5,3,4,2,4.352941176,247.9,70.7,24.8,9.4,4,68.54705882,251.5823529,0,34.8,76.2,139.9,145.2,67,8.423529412,14.27247956,13.9373297,13.93051771,16.05040872,24.30517711,34.18256131,288.0217984,290.972752,305.8978202,319.5490463,316.2152589,288.8964578,487.5762943,485.9918256,476.1103542,465.5776567,448.5517711,431.5435967,454.619891,233.9114441,172.1553134,122.5776567,96.49182561,79.87874659,224.3719346,223.0122616,217.9564033,214.866485,235.1716621,279.5762943,63.57629428,63.73978202,63.69209809,64.5599455,67.00953678,70.52179837,384.1839237,223.3501362,153.9768392,102.3841962,59.81743869,44.06811989
2001,SDHA,146.4,45,71.2,119.7,15.3,89.39411765,48.67647059,10.33,16.33,21.51,23.86,22.13,18.07647059,10.68058824,9,9,8,10,4,8,6.470588235,6,4,7,6,2,5,4.235294118,242,89.7,17.8,0,5.6,62.72941176,256.4411765,10.3,27.6,113,171.2,123.3,27.9,8.964705882,14.27247956,13.9373297,13.93051771,16.05040872,24.30517711,34.18256131,288.0217984,290.972752,305.8978202,319.5490463,316.2152589,288.8964578,487.5762943,485.9918256,476.1103542,465.5776567,448.5517711,431.5435967,454.619891,233.9114441,172.1553134,122.5776567,96.49182561,79.87874659,224.3719346,223.0122616,217.9564033,214.866485,235.1716621,279.5762943,63.57629428,63.73978202,63.69209809,64.5599455,67.00953678,70.52179837,384.1839237,223.3501362,153.9768392,102.3841962,59.81743869,44.06811989
2002,SDHA,52.1,71.9,36.8,120.7,140.8,93.18235294,75.13529412,10.49,13.43,23.13,24.76,21.33,17.63764706,10.71411765,6,7,6,4,9,8,8.058823529,4,6,5,3,8,6,4.823529412,251.3,172.2,6.1,0.8,10.3,66.82352941,254.5529412,15.9,20.3,150.1,193.6,103.2,60.1,8.9,14.27247956,13.9373297,13.93051771,16.05040872,24.30517711,34.18256131,288.0217984,290.972752,305.8978202,319.5490463,316.2152589,288.8964578,487.5762943,485.9918256,476.1103542,465.5776567,448.5517711,431.5435967,454.619891,233.9114441,172.1553134,122.5776567,96.49182561,79.87874659,224.3719346,223.0122616,217.9564033,214.866485,235.1716621,279.5762943,63.57629428,63.73978202,63.69209809,64.5599455,67.00953678,70.52179837,384.1839237,223.3501362,153.9768392,102.3841962,59.81743869,44.06811989
2006,SDHA,75.40588235,114.5235294,82.09411765,66.74117647,91.83529412,81.40588235,7.8,7.923529412,15.06823529,20.81176471,23.66941176,21.87411765,17.80941176,9.19,7.117647059,11.05882353,9.529411765,5.941176471,7.529411765,8.117647059,4,4.588235294,7.176470588,5.352941176,3.411764706,5.411764706,5.588235294,2,316.3352941,123.7235294,16.71764706,2.805882353,8.552941176,64.72352941,299.3,5.711764706,22.7,91.47647059,167.4882353,113.7764706,50.13529412,15.9,14.27247956,13.9373297,13.93051771,16.05040872,24.30517711,34.18256131,288.0217984,290.972752,305.8978202,319.5490463,316.2152589,288.8964578,487.5762943,485.9918256,476.1103542,465.5776567,448.5517711,431.5435967,454.619891,233.9114441,172.1553134,122.5776567,96.49182561,79.87874659,224.3719346,223.0122616,217.9564033,214.866485,235.1716621,279.5762943,63.57629428,63.73978202,63.69209809,64.5599455,67.00953678,70.52179837,384.1839237,223.3501362,153.9768392,102.3841962,59.81743869,44.06811989
2007,SDHA,87.6,78,34.5,0.3,202.8,79.76470588,65.05882353,7.71,18.34,21.84,24.63,22.88,18.09529412,10.54176471,8,11,9,1,11,8,8.588235294,5,6,3,0,8,7,5.294117647,328.6,50.7,9.1,1.1,1.1,65.05882353,251.7588235,9.8,50.8,114.4,196.4,142,58.7,9.1,14.27247956,13.9373297,13.93051771,16.05040872,24.30517711,34.18256131,288.0217984,290.972752,305.8978202,319.5490463,316.2152589,288.8964578,487.5762943,485.9918256,476.1103542,465.5776567,448.5517711,431.5435967,454.619891,233.9114441,172.1553134,122.5776567,96.49182561,79.87874659,224.3719346,223.0122616,217.9564033,214.866485,235.1716621,279.5762943,63.57629428,63.73978202,63.69209809,64.5599455,67.00953678,70.52179837,384.1839237,223.3501362,153.9768392,102.3841962,59.81743869,44.06811989
2008,SDHA,55.1,131.2,165.6,118.1,17.3,97.61764706,65.22352941,6.26,13.81,20.43,23.73,21.99,17.44647059,10.80058824,4,14,12,11,3,8,6.529411765,3,10,6,6,2,6,4.470588235,362.3,142.2,3.1,0.3,1.2,71.08235294,246.4470588,0,2,66,167.6,114.6,33.3,6.188235294,14.27247956,13.9373297,13.93051771,16.05040872,24.30517711,34.18256131,288.0217984,290.972752,305.8978202,319.5490463,316.2152589,288.8964578,487.5762943,485.9918256,476.1103542,465.5776567,448.5517711,431.5435967,454.619891,233.9114441,172.1553134,122.5776567,96.49182561,79.87874659,224.3719346,223.0122616,217.9564033,214.866485,235.1716621,279.5762943,63.57629428,63.73978202,63.69209809,64.5599455,67.00953678,70.52179837,384.1839237,223.3501362,153.9768392,102.3841962,59.81743869,44.06811989
2002,WIJA,105.3,50.4,82.50588235,90.52352941,114.6,84.9,82.5,8.46,12.73,20.34411765,22.50470588,23.02,18.5,9.12,15,9,10.11764706,8.941176471,9,10,13,9,6,7,5.764705882,6,7,6,311.5,176.3,23.09411765,4.329411765,0,47.2,283.4,15.3,13.9,83.66470588,131.7823529,145.4,52.3,10.8,14.27247956,13.9373297,13.93051771,16.05040872,24.30517711,34.18256131,288.0217984,290.972752,305.8978202,319.5490463,316.2152589,288.8964578,487.5762943,485.9918256,476.1103542,465.5776567,448.5517711,431.5435967,454.619891,233.9114441,172.1553134,122.5776567,96.49182561,79.87874659,224.3719346,223.0122616,217.9564033,214.866485,235.1716621,279.5762943,63.57629428,63.73978202,63.69209809,64.5599455,67.00953678,70.52179837,384.1839237,223.3501362,153.9768392,102.3841962,59.81743869,44.06811989
2003,WIJA,43.9,117.1,74.5,150.6,21.9,72.6,47.08823529,8.27,13.87,19.04,21.84,23.2,17.44647059,10.18117647,11,13,9,12,8,8,6.411764706,5,9,5,7,3,5,4.529411765,294.1,139.1,36.9,0.8,0,70.44117647,258.9529412,2.2,0.8,58.1,105.6,151,37.4,6.876470588,14.27247956,13.9373297,13.93051771,16.05040872,24.30517711,34.18256131,288.0217984,290.972752,305.8978202,319.5490463,316.2152589,288.8964578,487.5762943,485.9918256,476.1103542,465.5776567,448.5517711,431.5435967,454.619891,233.9114441,172.1553134,122.5776567,96.49182561,79.87874659,224.3719346,223.0122616,217.9564033,214.866485,235.1716621,279.5762943,63.57629428,63.73978202,63.69209809,64.5599455,67.00953678,70.52179837,384.1839237,223.3501362,153.9768392,102.3841962,59.81743869,44.06811989
2004,WIJA,39.1,188.3,111.8,70.8,77.9,56.92941176,60.72352941,9.32,14.79,19.03,21.03,18.76,17.57882353,10.31235294,4,18,15,12,10,4,7.705882353,3,12,10,5,5,1,5.705882353,267.1,125.9,31.6,6.1,37.2,67.21764706,272.3470588,5.9,16.2,52.6,89.8,50.4,43.9,5.929411765,14.27247956,13.9373297,13.93051771,16.05040872,24.30517711,34.18256131,288.0217984,290.972752,305.8978202,319.5490463,316.2152589,288.8964578,487.5762943,485.9918256,476.1103542,465.5776567,448.5517711,431.5435967,454.619891,233.9114441,172.1553134,122.5776567,96.49182561,79.87874659,224.3719346,223.0122616,217.9564033,214.866485,235.1716621,279.5762943,63.57629428,63.73978202,63.69209809,64.5599455,67.00953678,70.52179837,384.1839237,223.3501362,153.9768392,102.3841962,59.81743869,44.06811989
2006,WIJA,82.3,129.5,106.5,110.8,120.5,77.8,65.64117647,10.85,14.89,19.82,23.58,22.01,17.88588235,10.49588235,12,15,13,14,10,13,7.117647059,6,10,9,7,6,7,5.352941176,218.9,132.4,17.6,0.6,1.9,63.51176471,266.4882353,0,33.5,62.3,163.4,116,11.8,9.070588235,14.27247956,13.9373297,13.93051771,16.05040872,24.30517711,34.18256131,288.0217984,290.972752,305.8978202,319.5490463,316.2152589,288.8964578,487.5762943,485.9918256,476.1103542,465.5776567,448.5517711,431.5435967,454.619891,233.9114441,172.1553134,122.5776567,96.49182561,79.87874659,224.3719346,223.0122616,217.9564033,214.866485,235.1716621,279.5762943,63.57629428,63.73978202,63.69209809,64.5599455,67.00953678,70.52179837,384.1839237,223.3501362,153.9768392,102.3841962,59.81743869,44.06811989
2007,WIJA,127.4,28.6,128.4,54.2,441.9,91.62352941,68.10588235,7.34,17.07,21.05,22.01,22.73,17.39529412,10.3,12,8,9,6,19,6,6.588235294,10,5,7,4,12,4,4.764705882,332.9,77.8,11.9,0.2,2.2,69.88823529,261.6117647,3,38.7,93.3,114.2,138.5,54.7,6.323529412,14.27247956,13.9373297,13.93051771,16.05040872,24.30517711,34.18256131,288.0217984,290.972752,305.8978202,319.5490463,316.2152589,288.8964578,487.5762943,485.9918256,476.1103542,465.5776567,448.5517711,431.5435967,454.619891,233.9114441,172.1553134,122.5776567,96.49182561,79.87874659,224.3719346,223.0122616,217.9564033,214.866485,235.1716621,279.5762943,63.57629428,63.73978202,63.69209809,64.5599455,67.00953678,70.52179837,384.1839237,223.3501362,153.9768392,102.3841962,59.81743869,44.06811989
2008,WIJA,129.1,75.8,205.4,164.4,33.6,76.7,66.14117647,8.99,13.03,20.64,22.12,20.56,17.86,10.41705882,12,13,17,10,10,8,7.294117647,9,8,9,6,4,6,5.235294118,280.7,167.7,5.6,1.4,1.4,65.58235294,266.5117647,0.3,3.4,74.7,118.9,70.4,36.3,6.894117647,14.27247956,13.9373297,13.93051771,16.05040872,24.30517711,34.18256131,288.0217984,290.972752,305.8978202,319.5490463,316.2152589,288.8964578,487.5762943,485.9918256,476.1103542,465.5776567,448.5517711,431.5435967,454.619891,233.9114441,172.1553134,122.5776567,96.49182561,79.87874659,224.3719346,223.0122616,217.9564033,214.866485,235.1716621,279.5762943,63.57629428,63.73978202,63.69209809,64.5599455,67.00953678,70.52179837,384.1839237,223.3501362,153.9768392,102.3841962,59.81743869,44.06811989
2000,NEGO,47.6,38.1,40.2,98.5,7.7,63.24705882,50.22352941,9.73,17.36,20.89,24.67,25.42,18.30764706,11.19117647,5,6,5,8,8,6,6.235294118,3,2,3,6,1,3,3.882352941,258.2,59.4,15,0,0.8,57.24705882,232.1882353,0,27.8,91.8,187.8,207.2,74.1,8.994117647,1,1,1,1,2,4,217,222,236,246,235,212,413,410,401,394,390,379,233,131,99,74,50,34,371,368,362,360,375,409,68,68,69,73,77,78,231,119,81,48,31,16
2001,NEGO,129.9,70.1,49.7,48.3,103.7,78.70588235,55.63529412,10.87,15.33,19.96,25.98,23.18,17.88764706,10.63294118,10,7,7,9,8,6,7.176470588,8,5,5,4,7,6,4.235294118,229.6,107.1,45.9,0,0,61.14705882,253.6,5.8,20,88.7,237.1,150.3,38.9,8.988235294,1,1,1,1,2,4,217,222,236,246,235,212,413,410,401,394,390,379,233,131,99,74,50,34,371,368,362,360,375,409,68,68,69,73,77,78,231,119,81,48,31,16
2002,NEGO,41.5,26.2,64.1,9.1,130.8,91.65882353,64.19411765,10.72,13.88,24.18,26,23.15,18.01352941,10.58117647,5,7,4,2,9,4,8.117647059,2,3,3,1,6,1,4.882352941,221.4,158.5,5,0,2.2,59.06470588,247.0058824,5.1,20.5,180.3,237.7,149.6,51.7,9.552941176,1,1,1,1,2,4,217,222,236,246,235,212,413,410,401,394,390,379,233,131,99,74,50,34,371,368,362,360,375,409,68,68,69,73,77,78,231,119,81,48,31,16
2003,NEGO,132.2,71.6,126.7,26,54.4,76.11176471,52.63529412,10.35,14.74,19.54,25.2,24.14,18.51294118,10.63294118,11,9,15,7,6,5,5.882352941,7,6,8,4,4,4,3.470588235,245.5,126.6,23.5,0,1.9,55.78235294,253.6705882,6.1,15.1,59.9,213,182,32,11.16470588,1,1,1,1,2,4,217,222,236,246,235,212,413,410,401,394,390,379,233,131,99,74,50,34,371,368,362,360,375,409,68,68,69,73,77,78,231,119,81,48,31,16
2004,NEGO,59.3,45.6,65.7,109.9,50.2,75.29411765,44.5,10.36,17.12,18.93,22.71,20.55,17.66235294,10.74294118,9,8,7,10,5,4,6.823529412,6,7,6,9,5,4,3.882352941,235.8,72.2,43.5,2.5,23.1,72.47647059,251.1117647,1.7,37.5,61.5,138.5,91.9,70.7,7.176470588,1,1,1,1,2,4,217,222,236,246,235,212,413,410,401,394,390,379,233,131,99,74,50,34,371,368,362,360,375,409,68,68,69,73,77,78,231,119,81,48,31,16
2005,NEGO,36.3,88.6,106.3,46.7,73.9,72.22941176,53.06470588,10.43,15.76,22.25,25.45,23.93,18.68647059,11.29882353,6,9,11,6,11,3,6.941176471,4,5,7,4,9,0,4.176470588,237,111.6,6.6,1.7,0,47.30588235,229.1529412,0,31.9,124.2,222.4,173.6,90.5,10.70588235,1,1,1,1,2,4,217,222,236,246,235,212,413,410,401,394,390,379,233,131,99,74,50,34,371,368,362,360,375,409,68,68,69,73,77,78,231,119,81,48,31,16
2006,NEGO,48.9,25.4,102,124.2,62.9,91.84117647,37.11176471,13.38,17.95,23.66,26.21,23.22,19.11647059,11.65058824,7,6,9,8,7,6,6.529411765,4,4,7,5,4,5,3.470588235,152.4,78.2,0.3,0,2.7,43.6,205.8470588,7.2,66.3,159.9,244.3,154.4,18.1,14.41176471,1,1,1,1,2,4,217,222,236,246,235,212,413,410,401,394,390,379,233,131,99,74,50,34,371,368,362,360,375,409,68,68,69,73,77,78,231,119,81,48,31,16
2007,NEGO,129.6,230.4,52.4,123.2,26.2,110.2470588,77.63529412,9.34,17.36,21.24,24.83,25.19,19.17411765,10.76588235,11,11,6,8,7,8,7.058823529,10,8,5,6,3,4,4.764705882,276.8,57.3,8.9,0,1.1,45.25882353,239.3176471,7,27.2,96.2,201.5,213.6,68.4,12.25882353,1,1,1,1,2,4,217,222,236,246,235,212,413,410,401,394,390,379,233,131,99,74,50,34,371,368,362,360,375,409,68,68,69,73,77,78,231,119,81,48,31,16
2008,NEGO,85.48235294,107.6941176,87.55294118,72.38235294,97.03529412,63.67647059,80.44705882,10.19411765,16.70823529,21.58529412,24.42705882,23.13823529,20.15764706,10.28941176,8.352941176,9.235294118,9.176470588,7,8.529411765,5.764705882,6.176470588,6.176470588,6.176470588,6.176470588,4.705882353,5.941176471,3.882352941,3.882352941,247.1588235,87.8,10.06470588,1.376470588,4.541176471,34.46470588,236.4647059,4.558823529,38.02941176,107.4294118,190.0411765,141.0588235,50.72352941,12.4,1,1,1,1,2,4,217,222,236,246,235,212,413,410,401,394,390,379,233,131,99,74,50,34,371,368,362,360,375,409,68,68,69,73,77,78,231,119,81,48,31,16
2007,IAHV,161.9,129,111.6,117.8,160.7,88.72941176,78.54117647,7.69,18.32,21.37,23.07,23.62,17.98294118,10.72294118,8,9,5,5,13,7,9.823529412,7,6,4,4,10,4,5.764705882,325.1,50.5,4.2,0,1.7,52.19411765,223.3823529,5.9,50,95.3,146.9,165.7,48.8,5.476470588,3,3,3,3,4,6,389,394,409,400,396,395,513,507,489,495,496,472,335,217,148,102,61,37,98,99,102,106,107,133,62,61,62,63,64,69,251,208,108,67,33,14
2006,IADX,104,90,20,89.2,184.8,94.96470588,69.2,12.05,15.86,21.24,24.37,22.43,17.31411765,10.60882353,12,14,10,11,16,8,8.176470588,10,8,3,6,11,5,4.823529412,193.2,113.6,12.7,0.8,1.7,64.06470588,226.4176471,4.8,37,99.8,173.6,128.8,10.3,5.723529412,2,2,2,3,5,9,376,385,398,405,403,363,576,567,555,549,549,600,282,236,135,99,73,52,48,47,47,46,48,37,63,62,61,62,65,69,210,214,137,67,35,18
2004,MODE,96.3,89.4,44.6,216.5,44.6,0.8,92.2,10.52941176,16.03529412,21.07235294,23.51176471,22.25058824,18.66176471,11.25,8,10,7,11,4,1,14,6,5,5,9,3,0,9,234.1,107.9705882,17.40588235,2.435294118,8.935294118,55.32352941,204.0705882,8.205882353,36.98235294,97.58823529,159.2529412,135.6705882,67.61764706,14.04117647,14.27247956,13.9373297,13.93051771,16.05040872,24.30517711,34.18256131,288.0217984,290.972752,305.8978202,319.5490463,316.2152589,288.8964578,487.5762943,485.9918256,476.1103542,465.5776567,448.5517711,431.5435967,454.619891,233.9114441,172.1553134,122.5776567,96.49182561,79.87874659,224.3719346,223.0122616,217.9564033,214.866485,235.1716621,279.5762943,63.57629428,63.73978202,63.69209809,64.5599455,67.00953678,70.52179837,384.1839237,223.3501362,153.9768392,102.3841962,59.81743869,44.06811989
2000,INWR,45.5,109.6,229.3,84.7,83.2,71.39411765,63.03529412,9.32,17.42,20.45,21.55,21.55,17.60352941,11.22882353,8,13,17,9,9,9,8.294117647,3,8,11,8,6,7,4.823529412,270.5,60.3,24.7,0,3.6,67.8,211.1,0,34.2,88.1,99.6,100.3,43,9.141176471,14.27247956,13.9373297,13.93051771,16.05040872,24.30517711,34.18256131,288.0217984,290.972752,305.8978202,319.5490463,316.2152589,288.8964578,487.5762943,485.9918256,476.1103542,465.5776567,448.5517711,431.5435967,454.619891,233.9114441,172.1553134,122.5776567,96.49182561,79.87874659,224.3719346,223.0122616,217.9564033,214.866485,235.1716621,279.5762943,63.57629428,63.73978202,63.69209809,64.5599455,67.00953678,70.52179837,384.1839237,223.3501362,153.9768392,102.3841962,59.81743869,44.06811989
2001,INWR,65.4,101.8,125.9,136.4,126.5,105.2529412,106.8882353,11.91,17,19.88,22.28,22.55,17.50882353,11.13,13,14,11,12,9,10,9.647058824,8,11,10,10,6,8,5.941176471,204.4,68.1,40.9,3.6,0.3,67.30588235,218.1647059,11.7,25.1,84.8,125.9,131.1,24.2,8.5,14.27247956,13.9373297,13.93051771,16.05040872,24.30517711,34.18256131,288.0217984,290.972752,305.8978202,319.5490463,316.2152589,288.8964578,487.5762943,485.9918256,476.1103542,465.5776567,448.5517711,431.5435967,454.619891,233.9114441,172.1553134,122.5776567,96.49182561,79.87874659,224.3719346,223.0122616,217.9564033,214.866485,235.1716621,279.5762943,63.57629428,63.73978202,63.69209809,64.5599455,67.00953678,70.52179837,384.1839237,223.3501362,153.9768392,102.3841962,59.81743869,44.06811989
2004,INWR,36.9,172.3,173.1,126.3,118.7941176,13.7,72.43529412,10.95,17.4,20.22,21.73,20.65176471,18.8,10.90294118,6,15,18,13,8.176470588,3,13,5,11,8,9,6.411764706,1,5,233.3,68.6,17.7,3.6,18.23529412,32.8,223.4235294,11.9,46.4,74.3,108.8,82.12352941,46.9,3.1,14.27247956,13.9373297,13.93051771,16.05040872,24.30517711,34.18256131,288.0217984,290.972752,305.8978202,319.5490463,316.2152589,288.8964578,487.5762943,485.9918256,476.1103542,465.5776567,448.5517711,431.5435967,454.619891,233.9114441,172.1553134,122.5776567,96.49182561,79.87874659,224.3719346,223.0122616,217.9564033,214.866485,235.1716621,279.5762943,63.57629428,63.73978202,63.69209809,64.5599455,67.00953678,70.52179837,384.1839237,223.3501362,153.9768392,102.3841962,59.81743869,44.06811989
2005,INWR,65.57647059,77.41764706,92.81764706,93.82941176,89.35294118,97.60588235,87.36470588,11.28882353,17.30588235,21.66941176,24.36176471,23.17294118,18.49058824,10.75352941,7.882352941,9.176470588,9.941176471,8.588235294,8.823529412,6.411764706,7.941176471,5.470588235,6.529411765,7.058823529,6.294117647,5.882352941,4.411764706,5.352941176,216.1941176,82.35294118,14.5,2.147058824,6.476470588,44.75882353,237.7882353,7.047058824,50.82352941,114.4235294,187.9058824,162.9176471,62.96470588,7.935294118,14.27247956,13.9373297,13.93051771,16.05040872,24.30517711,34.18256131,288.0217984,290.972752,305.8978202,319.5490463,316.2152589,288.8964578,487.5762943,485.9918256,476.1103542,465.5776567,448.5517711,431.5435967,454.619891,233.9114441,172.1553134,122.5776567,96.49182561,79.87874659,224.3719346,223.0122616,217.9564033,214.866485,235.1716621,279.5762943,63.57629428,63.73978202,63.69209809,64.5599455,67.00953678,70.52179837,384.1839237,223.3501362,153.9768392,102.3841962,59.81743869,44.06811989
2000,NEDA,47.7,99.3,144,80,61.43529412,75.26470588,42.82352941,10.45,17.96,20.13,23.12,22.81294118,18.44941176,11.50411765,10,10,13,11,8,6.294117647,6.058823529,4,9,8,5,3,4.294117647,3.823529412,237.3,57,21.4,4.7,6.270588235,54.91176471,225.6470588,0.9,45.5,75.2,153,153.4,69.98823529,10.02352941,3,2,2,3,7,11,349,360,355,340,363,372,544,530,535,546,534,521,239,160,122,83,60,44,106,110,111,114,103,107,72,73,73,76,78,79,284,178,120,77,54,38
2001,NEDA,132.4,149.2,65.4,55.4,93.37647059,88.24117647,74.71176471,10.88,16.46,21.35,24.33,23.17941176,18.00411765,10.55470588,12,16,9,10,9,7.882352941,7.941176471,7,10,4,9,7,5.352941176,5.647058824,236.2,92.2,18.6,0,1.717647059,62.29411765,253.1294118,12.5,34.2,109,186,118.6,49.60588235,10.02941176,3,2,2,3,7,11,349,360,355,340,363,372,544,530,535,546,534,521,239,160,122,83,60,44,106,110,111,114,103,107,72,73,73,76,78,79,284,178,120,77,54,38
2002,NEDA,76.1,66,93.8,105.6,92.49411765,90.22352941,53.17058824,10.57,14.37,23.74,25.4,22.41294118,18.07529412,10.79294118,12,10,11,9,12,6.470588235,7.529411765,6,4,7,6,10,4.588235294,3.882352941,245.9,154.7,2.8,0,5.429411765,59.20588235,258.8941176,12.9,32,165.1,219.2,115.1,63.13529412,9.217647059,3,2,2,3,7,11,349,360,355,340,363,372,544,530,535,546,534,521,239,160,122,83,60,44,106,110,111,114,103,107,72,73,73,76,78,79,284,178,120,77,54,38
2003,NEDA,79.9,96.3,102.6,94.5,76.44705882,72.65882353,61.37058824,10.46,14.46,20.27,23.57,23.15941176,17.92294118,10.73411765,8,10,14,8,7,7.764705882,7.588235294,6,8,9,5,2,5.176470588,4.529411765,243.6,128,19.8,0.3,3.129411765,60.82941176,260.0588235,7.3,7.8,77.8,162.5,161.6,56.46470588,10,3,2,2,3,7,11,349,360,355,340,363,372,544,530,535,546,534,521,239,160,122,83,60,44,106,110,111,114,103,107,72,73,73,76,78,79,284,178,120,77,54,38
2004,NEDA,83.10588235,91.95294118,77.76470588,57.69411765,93.77058824,71.30588235,80.44705882,11.02764706,16.55529412,21.94823529,24.87176471,23.20352941,20.15764706,10.28941176,9.058823529,8.941176471,9.058823529,6.647058824,9.411764706,5.294117647,6.294117647,6.235294118,5.764705882,6,4.470588235,6.764705882,3.705882353,4.176470588,223.2470588,93.98235294,12.57647059,0.752941176,3.782352941,34.46470588,236.4647059,7.005882353,40.04705882,120.3529412,203.0588235,141.4647059,53.09411765,12.4,3,2,2,3,7,11,349,360,355,340,363,372,544,530,535,546,534,521,239,160,122,83,60,44,106,110,111,114,103,107,72,73,73,76,78,79,284,178,120,77,54,38
2005,NEDA,106.2,86.2,105.1,63.8,103.8647059,82.20588235,69.81176471,12.22,16.24,23.83,25.22,23.73411765,19.27117647,11.29882353,11,9,12,5,7,6.882352941,8.058823529,8,5,9,4,4,4.352941176,4.705882353,190.3,101.8,0.8,0.8,0.611764706,45.03529412,236.6,6.9,36.8,165.8,214.2,154.4,65.26470588,13.24117647,3,2,2,3,7,11,349,360,355,340,363,372,544,530,535,546,534,521,239,160,122,83,60,44,106,110,111,114,103,107,72,73,73,76,78,79,284,178,120,77,54,38
2006,NEDA,85.7,22.2,82,9.2,118.8,89.45294118,53.41764706,12.18,17.42,22.35,25.31,23.25470588,18.44647059,11.18,11,7,7,4,12,6.705882353,7.294117647,8,2,3,2,10,4,3.941176471,190.7,84.4,5.2,0,1.811764706,55.07647059,227.0470588,6.1,56,125.8,216.3,134.8,54.41764706,9.376470588,3,2,2,3,7,11,349,360,355,340,363,372,544,530,535,546,534,521,239,160,122,83,60,44,106,110,111,114,103,107,72,73,73,76,78,79,284,178,120,77,54,38
2007,NEDA,117.8,120.4,68.7,55.7,106.2294118,72.00588235,75.72352941,8.95,18.72,22.18,24.69,23.32588235,18.93411765,10.76588235,10,10,8,4,18,6.705882353,8.117647059,7,7,4,1,10,4.941176471,5.588235294,294.7,44.5,5.3,0,0.976470588,50.61176471,236.0705882,13.1,56.4,120.7,197.2,164.5,55.91176471,12.49411765,3,2,2,3,7,11,349,360,355,340,363,372,544,530,535,546,534,521,239,160,122,83,60,44,106,110,111,114,103,107,72,73,73,76,78,79,284,178,120,77,54,38
2008,NEDA,70.9,132.2,85.2,111.4,85.12941176,85.65294118,61.18823529,7.66,14.69,20.8,23.64,22.03647059,17.23235294,10.18058824,8,10,11,10,5,7.176470588,6.882352941,6,7,7,8,4,4.823529412,4.705882353,320.1,126.2,2,0,4,72.23529412,271.4352941,0,13.2,76.1,164.6,114.3,38.22352941,7.429411765,3,2,2,3,7,11,349,360,355,340,363,372,544,530,535,546,534,521,239,160,122,83,60,44,106,110,111,114,103,107,72,73,73,76,78,79,284,178,120,77,54,38
2001,NEHM,53.9,187.5,49.6,53.3,41.8,72.97058824,74.12941176,11.51,17.32,21.29,25.05,23.62,18.61764706,10.59529412,10,10,6,14,6,9,7.882352941,3,9,5,7,3,6,5.235294118,211.6,75.8,21,0,0.3,50.57058824,253.2941176,6.9,46.6,112.1,208.2,161.7,40.1,10.23529412,0,0,0,1,7,6,291,318,363,402,390,337,596,578,540,508,517,557,318,196,151,100,76,53,113,104,97,90,93,107,60,60,62,67,72,75,283,183,127,77,39,14
2002,NEHM,52.8,114.4,122.4,18.5,55.1,94.6,60.77647059,11.19,15.72235294,24.58,25.83,23.55,18.98,11.33117647,7,11,6,3,9,7,6.470588235,3,7,5,1,6,6,4.235294118,209.6,113.1,2.6,0,0,49.8,218.7588235,14.2,32.61764706,189.8,232.4,157.3,69.3,4.2,0,0,0,1,7,6,291,318,363,402,390,337,596,578,540,508,517,557,318,196,151,100,76,53,113,104,97,90,93,107,60,60,62,67,72,75,283,183,127,77,39,14
2003,NEHM,82.1,87.4,189.1,45.4,84,79.15294118,47.26470588,11.34,15.21,20.56,25.11,23.79,18.28823529,11.20823529,9,10,13,3,6,7,5.470588235,5,9,12,3,5,5,3.705882353,214.1,103.4,19.2,0,4.4,56.57647059,234.9941176,7.6,10.9,88.6,205.7,173.6,25.8,12.15294118,0,0,0,1,7,6,291,318,363,402,390,337,596,578,540,508,517,557,318,196,151,100,76,53,113,104,97,90,93,107,60,60,62,67,72,75,283,183,127,77,39,14
2006,NCSA,95.65294118,103.5588235,99.52941176,125.8411765,132.4470588,82.61764706,64.35294118,14.81823529,18.68941176,23.46235294,25.98235294,24.72823529,19.93823529,10.46764706,9.294117647,9.823529412,11.17647059,11.35294118,10.64705882,9.235294118,6.705882353,5.705882353,5.823529412,7.235294118,7.352941176,6,5.647058824,3.647058824,131.5117647,58.18235294,5.158823529,0.929411765,4.311764706,36.45882353,252.8470588,28.2,70,158.6470588,235.1,192.7823529,114.8647059,14.3,8,9,8,6,9,9,131,126,199,267,287,282,336,322,298,283,264,235,581,177,108,54,70,61,533,552,503,450,449,483,49,50,50,50,50,50,680,158,125,81,68,40
2007,ILCE,73.75882353,77.07647059,103.1,111.2294118,94.84117647,111.3764706,79.76470588,11.43647059,17.37117647,22.36176471,23.47294118,23.11882353,18.37823529,11.66470588,9.705882353,10.64705882,9.941176471,9.705882353,8.705882353,7.588235294,7.529411765,6.470588235,6.647058824,6.529411765,6.588235294,6.058823529,5.411764706,5.235294118,204.3411765,76.60588235,7.511764706,0.970588235,3.341176471,55.87647059,208.7294118,6.323529412,47.05294118,123.6117647,157.1882353,149.7823529,65.93529412,9.705882353,4,3,3,4,6,15,307,309,312,342,333,290,631,630,628,601,600,611,567,237,159,102,70,52,63,61,60,57,67,98,62,62,62,61,63,69,354,229,139,89,45,22
2004,INLB,40.4,134.1,139.5,84.1,87.4,18.8,71,10.38647059,16.00705882,19.68529412,22.02941176,20.72,17.23,11.20941176,5,15,10,13,8,4,12,4,9,6,6,8,2,8,238.7117647,103.8411765,28.52352941,5.435294118,19.76470588,68.69411765,219.8470588,6.505882353,32.24705882,68.32941176,117.8235294,96.43529412,48.72352941,7.158823529,14.27247956,13.9373297,13.93051771,16.05040872,24.30517711,34.18256131,288.0217984,290.972752,305.8978202,319.5490463,316.2152589,288.8964578,487.5762943,485.9918256,476.1103542,465.5776567,448.5517711,431.5435967,454.619891,233.9114441,172.1553134,122.5776567,96.49182561,79.87874659,224.3719346,223.0122616,217.9564033,214.866485,235.1716621,279.5762943,63.57629428,63.73978202,63.69209809,64.5599455,67.00953678,70.52179837,384.1839237,223.3501362,153.9768392,102.3841962,59.81743869,44.06811989
2005,INLB,99.2,56.5,80.3,140.6,70.6,123.2,27.6,10.50823529,15.87176471,21.38058824,23.52411765,22.83176471,18.27294118,11.05882353,11,6,9,11,11,7,7,8,5,5,7,7,5,3,228.6058824,107.5705882,15.6,1.241176471,2.176470588,64.54705882,223.7235294,4.358823529,31.54705882,105.1117647,158.9235294,143.4058824,58.75882353,8.558823529,14.27247956,13.9373297,13.93051771,16.05040872,24.30517711,34.18256131,288.0217984,290.972752,305.8978202,319.5490463,316.2152589,288.8964578,487.5762943,485.9918256,476.1103542,465.5776567,448.5517711,431.5435967,454.619891,233.9114441,172.1553134,122.5776567,96.49182561,79.87874659,224.3719346,223.0122616,217.9564033,214.866485,235.1716621,279.5762943,63.57629428,63.73978202,63.69209809,64.5599455,67.00953678,70.52179837,384.1839237,223.3501362,153.9768392,102.3841962,59.81743869,44.06811989
2006,INLB,114.5,124.2,110.9,134.1,155.7,100.8,134.7,11.77647059,16.48470588,20.86294118,23.35705882,22.26882353,18.12352941,10.61588235,12,12,14,11,14,13,14,9,10,9,7,8,7,7,207.6529412,90.87647059,15.84705882,1.270588235,5.341176471,62.66470588,224.8470588,8.188235294,34.81764706,90.16470588,152.9882353,131.6764706,41,7.605882353,14.27247956,13.9373297,13.93051771,16.05040872,24.30517711,34.18256131,288.0217984,290.972752,305.8978202,319.5490463,316.2152589,288.8964578,487.5762943,485.9918256,476.1103542,465.5776567,448.5517711,431.5435967,454.619891,233.9114441,172.1553134,122.5776567,96.49182561,79.87874659,224.3719346,223.0122616,217.9564033,214.866485,235.1716621,279.5762943,63.57629428,63.73978202,63.69209809,64.5599455,67.00953678,70.52179837,384.1839237,223.3501362,153.9768392,102.3841962,59.81743869,44.06811989
2002,MNKE,83.8,46.9,260.8,107.7,145.6,103.2,66.36470588,6.81,11.29,20.94,23.66,18.03,17.16117647,10.55941176,10,8,13,10,8,10,7.764705882,8,6,10,9,6,8,4.941176471,352,226.4,23,0.9,40.2,71.17058824,262.2470588,6.3,8.1,101.2,159.5,33.4,42.8,5.482352941,14.27247956,13.9373297,13.93051771,16.05040872,24.30517711,34.18256131,288.0217984,290.972752,305.8978202,319.5490463,316.2152589,288.8964578,487.5762943,485.9918256,476.1103542,465.5776567,448.5517711,431.5435967,454.619891,233.9114441,172.1553134,122.5776567,96.49182561,79.87874659,224.3719346,223.0122616,217.9564033,214.866485,235.1716621,279.5762943,63.57629428,63.73978202,63.69209809,64.5599455,67.00953678,70.52179837,384.1839237,223.3501362,153.9768392,102.3841962,59.81743869,44.06811989
2003,MNKE,55.7,120.4,107.8,61.5,41.8,39.6,67.57058824,6.74,13.42411765,19.31647059,21.76,22.06,15.87,10.27470588,7,7,14,10,5,3,4,5,7,10,7,4,3,4.823529412,333.1,152.9058824,27.36470588,3.3,4.5,112.1,259.2117647,0,5.135294118,56.20588235,109.3,116.6,38.3,7.2,14.27247956,13.9373297,13.93051771,16.05040872,24.30517711,34.18256131,288.0217984,290.972752,305.8978202,319.5490463,316.2152589,288.8964578,487.5762943,485.9918256,476.1103542,465.5776567,448.5517711,431.5435967,454.619891,233.9114441,172.1553134,122.5776567,96.49182561,79.87874659,224.3719346,223.0122616,217.9564033,214.866485,235.1716621,279.5762943,63.57629428,63.73978202,63.69209809,64.5599455,67.00953678,70.52179837,384.1839237,223.3501362,153.9768392,102.3841962,59.81743869,44.06811989
2004,MNKE,46.7,216.4,124.1,166.6,64,87.41764706,72.15882353,8.14,13.09,17.76,20.45,17.68,17.62823529,10.41117647,5,17,12,11,12,7,7.764705882,3,13,8,8,8,4,4.823529412,293.3,166.4,50.3,8.4,56.1,57.76470588,250.0882353,2,7.2,32.7,66.6,36.3,51.4,4.529411765,14.27247956,13.9373297,13.93051771,16.05040872,24.30517711,34.18256131,288.0217984,290.972752,305.8978202,319.5490463,316.2152589,288.8964578,487.5762943,485.9918256,476.1103542,465.5776567,448.5517711,431.5435967,454.619891,233.9114441,172.1553134,122.5776567,96.49182561,79.87874659,224.3719346,223.0122616,217.9564033,214.866485,235.1716621,279.5762943,63.57629428,63.73978202,63.69209809,64.5599455,67.00953678,70.52179837,384.1839237,223.3501362,153.9768392,102.3841962,59.81743869,44.06811989
2005,MNKE,62,119.4058824,186.2,49.8,113.2823529,99.93529412,47.5,9.53,15.72352941,21.89,23.18,22.89882353,18.41705882,10.09,8,11.47058824,13,6,8.764705882,8.588235294,7,5,7.647058824,12,5,5.764705882,5.882352941,5,264.2,112.8705882,3.5,2.5,5.394117647,57.41764706,273,0,33.58823529,105.8,152.8,149.9647059,64.49411765,17.5,14.27247956,13.9373297,13.93051771,16.05040872,24.30517711,34.18256131,288.0217984,290.972752,305.8978202,319.5490463,316.2152589,288.8964578,487.5762943,485.9918256,476.1103542,465.5776567,448.5517711,431.5435967,454.619891,233.9114441,172.1553134,122.5776567,96.49182561,79.87874659,224.3719346,223.0122616,217.9564033,214.866485,235.1716621,279.5762943,63.57629428,63.73978202,63.69209809,64.5599455,67.00953678,70.52179837,384.1839237,223.3501362,153.9768392,102.3841962,59.81743869,44.06811989
2006,MNKE,73.9,68.1,46.2,75.95294118,177.7,137.5,71.77058824,10.1,11.87,20.17,23.01705882,21.27,14.28,9.959411765,12,12,9,6.882352941,9,11,6,9,8,4,4.764705882,6,7,2,247.1,224.4,18.3,2.964705882,0,136.4,258.4529412,0,23.3,73.6,146.3764706,91.2,14.7,5.3,14.27247956,13.9373297,13.93051771,16.05040872,24.30517711,34.18256131,288.0217984,290.972752,305.8978202,319.5490463,316.2152589,288.8964578,487.5762943,485.9918256,476.1103542,465.5776567,448.5517711,431.5435967,454.619891,233.9114441,172.1553134,122.5776567,96.49182561,79.87874659,224.3719346,223.0122616,217.9564033,214.866485,235.1716621,279.5762943,63.57629428,63.73978202,63.69209809,64.5599455,67.00953678,70.52179837,384.1839237,223.3501362,153.9768392,102.3841962,59.81743869,44.06811989
2008,MNKE,116.4,101.6,105.7,75.8,75.8,77.01764706,68.73529412,5.45,12.48,18.96,22.15,20.52,17.51058824,9.945882353,10,10,11,8,8,9,7.647058824,6,7,10,5,5,6,5.411764706,386.6,183.3,14.6,3,6.6,65.96470588,254.8352941,0,1.9,33.3,121.4,74.4,26,6.141176471,14.27247956,13.9373297,13.93051771,16.05040872,24.30517711,34.18256131,288.0217984,290.972752,305.8978202,319.5490463,316.2152589,288.8964578,487.5762943,485.9918256,476.1103542,465.5776567,448.5517711,431.5435967,454.619891,233.9114441,172.1553134,122.5776567,96.49182561,79.87874659,224.3719346,223.0122616,217.9564033,214.866485,235.1716621,279.5762943,63.57629428,63.73978202,63.69209809,64.5599455,67.00953678,70.52179837,384.1839237,223.3501362,153.9768392,102.3841962,59.81743869,44.06811989
2004,WILE,47.7,157.7,118.6352941,110,85.59411765,8.4,67.94705882,8.46,13.37,18.34,20.26,17.84,17.91,9.745882353,6,14,11.41176471,10,8.647058824,1,9,5,10,7.705882353,9,5.352941176,1,8,297.6,157.4,41.2,14.1,55.6,52.2,275.2294118,1.5,3.6,41.4,73.8,40.3,39.4,0,5,6,5,9,29,59,269,270,290,302,354,180,646,653,641,628,488,391,1186,284,149,111,74,108,85,77,69,70,157,429,61,61,59,57,60,68,426,244,138,110,69,34
2005,WILE,19.5,85,111.2411765,112.3,78.1,73.52941176,53.77647059,10.11,12.59,20.06352941,22.19,20.91,18.41,9.772352941,5,11,12.35294118,5,5,7.823529412,5,4,10,8.470588235,5,5,5.176470588,3,247.8,177.9,24.37647059,7.8,7.2,50.3,259.3,1.1,1.4,76.45882353,127.4,87,51.6,13.1,5,6,5,9,29,59,269,270,290,302,354,180,646,653,641,628,488,391,1186,284,149,111,74,108,85,77,69,70,157,429,61,61,59,57,60,68,426,244,138,110,69,34
2006,WILE,92.48235294,109.6,137.2529412,103.6,75.56470588,136.6,47.77058824,10.09,14.14,19.09,22.9,20.41,14.1,9.745882353,10.35294118,13,13.29411765,5,7.941176471,8,8,6.882352941,13,9.117647059,5,5,8,7,247.2,156.2,23.7,2.5,3.3,134.5,274.1117647,0,26.1,46.6,144.3,67.8,7.6,1.4,5,6,5,9,29,59,269,270,290,302,354,180,646,653,641,628,488,391,1186,284,149,111,74,108,85,77,69,70,157,429,61,61,59,57,60,68,426,244,138,110,69,34
2008,WILE,184.3,80.2,347.1,123.5,42.2,80.78823529,66.86470588,6.99,11.59,18.63,20.88,19.35,17.01941176,10.83705882,11,6,11,7,8,9,7.235294118,10,6,11,7,5,7,5.176470588,340.2,209,22.2,6.1,15,73.95882353,261.1764706,0,0,31.1,85.1,46.5,17.8,5.458823529,5,6,5,9,29,59,269,270,290,302,354,180,646,653,641,628,488,391,1186,284,149,111,74,108,85,77,69,70,157,429,61,61,59,57,60,68,426,244,138,110,69,34
2001,IADA,82.05294118,125.2176471,106.1764706,124,96.78235294,111.8176471,49.24705882,10.97411765,15.92882353,20.90117647,23.30411765,22.02352941,18.32411765,11.66470588,9.176470588,11.70588235,10.70588235,8.352941176,8.235294118,6.588235294,5.941176471,6.588235294,8.058823529,7.411764706,5.941176471,5.882352941,4.058823529,3.941176471,222.4,102.9411765,17.30588235,2.405882353,9.329411765,67.26470588,208.7294118,8.052941176,29.76470588,93.82941176,153.7705882,121.8823529,48.71764706,18.52941176,25,23,23,26,27,34,344,359,358,363,337,319,400,390,391,395,383,396,467,270,211,110,69,48,256,251,251,242,280,285,65,64,64,64,67,71,435,271,143,83,43,20
2002,IADA,85.62941176,122.6176471,93.68235294,123.6470588,112.7882353,113.2352941,49.24705882,10.85647059,16.06,20.90117647,23.40294118,22.02352941,18.32411765,11.66470588,9.176470588,11.29411765,10.11764706,8.705882353,9.294117647,6.705882353,5.941176471,6.705882353,7.647058824,6.823529412,6.235294118,6.588235294,4.117647059,3.941176471,226.3588235,99.87647059,17.30588235,2,9.329411765,67.26470588,208.7294118,8.482352941,30.65882353,93.82941176,156.4235294,127.1058824,48.71764706,18.52941176,25,23,23,26,27,34,344,359,358,363,337,319,400,390,391,395,383,396,467,270,211,110,69,48,256,251,251,242,280,285,65,64,64,64,67,71,435,271,143,83,43,20
2003,IADA,86.18823529,122.6176471,93.68235294,123.6470588,115.1941176,113.2352941,56.98823529,11.03941176,16.05529412,21.02588235,23.52352941,22.13529412,18.36823529,11.66470588,9.176470588,11.29411765,10.05882353,8.705882353,9.529411765,6.705882353,5.941176471,6.705882353,7.647058824,6.588235294,6.235294118,6.705882353,4.117647059,3.941176471,221.3882353,101.0941176,16.98235294,2.111764706,9.147058824,65.44705882,208.7294118,8.694117647,31.94705882,97.02352941,160.3647059,125.4882353,48.16470588,18.52941176,25,23,23,26,27,34,344,359,358,363,337,319,400,390,391,395,383,396,467,270,211,110,69,48,256,251,251,242,280,285,65,64,64,64,67,71,435,271,143,83,43,20
2004,IADA,89.72352941,115.6058824,91.01176471,123.1823529,113.1647059,113.2352941,61.75882353,10.93823529,16.34764706,21.13588235,23.56117647,22.27235294,18.36823529,11.66470588,9.058823529,10.88235294,10.52941176,8.941176471,9.529411765,6.529411765,5.941176471,6.764705882,7.235294118,6.882352941,6.411764706,6.764705882,4.176470588,3.941176471,224.7882353,93.81764706,14.04705882,1.670588235,8.352941176,65.44705882,208.7294118,8.158823529,34.09411765,97.40588235,161.0941176,133.3941176,50.10588235,18.52941176,25,23,23,26,27,34,344,359,358,363,337,319,400,390,391,395,383,396,467,270,211,110,69,48,256,251,251,242,280,285,65,64,64,64,67,71,435,271,143,83,43,20
2005,IADA,88.07058824,109.6823529,101.8235294,130.8117647,116.4764706,113.2352941,61.75882353,10.69647059,16.22058824,21.12823529,23.30647059,22.16470588,18.36823529,11.66470588,9.058823529,10.47058824,10.70588235,9.058823529,9.764705882,6.823529412,5.941176471,6.529411765,6.941176471,6.764705882,6.470588235,7,4.352941176,3.941176471,231.5294118,96.21764706,13.43529412,2.094117647,8.452941176,61.14705882,208.7294118,8.258823529,32.66470588,96.55882353,153.9117647,125.5529412,49.92941176,18.52941176,25,23,23,26,27,34,344,359,358,363,337,319,400,390,391,395,383,396,467,270,211,110,69,48,256,251,251,242,280,285,65,64,64,64,67,71,435,271,143,83,43,20
2000,IAMA,77,77.7,282.3,92.1,58.2,97.51764706,59.44705882,8.64,16.17,19.18,21.49,21.42,17.19529412,10.71764706,8,13,16,10,9,10,6.823529412,6,8,11,6,5,6,4.352941176,286.8,92.8,30.1,4.5,4.7,75.84117647,234.2588235,0,25.9,55.6,102.3,100.4,62.9,4.888235294,12,12,12,14,36,52,231,230,218,210,211,188,336,339,343,334,265,262,358,176,127,72,45,40,434,431,440,457,524,550,61,60,58,57,57,63,327,178,109,96,29,17
2001,IAMA,96.4,128.2,112.7,112.7235294,98.6,148.6,84.25294118,11.02,15.95,18.99,22.90764706,21.88,15.46,11.60470588,13,15,12,8.235294118,10,9,9,9,9,9,5.294117647,7,7,6,223.8,101.2,48.8,1.782352941,6.1,102.1,222.0764706,4.5,27.5,68.5,140.9235294,116.2,15.8,0,12,12,12,14,36,52,231,230,218,210,211,188,336,339,343,334,265,262,358,176,127,72,45,40,434,431,440,457,524,550,61,60,58,57,57,63,327,178,109,96,29,17
2001,NEFU,91,79.2,40.2,54.8,121.6,82.13529412,63.24117647,11.13,16.87,21.19,26.13,24.1,18.53588235,11.09882353,7,6,5,6,5,7,7.882352941,5,5,3,4,4,6,4.705882353,221.8,83.1,26.3,0,0,52.58235294,248.9588235,5.8,38.4,110.2,213.1,178.7,48.6,11.05882353,5,5,5,5,10,12,266,272,297,310,265,255,540,538,520,511,540,514,249,155,130,96,49,35,194,190,184,179,195,231,63,64,67,72,78,80,249,151,103,64,29,15
2002,NEFU,16.4,72,38.4,7.1,135.2,78.02352941,62.20588235,11,14.14,24.67,25.78,23.33,18.19,10.58117647,4,8,3,2,6,3,8.352941176,3,5,3,2,6,3,5,206.2,143.9,2,0,4.4,55.77647059,244.7588235,9.2,18.1,191.5,223.3,152.3,65,10.44117647,5,5,5,5,10,12,266,272,297,310,265,255,540,538,520,511,540,514,249,155,130,96,49,35,194,190,184,179,195,231,63,64,67,72,78,80,249,151,103,64,29,15
2005,NEFU,43.1,121.7,117.1,19.3,71.9,64.02352941,59.9,10.58,15.65,22.08,24.73,23.09,18.93411765,11.53294118,4,8,9,3,9,2,6.117647059,4,6,8,2,7,2,3.882352941,233.6,115.6,8.1,2,1.1,48.78823529,246.5764706,0.9,32.6,120.5,200.4,148.6,89.3,11.06470588,5,5,5,5,10,12,266,272,297,310,265,255,540,538,520,511,540,514,249,155,130,96,49,35,194,190,184,179,195,231,63,64,67,72,78,80,249,151,103,64,29,15
2006,NEFU,35.4,29.3,109,67.4,186,78.11176471,62.37058824,12.65,17.37,22.19,25.01,22.84,18.15941176,10.69705882,8,7,10,4,10,5,7.764705882,5,1,7,4,8,3,4.588235294,171.9,86.6,0,0,2.2,56.81176471,231.4117647,8.7,60.9,115.6,206.9,142,17.8,10.81764706,5,5,5,5,10,12,266,272,297,310,265,255,540,538,520,511,540,514,249,155,130,96,49,35,194,190,184,179,195,231,63,64,67,72,78,80,249,151,103,64,29,15
2007,NEFU,216.6,131.4,128.8,130.6,87.9,122.2352941,59.85294118,8.57,17.38,20.84,24.48,24.73,18.57352941,10.73352941,11,10,8,6,5,9,6.882352941,8,9,7,5,3,5,4.705882353,293,50.4,13.9,0,0.8,49.98235294,233.4588235,0,21.1,88.9,186.8,199.2,56.5,12.65294118,5,5,5,5,10,12,266,272,297,310,265,255,540,538,520,511,540,514,249,155,130,96,49,35,194,190,184,179,195,231,63,64,67,72,78,80,249,151,103,64,29,15
2000,IAWI,45.2,79.1,173.1,88.4,53.7,75.28235294,65.01764706,10.34,18.53,20.68,23.08,24.1,17.77941176,11.86352941,8,10,15,12,9,7,7.529411765,3,5,8,9,4,2,5,236.6,47.5,16,2,0.8,65.28823529,201.6352941,0.9,53.4,86.5,149.1,179.7,87.2,8.723529412,5,2,2,2,2,2,336,334,340,365,354,338,603,606,600,575,585,595,315,225,152,109,69,48,61,60,60,59,61,66,65,64,64,64,64,69,265,215,129,77,42,24
2001,IAWI,103.9,226.7,71.3,64.3,55.3,95.34117647,68.14705882,12.43,16.66,21.17,25.16,23.23,18.85352941,11.15294118,17,17,9,8,6,9,8.294117647,9,12,5,5,3,7,5.470588235,185.1,82.9,21.3,0,0.6,44.05882353,213.8705882,8.1,28.6,101.7,211.6,152.3,30.9,7.047058824,5,2,2,2,2,2,336,334,340,365,354,338,603,606,600,575,585,595,315,225,152,109,69,48,61,60,60,59,61,66,65,64,64,64,64,69,265,215,129,77,42,24
2002,IAWI,84.1,95.4,21.4,57.1,124.1,84.41764706,69.99411765,10.53,14.66,24.05,25.8,22.6,18.61647059,11.06117647,12,12,2,10,10,7,7.176470588,8,7,1,8,6,4,4.294117647,235.6,137.8,2.2,0,5,48.47647059,214.9411765,10.3,26.1,173.6,231.3,134.9,77.6,9.052941176,5,2,2,2,2,2,336,334,340,365,354,338,603,606,600,575,585,595,315,225,152,109,69,48,61,60,60,59,61,66,65,64,64,64,64,69,265,215,129,77,42,24
2003,IAWI,109.2,95.8,66.1,67.4,21.1,109.7882353,73.49411765,11.1,14.91,20.12,24.01,24.24,16.97470588,11.05,14,14,11,10,6,4,6.588235294,10,7,5,5,1,3,4.588235294,231.5,115.2,17.2,0.3,0,80.25882353,224.1411765,14.5,9,70.9,176.4,175,31.1,2.876470588,5,2,2,2,2,2,336,334,340,365,354,338,603,606,600,575,585,595,315,225,152,109,69,48,61,60,60,59,61,66,65,64,64,64,64,69,265,215,129,77,42,24
2003,MNDA,51.6,91.4,61.3,43.1,12.9,82.1,24.2,9.713529412,15.51352941,20.21823529,22.76235294,22.31058824,17.94058824,10.65647059,5,12,10,8,5,7,4,3,10,6,6,3,4,3,264.7058824,116.8588235,27.35294118,3.747058824,6.170588235,63.34117647,244.7176471,10.51764706,30.45882353,82.09411765,140.0117647,149.5647059,49.35882353,5.8,17,17,16,19,33,34,299,306,295,294,294,269,380,376,380,375,372,347,399,365,208,134,101,80,320,318,325,331,334,384,72,72,72,75,77,77,481,329,233,152,93,68
2004,MNDA,35.8,111.3,60.1,40.4,89.1,119.4,135.2,9.571764706,15.38647059,20.25647059,23.31411765,21.92352941,17.60470588,11.07941176,3,10,10,9,8,12,7,3,8,7,7,5,9,5,264.9117647,114.2,26.77058824,4.641176471,11.22941176,68.17647059,235.4352941,4.335294118,23.98235294,84.04117647,156.2764706,151.5176471,41.9,8.782352941,17,17,16,19,33,34,299,306,295,294,294,269,380,376,380,375,372,347,399,365,208,134,101,80,320,318,325,331,334,384,72,72,72,75,77,77,481,329,233,152,93,68
2006,MNDA,83.9,55.6,55.9,69.57647059,102.4,129.9,8.6,9.727058824,15.72470588,21.13470588,24.05764706,23.04823529,18.24117647,10.72235294,10,8,11,6.235294118,10,12,3,7,6,6,4.705882353,7,8,2,263.4,110.6823529,13.43529412,1.205882353,4.376470588,59.97058824,242.8176471,7.264705882,30.53529412,96.71176471,175.8764706,154.5411765,51.24117647,11.91764706,17,17,16,19,33,34,299,306,295,294,294,269,380,376,380,375,372,347,399,365,208,134,101,80,320,318,325,331,334,384,72,72,72,75,77,77,481,329,233,152,93,68
2002,NCMO,96.2,102,57.1,81,126.5,104.5941176,79.47647059,19.92,21.35,26.47,28.61,27.62,21.05823529,12.02,11,11,10,8,10,9,8.529411765,4,6,7,6,9,7,5.352941176,40.9,27.8,0,0,0,28.01764706,175.4,85.9,121.3,244.2,318.5,273.2,184,26.64117647,14.27247956,13.9373297,13.93051771,16.05040872,24.30517711,34.18256131,288.0217984,290.972752,305.8978202,319.5490463,316.2152589,288.8964578,487.5762943,485.9918256,476.1103542,465.5776567,448.5517711,431.5435967,454.619891,233.9114441,172.1553134,122.5776567,96.49182561,79.87874659,224.3719346,223.0122616,217.9564033,214.866485,235.1716621,279.5762943,63.57629428,63.73978202,63.69209809,64.5599455,67.00953678,70.52179837,384.1839237,223.3501362,153.9768392,102.3841962,59.81743869,44.06811989
2003,NCMO,166.4,147.3294118,94.20588235,123.6235294,116.8117647,119.8235294,83.25882353,16.08,19.77352941,24.32588235,26.48235294,25.83235294,20.51,11.37882353,10,10.64705882,10.17647059,9.647058824,9.176470588,8.941176471,8.294117647,7,7,6.294117647,6.352941176,5.470588235,5.941176471,5.705882353,91.3,39.93529412,2.3,0,0.370588235,32.72352941,194.9176471,23.6,83.67058824,176.7058824,244.3647059,224.2647059,96.78235294,23.92941176,14.27247956,13.9373297,13.93051771,16.05040872,24.30517711,34.18256131,288.0217984,290.972752,305.8978202,319.5490463,316.2152589,288.8964578,487.5762943,485.9918256,476.1103542,465.5776567,448.5517711,431.5435967,454.619891,233.9114441,172.1553134,122.5776567,96.49182561,79.87874659,224.3719346,223.0122616,217.9564033,214.866485,235.1716621,279.5762943,63.57629428,63.73978202,63.69209809,64.5599455,67.00953678,70.52179837,384.1839237,223.3501362,153.9768392,102.3841962,59.81743869,44.06811989
2002,MNPR,65.22352941,125.6705882,137.0529412,104.1294118,108.3176471,105.6647059,49.69411765,8.511176471,13.54941176,19.81117647,22.28352941,20.54352941,17.90411765,10.43588235,8.176470588,12.23529412,12.52941176,8.823529412,8.588235294,7.882352941,6.647058824,5.647058824,8.705882353,8.764705882,6.235294118,6.058823529,5,3.941176471,294.1882353,160.1941176,28.42941176,5.311764706,14.81764706,72.57058824,252.0647059,2.311764706,13.54705882,72.28823529,124.9764706,82.5,41.28823529,9.894117647,53,53,52,54,59,72,314,316,330,341,323,313,488,487,477,459,456,451,389,316,309,206,219,183,199,196,193,200,221,236,71,72,72,75,77,78,461,334,271,158,122,104
2008,MNPR,85,92.1,75.6,95.8,69.8,81.49411765,73.84705882,5.18,12.52,18.91,22.5,20.96,17.50470588,9.945882353,7,9,9,8,6,12,8.176470588,5,7,4,6,5,9,4.882352941,394.6,176.3,23.7,0.8,4,67.58235294,256.5588235,0,2,40.4,130.2,85.3,22.5,6,53,53,52,54,59,72,314,316,330,341,323,313,488,487,477,459,456,451,389,316,309,206,219,183,199,196,193,200,221,236,71,72,72,75,77,78,461,334,271,158,122,104
2003,KYHO,217.8,157,117.1,128.2,137.7,122.2,90.05294118,14.98,18.94,21.17,25.02117647,26.06,20.39,12.70235294,11,13,9,6,7,8,8,8,10,5,5,3,6,5.882352941,118.9,27.5,10,0.529411765,0,21.9,180.3882353,18.4,45.3,80.9,202.2411765,231.6,83.7,16.28823529,14.27247956,13.9373297,13.93051771,16.05040872,24.30517711,34.18256131,288.0217984,290.972752,305.8978202,319.5490463,316.2152589,288.8964578,487.5762943,485.9918256,476.1103542,465.5776567,448.5517711,431.5435967,454.619891,233.9114441,172.1553134,122.5776567,96.49182561,79.87874659,224.3719346,223.0122616,217.9564033,214.866485,235.1716621,279.5762943,63.57629428,63.73978202,63.69209809,64.5599455,67.00953678,70.52179837,384.1839237,223.3501362,153.9768392,102.3841962,59.81743869,44.06811989
2004,KYHO,146.6,187.5,77.4,172.5,105.7,22.4,102.3941176,13.77,21.85,23.86,25.01,22.76,18.96235294,12.07176471,11,16,8,12,7,5,10,8,12,6,11,3,3,6.235294118,153,24.4,0,0.3,4.5,35.09411765,202.8058824,16.1,133.5,153.4,185.1,141.8,60.7,21.1,14.27247956,13.9373297,13.93051771,16.05040872,24.30517711,34.18256131,288.0217984,290.972752,305.8978202,319.5490463,316.2152589,288.8964578,487.5762943,485.9918256,476.1103542,465.5776567,448.5517711,431.5435967,454.619891,233.9114441,172.1553134,122.5776567,96.49182561,79.87874659,224.3719346,223.0122616,217.9564033,214.866485,235.1716621,279.5762943,63.57629428,63.73978202,63.69209809,64.5599455,67.00953678,70.52179837,384.1839237,223.3501362,153.9768392,102.3841962,59.81743869,44.06811989
2008,KYHO,172.2,114.5,45.4,107.6,25.2,98.28823529,79.3,13.4,17.85,25.09,25.88,24.46,20.33941176,11.16470588,14,8,8,9,3,4,7.529411765,10,4,3,8,1,2,5.705882353,150.7,47.7,0,0,0,26.6,221.3470588,9.9,32.8,195.2,234.1,190,130.5,16.16470588,14.27247956,13.9373297,13.93051771,16.05040872,24.30517711,34.18256131,288.0217984,290.972752,305.8978202,319.5490463,316.2152589,288.8964578,487.5762943,485.9918256,476.1103542,465.5776567,448.5517711,431.5435967,454.619891,233.9114441,172.1553134,122.5776567,96.49182561,79.87874659,224.3719346,223.0122616,217.9564033,214.866485,235.1716621,279.5762943,63.57629428,63.73978202,63.69209809,64.5599455,67.00953678,70.52179837,384.1839237,223.3501362,153.9768392,102.3841962,59.81743869,44.06811989
2003,IACN,63.3,55.9,135.4,118.6,16.4,98.7,50.38235294,9.85,14.37,19.90647059,22.07,22.67,16.15,11.03764706,7,10,13,10,6,6,6.294117647,5,6,12,6,2,6,4.058823529,251.6,119.1,24.61176471,0.8,0,95.9,214.2352941,5.7,8,70.2,105.4,130.2,30.4,2.2,5,5,5,6,7,11,414,425,422,420,422,365,483,480,480,486,473,495,431,256,156,130,92,62,103,94,98,94,105,141,62,62,62,59,63,68,284,217,156,124,33,22
2004,IACN,30,154.2,51.8,102.7,170.8,92.45294118,89.41176471,10.37,16.4,19.63,20.92,18.81,17.74588235,10.40529412,3,9,9,9,12,2,7.941176471,2,9,6,8,9,2,4.941176471,248.7,96.5,25.8,5.8,28.3,62.77058824,243.7,9.7,36.7,61.3,85.9,44.2,45,3.629411765,5,5,5,6,7,11,414,425,422,420,422,365,483,480,480,486,473,495,431,256,156,130,92,62,103,94,98,94,105,141,62,62,62,59,63,68,284,217,156,124,33,22
2007,IACN,100.8,106.9,168.4,106.9,180.5,80.6,74.03529412,8.84,18.83,21.13,22.31,23.72,17.52647059,11.21764706,5,8,7,4,12,6,8.588235294,5,5,6,4,11,3,5.764705882,283,37.6,4.4,0.3,0,69.57647059,222.2823529,7.8,52.6,82.8,123.6,161.5,63.5,5.641176471,5,5,5,6,7,11,414,425,422,420,422,365,483,480,480,486,473,495,431,256,156,130,92,62,103,94,98,94,105,141,62,62,62,59,63,68,284,217,156,124,33,22
2000,ILHO,84.23529412,116.5941176,90.03529412,40.7,51.3,74.2,51.7,12.36764706,16.97764706,22.86411765,24.34941176,23.93411765,18.60941176,11.32764706,9.176470588,10.82352941,9,6,8,9,9,6.294117647,8,6,4,6,8,5,183.1411765,81.89411765,6.211764706,0.476470588,0.717647059,48.52941176,231.1058824,9.182352941,39.25294118,137.4117647,182.8647059,160.3941176,84.66470588,10.16470588,5,4,5,5,6,11,295,291,336,371,400,350,666,672,631,601,571,575,326,204,130,84,47,25,39,38,33,28,29,76,62,61,61,61,62,68,278,195,132,76,42,19
2001,ILHO,128.9,137.8,83.8,120.4,101.4,64.1,138.5,11.22235294,15.70705882,20.98352941,23.74176471,22.51058824,17.90588235,11.27705882,14,18,11,10,10,9,13,10,9,8,7,7,6,9,216.5529412,102.5411765,19.99411765,0.576470588,3.964705882,56.70588235,219.1764706,9.276470588,22.72352941,97.07058824,165.7235294,134.4705882,39.37058824,4.864705882,5,4,5,5,6,11,295,291,336,371,400,350,666,672,631,601,571,575,326,204,130,84,47,25,39,38,33,28,29,76,62,61,61,61,62,68,278,195,132,76,42,19
2002,ILHO,132.3,151.9,114.9,110.8,128,16.3,52.7,10.91294118,15.73882353,21.08470588,23.89941176,22.58705882,18.73647059,11.17117647,9,14,9,7,9,6,10,7,12,6,5,8,4,8,227.0941176,105.0235294,17.5,0.4,3.758823529,47.92352941,226.6470588,9.088235294,25.42941176,98.88823529,170.8411765,136.7294118,44.00588235,9.282352941,5,4,5,5,6,11,295,291,336,371,400,350,666,672,631,601,571,575,326,204,130,84,47,25,39,38,33,28,29,76,62,61,61,61,62,68,278,195,132,76,42,19
2002,IANH,131.4,58.6,165.7,79.7,119.2,95.62352941,79.48823529,8.55,13.54,21.53,23.88,21.14,17.36411765,9.965882353,10,5,7,5,6,2,7.352941176,8,5,6,4,6,1,4.529411765,306.8,158.2,13.5,0.3,6.3,73.04117647,242.2294118,13.3,17.9,105,172.1,90.2,47.7,3.882352941,27,27,34,51,50,43,192,193,193,211,209,211,381,379,372,319,238,229,567,209,185,99,61,52,427,428,435,470,553,559,62,61,58,57,60,70,339,210,118,105,30,19
2003,IANH,51.6,158.9,140.2,104.7,24.6,111.4705882,49.75294118,8.66,13.8,19.26,21.77,22.91,17.27941176,10.44705882,5,6,5,7,2,6,6.588235294,4,6,5,6,2,6,4.176470588,284.6,142.6,28,2.5,1.4,73.63529412,242.1,5,2.2,54.2,109.1,143.5,28.6,3.905882353,27,27,34,51,50,43,192,193,193,211,209,211,381,379,372,319,238,229,567,209,185,99,61,52,427,428,435,470,553,559,62,61,58,57,60,70,339,210,118,105,30,19
2006,IANH,161.4,48.2,108.4,89.9,49.7,88.58823529,62.8,10.37,14.87,19.51,22.99,21.52,17.12823529,10.30529412,10,12,11,7,7,7,6.647058824,10,6,8,5,7,6,4.470588235,230.9,140.2,24.7,1.7,1.4,76.67647059,233.8941176,0,36.3,57.6,146.1,97,9.5,3.935294118,27,27,34,51,50,43,192,193,193,211,209,211,381,379,372,319,238,229,567,209,185,99,61,52,427,428,435,470,553,559,62,61,58,57,60,70,339,210,118,105,30,19
2008,IANH,241.5,102.5,322.1,67.9,65.3,138.7588235,55.37058824,6.15,12.39,19.15,21.47,19.52,16.91647059,10.67,12,8,16,8,9,9,6.882352941,11,6,13,6,7,8,4.352941176,353.3,185.1,16.2,0.8,10.6,77.98823529,237.0352941,0,0.8,40.6,98.2,47.3,14.8,4.052941176,27,27,34,51,50,43,192,193,193,211,209,211,381,379,372,319,238,229,567,209,185,99,61,52,427,428,435,470,553,559,62,61,58,57,60,70,339,210,118,105,30,19
2000,ILOB,83.84705882,100.8235294,87.93529412,107.7647059,155,220.7,99.6,11.53705882,16.77176471,21.60117647,23.90529412,22.61588235,18.32588235,11.09176471,9.647058824,10.88235294,9.235294118,8.411764706,9,7,5,6.058823529,7.529411765,6.352941176,6.294117647,9,6,3,211.5235294,89.23529412,12.88823529,0.423529412,5.082352941,52.85294118,226.6647059,10.59411765,43.58823529,106.3294118,171.0647059,146.9058824,55.52352941,8.658823529,25,24,27,29,30,58,275,269,289,302,311,252,544,554,541,535,507,393,383,128,98,54,53,63,181,178,169,164,182,355,62,62,62,61,62,65,279,133,107,62,47,35
2003,ILOB,97.3,121.9,79.5,129.4,70.8,130.9470588,86.99411765,12.39,16.78,20.46,24.12,23.72,18.51058824,10.98117647,10,16,10,11,7,8,8.176470588,9,11,4,8,5,6,5.294117647,179.3,68,22.5,0,0,53.81176471,219.1705882,5,19.9,86.2,179.3,167,35.1,8.023529412,25,24,27,29,30,58,275,269,289,302,311,252,544,554,541,535,507,393,383,128,98,54,53,63,181,178,169,164,182,355,62,62,62,61,62,65,279,133,107,62,47,35
2004,ILOB,36.7,153.2,33.6,198.6,89.4,107.6823529,94.42941176,12.84,20.3,22.09,23.15,21.25,18.69882353,12.04882353,7,15,6,14,6,2,8.882352941,5,10,4,12,6,2,6.117647059,172.7,39.1,5,5.3,17.3,45.91764706,205.8470588,13.9,97.2,114.9,154.6,107.6,74.1,8.935294118,25,24,27,29,30,58,275,269,289,302,311,252,544,554,541,535,507,393,383,128,98,54,53,63,181,178,169,164,182,355,62,62,62,61,62,65,279,133,107,62,47,35
2006,OHSI,73,100.2,105.2,182.3,119.2,69.7,134.9,9.397058824,14.82,19.66529412,21.92705882,21.6,17.42294118,10.85882353,15,16,14,13,7,11,12,10,10,6,9,6,5,8,270.5941176,177.9529412,29.47058824,5.570588235,1.3,70.18823529,213.9941176,2.8,15.44117647,69.18235294,115.9411765,84.3,22.91764706,7.458823529,85,93,95,101,109,134,311,310,347,350,358,338,522,521,496,485,452,432,576,240,185,129,111,105,167,169,157,165,190,230,65,65,64,65,73,75,444,214,143,129,83,74
2000,KYST,92.9,162.4,58.5,115.3,90.9,95.7,26.7,10.54176471,15.37647059,19.96294118,22.48,20.35882353,18.39294118,11.10117647,9,14,8,8,7,9,4,9,9,7,8,5,5,2,234.9882353,119.1588235,25.8,5.088235294,20.42352941,61.28823529,220.5352941,3.4,24.94705882,74.18823529,131.8176471,100.2352941,35.27647059,8.876470588,5,4,4,7,6,9,256,270,281,287,283,291,668,656,642,638,641,604,341,154,121,76,76,68,76,74,77,74,76,105,60,60,58,55,56,58,261,123,76,41,34,25
2002,KYST,90.44705882,112.9176471,74.05882353,102.1647059,81.92352941,80.89411765,78.17647059,12.76529412,17.70529412,22.36117647,24.92588235,24.06941176,18.06235294,10.82823529,8.352941176,10.52941176,8.294117647,7.235294118,7.058823529,6.176470588,8.588235294,6.176470588,7.294117647,5.705882353,5.941176471,5.058823529,4.294117647,5.058823529,176.3294118,69.54117647,11.78823529,1.658823529,3.2,51.21764706,245.7,11.70588235,50.37647059,129.2117647,201.1882353,177.4176471,72.2,7.352941176,5,4,4,7,6,9,256,270,281,287,283,291,668,656,642,638,641,604,341,154,121,76,76,68,76,74,77,74,76,105,60,60,58,55,56,58,261,123,76,41,34,25
2003,KYST,90.44705882,112.9176471,74.05882353,102.1647059,81.92352941,80.89411765,78.17647059,12.75647059,17.70529412,22.36117647,24.92588235,24.52058824,18.06235294,10.82823529,8.352941176,10.52941176,8.294117647,7.235294118,7.058823529,6.176470588,8.588235294,6.176470588,7.294117647,5.705882353,5.941176471,5.058823529,4.294117647,5.117647059,175.9117647,69.54117647,11.78823529,1.658823529,1.694117647,51.21764706,245.7,11.31764706,50.37647059,129.2117647,201.1882353,189.4117647,74.30588235,7.352941176,5,4,4,7,6,9,256,270,281,287,283,291,668,656,642,638,641,604,341,154,121,76,76,68,76,74,77,74,76,105,60,60,58,55,56,58,261,123,76,41,34,25
2004,KYST,91.88235294,108.2294118,78.18823529,104.9,82.99411765,80.89411765,78.17647059,12.82529412,17.70529412,22.36117647,24.92588235,24.43705882,18.06235294,10.82823529,8.588235294,9.941176471,8.294117647,7.705882353,6.941176471,5.882352941,8.588235294,6.235294118,7.117647059,5.705882353,6.235294118,5,4.352941176,5.117647059,174.1470588,69.54117647,11.78823529,1.658823529,2.776470588,51.21764706,245.7,11.82352941,50.37647059,129.2117647,201.1882353,188.2294118,78.94705882,7.352941176,5,4,4,7,6,9,256,270,281,287,283,291,668,656,642,638,641,604,341,154,121,76,76,68,76,74,77,74,76,105,60,60,58,55,56,58,261,123,76,41,34,25
2007,KYST,92.07058824,107.3411765,70.06470588,104.7470588,82.17647059,80.89411765,78.17647059,12.75294118,17.91588235,22.77294118,25.25411765,24.82941176,18.06235294,10.82823529,8.529411765,9.882352941,7.647058824,7.411764706,6.882352941,5.882352941,8.588235294,6.176470588,6.941176471,5.294117647,6.058823529,4.823529412,4.058823529,5.117647059,176.2235294,64.51176471,7.970588235,1.305882353,1.270588235,51.21764706,250.2588235,11.51764706,51.19411765,137.8411765,211.4235294,198.9235294,78.26470588,7.352941176,5,4,4,7,6,9,256,270,281,287,283,291,668,656,642,638,641,604,341,154,121,76,76,68,76,74,77,74,76,105,60,60,58,55,56,58,261,123,76,41,34,25
2008,KYST,92.07058824,107.3411765,70.06470588,104.7470588,82.17647059,80.89411765,78.17647059,12.81352941,17.91588235,22.77294118,25.25411765,24.70294118,18.06235294,10.82823529,8.529411765,9.882352941,7.647058824,7.411764706,6.882352941,5.882352941,8.588235294,6.176470588,6.941176471,5.294117647,6.058823529,4.823529412,4.058823529,5.117647059,174.5058824,64.51176471,7.970588235,1.305882353,1.735294118,51.21764706,250.2588235,11.62941176,51.19411765,137.8411765,211.4235294,195.5352941,77.99411765,7.352941176,5,4,4,7,6,9,256,270,281,287,283,291,668,656,642,638,641,604,341,154,121,76,76,68,76,74,77,74,76,105,60,60,58,55,56,58,261,123,76,41,34,25
2006,OHAR,97.6,92.7,177.4,233.4,94.2,105.0411765,84.95882353,12.65,15,20.16,23.55,22.83,17.49470588,11.19294118,14,19,13,9,10,12,8.294117647,11,8,11,7,6,8,5.588235294,170.9,125.7,16,0.3,0,68.95882353,225.1058824,0.5,29.4,70.9,156.8,128.9,15,10.77058824,52,57,54,60,105,124,291,294,308,315,274,185,416,407,397,386,359,332,341,175,126,78,69,64,293,299,295,299,367,483,66,66,66,66,69,72,342,158,92,71,66,76
2007,OHAR,82.5,55.9,54.6,71,60.2,78.47647059,51.30588235,9.23,18.44,21.91,21.76,24.75,18.73823529,11.30117647,13,6,9,13,6,6,7.411764706,9,3,6,9,2,5,4.117647059,258.3,45.5,3.6,0.5,0,53.48823529,242.3058824,0.6,50.6,110.9,106.9,199,87.4,8.423529412,52,57,54,60,105,124,291,294,308,315,274,185,416,407,397,386,359,332,341,175,126,78,69,64,293,299,295,299,367,483,66,66,66,66,69,72,342,158,92,71,66,76
2008,OHAR,69.2,165.9,174.7,112.2,24.4,106.9235294,54.64705882,10.72,13.78,21.42,22.24,21.6,17.91294118,11.01117647,16,17,18,12,6,9,6.058823529,7,13,11,6,2,4,3.941176471,217.6,145.2,3,2.7,0.6,62.8,237.0176471,0.9,4.1,95.6,123.8,96.8,62.6,9.217647059,52,57,54,60,105,124,291,294,308,315,274,185,416,407,397,386,359,332,341,175,126,78,69,64,293,299,295,299,367,483,66,66,66,66,69,72,342,158,92,71,66,76
2008,IABE,90.54117647,120.4882353,105.9941176,107.5,134.0705882,110.3588235,67.94705882,11.03352941,16.06235294,21.77882353,23.68588235,22.57529412,18.36823529,11.66470588,8.352941176,10.58823529,10.35294118,9.235294118,9.176470588,6.647058824,6.117647059,6.235294118,6.764705882,7.117647059,6.529411765,6.764705882,4.588235294,4.529411765,224.7117647,105.7882353,10.82352941,1.941176471,8.3,61.14705882,208.7294118,8.441176471,35.62352941,113.8411765,166.7529412,124.9882353,65.91764706,18.52941176,2,2,2,2,2,5,411,417,431,437,400,394,500,495,486,476,498,501,412,228,145,93,64,37,89,87,84,87,102,105,62,62,61,62,63,67,270,232,148,70,34,22
2007,IAWO,128.7,247.5,25.7,113.1,259.8,93.3,90.3,8.73,18.74,22.09,24.58,24.53,18.89352941,10.76235294,8,11,4,5,13,7,9.411764706,7,8,3,4,7,5,6.058823529,294.1,40.7,4,0,0,40.35294118,243.8647059,5.8,53.2,116.8,193.7,192.1,60.3,5.888235294,12,11,11,16,17,8,307,306,322,335,342,322,638,639,626,615,607,625,248,188,130,99,82,78,55,55,52,51,52,53,67,67,67,68,68,69,268,194,131,119,71,66
2008,IAWO,122.3,154.5,170.2,77,20.9,124.5941176,60.08823529,6.89,14.83,21.47,23.96,22.47,17.26058824,10.30117647,10,11,13,9,2,11,7.058823529,8,9,10,4,1,10,4.705882353,343.4,116.8,0.6,0,0,69.08235294,245.7647059,0,11.4,94.5,174.4,128.2,37.9,3.770588235,12,11,11,16,17,8,307,306,322,335,342,322,638,639,626,615,607,625,248,188,130,99,82,78,55,55,52,51,52,53,67,67,67,68,68,69,268,194,131,119,71,66
2002,MOMR,84.86470588,127.5411765,120.3058824,79.92352941,99.42941176,128.2,55.54117647,13.35470588,18.25823529,22.71823529,25.56823529,25.23294118,19.65058824,10.76294118,9.058823529,9.764705882,9.058823529,7,8.058823529,6.823529412,6.764705882,6,6.823529412,6.294117647,4.588235294,5.352941176,5.235294118,3.823529412,158.9411765,54.97058824,6.605882353,0.2,1.094117647,38.40588235,258.5882353,14.68823529,51.85294118,135.1764706,212.8823529,208.8294118,89.02941176,14.32941176,14.27247956,13.9373297,13.93051771,16.05040872,24.30517711,34.18256131,288.0217984,290.972752,305.8978202,319.5490463,316.2152589,288.8964578,487.5762943,485.9918256,476.1103542,465.5776567,448.5517711,431.5435967,454.619891,233.9114441,172.1553134,122.5776567,96.49182561,79.87874659,224.3719346,223.0122616,217.9564033,214.866485,235.1716621,279.5762943,63.57629428,63.73978202,63.69209809,64.5599455,67.00953678,70.52179837,384.1839237,223.3501362,153.9768392,102.3841962,59.81743869,44.06811989
2003,MOMR,121.1,174.6,169.3,103.9,67.6,166.3,83.70588235,11.02764706,17.49,20.77,25.64,25.99,18.93058824,12.09294118,9,9,12,3,3,8,7.647058824,6,9,9,3,3,7,5.352941176,222.4941176,51,20,0,0,43.5,191.1941176,8.129411765,25,82.2,220.4,230.1,35.9,11.51764706,14.27247956,13.9373297,13.93051771,16.05040872,24.30517711,34.18256131,288.0217984,290.972752,305.8978202,319.5490463,316.2152589,288.8964578,487.5762943,485.9918256,476.1103542,465.5776567,448.5517711,431.5435967,454.619891,233.9114441,172.1553134,122.5776567,96.49182561,79.87874659,224.3719346,223.0122616,217.9564033,214.866485,235.1716621,279.5762943,63.57629428,63.73978202,63.69209809,64.5599455,67.00953678,70.52179837,384.1839237,223.3501362,153.9768392,102.3841962,59.81743869,44.06811989
2004,MOMR,89.4,97.8,65.1,220.3,231.3,103.6352941,111.1,12.94,18.99,21.04,23.28,21.07,18.11294118,11.15294118,9,14,10,14,11,8.882352941,9.117647059,6,7,7,8,7,5.529411765,5.647058824,167.3,56.9,7.5,2,11.4,54.62352941,231.4058824,12.5,74.1,82.6,155.2,91.1,58,8.594117647,14.27247956,13.9373297,13.93051771,16.05040872,24.30517711,34.18256131,288.0217984,290.972752,305.8978202,319.5490463,316.2152589,288.8964578,487.5762943,485.9918256,476.1103542,465.5776567,448.5517711,431.5435967,454.619891,233.9114441,172.1553134,122.5776567,96.49182561,79.87874659,224.3719346,223.0122616,217.9564033,214.866485,235.1716621,279.5762943,63.57629428,63.73978202,63.69209809,64.5599455,67.00953678,70.52179837,384.1839237,223.3501362,153.9768392,102.3841962,59.81743869,44.06811989
2005,MOMR,68.3,95.5,99.1,42.4,205.2,78.42941176,67.83529412,13.23,17.55,24.19,25.56,25.21,20.28117647,11.40764706,10,7,8,6,12,9,7.529411765,5,6,7,3,11,5,4.764705882,153.9,65.7,0,0,0.3,31.67058824,201.6588235,12.3,41.1,175.8,224.1,198.8,127.1,18.48235294,14.27247956,13.9373297,13.93051771,16.05040872,24.30517711,34.18256131,288.0217984,290.972752,305.8978202,319.5490463,316.2152589,288.8964578,487.5762943,485.9918256,476.1103542,465.5776567,448.5517711,431.5435967,454.619891,233.9114441,172.1553134,122.5776567,96.49182561,79.87874659,224.3719346,223.0122616,217.9564033,214.866485,235.1716621,279.5762943,63.57629428,63.73978202,63.69209809,64.5599455,67.00953678,70.52179837,384.1839237,223.3501362,153.9768392,102.3841962,59.81743869,44.06811989
2006,MOMR,112.9,122,28.6,123,154.9,132.7705882,98.4,15.16,18.26,23.33,26.4,25.46,19.28176471,11.77823529,12,10,8,7,10,7,8.647058824,8,6,3,5,7,2,5.705882353,101.5,63.2,0,0,0,40.96470588,199.2235294,15.7,59.2,142.9,230.5,206,40.3,14.91764706,14.27247956,13.9373297,13.93051771,16.05040872,24.30517711,34.18256131,288.0217984,290.972752,305.8978202,319.5490463,316.2152589,288.8964578,487.5762943,485.9918256,476.1103542,465.5776567,448.5517711,431.5435967,454.619891,233.9114441,172.1553134,122.5776567,96.49182561,79.87874659,224.3719346,223.0122616,217.9564033,214.866485,235.1716621,279.5762943,63.57629428,63.73978202,63.69209809,64.5599455,67.00953678,70.52179837,384.1839237,223.3501362,153.9768392,102.3841962,59.81743869,44.06811989
2007,MOMR,75.5,213.7,160.1,29.8,95.9,86.08235294,84.1,10.28,20.31,22.81,24.53,27.07,19.75823529,11.60470588,10,13,10,4,8,7,8.117647059,7,10,10,3,5,4,5.823529412,247.2,19.5,2.8,0,0,37.77647059,197.3705882,5.6,73.9,137,184.7,270.8,109.3,13.50588235,14.27247956,13.9373297,13.93051771,16.05040872,24.30517711,34.18256131,288.0217984,290.972752,305.8978202,319.5490463,316.2152589,288.8964578,487.5762943,485.9918256,476.1103542,465.5776567,448.5517711,431.5435967,454.619891,233.9114441,172.1553134,122.5776567,96.49182561,79.87874659,224.3719346,223.0122616,217.9564033,214.866485,235.1716621,279.5762943,63.57629428,63.73978202,63.69209809,64.5599455,67.00953678,70.52179837,384.1839237,223.3501362,153.9768392,102.3841962,59.81743869,44.06811989
2000,IABP,77.2,90.2,150.8,158.3,37.9,98.17647059,55.44117647,9.62,17.44,20.39,21.81,22.27,17.04588235,11.42235294,7,12,16,9,8,6,6.176470588,5,8,13,6,6,4,4.117647059,261.3,63.4,15.5,4.2,3.1,77.3,210.2588235,0,35.6,77.3,108.5,122.4,75,5.3,11,10,9,13,12,13,358,347,359,366,392,374,544,556,546,537,504,491,371,202,120,95,70,43,98,97,95,97,104,134,64,63,63,63,64,65,274,190,115,60,34,22
2001,IABP,79.5,127.4,121.8,84.2,77.7,100.6,65.25882353,11.05,16.01,19.54,23.55,22.31,17.41705882,11.4,13,18,12,9,6,9,6.705882353,10,13,8,4,4,6,4.411764706,217.5,100.5,43.7,1.1,6.3,72.93529412,214.3705882,4.2,28.5,79.8,157.2,129.6,18.7,3.423529412,11,10,9,13,12,13,358,347,359,366,392,374,544,556,546,537,504,491,371,202,120,95,70,43,98,97,95,97,104,134,64,63,63,63,64,65,274,190,115,60,34,22
2002,IABP,98,91,109.5,99.8,97.8,97.05294118,74.38235294,8.77,13.38,21.84,24.53,20.93,17.36411765,10.80823529,13,11,12,5,9,7,7.117647059,8,8,9,4,7,2,4.941176471,281,167.9,10.1,0.3,10.9,73.04117647,222.0058824,9.4,14.3,115.2,192.3,91.2,54.1,3.805882353,11,10,9,13,12,13,358,347,359,366,392,374,544,556,546,537,504,491,371,202,120,95,70,43,98,97,95,97,104,134,64,63,63,63,64,65,274,190,115,60,34,22
2004,IABP,33.8,149,91.6,144.6,210,83.79411765,92.81764706,9.48,15.81,19.77,21.09,18.61,17.74294118,10.22764706,5,12,11,8,9,4,8.647058824,3,10,8,6,9,2,5.411764706,269.7,106,26.3,7.2,41.9,59.77647059,243.7,4.2,29.7,69.4,92.8,50.4,40.3,3.352941176,11,10,9,13,12,13,358,347,359,366,392,374,544,556,546,537,504,491,371,202,120,95,70,43,98,97,95,97,104,134,64,63,63,63,64,65,274,190,115,60,34,22
2000,ILSO,77.59411765,135.7705882,96.17058824,89.55294118,85.17058824,82.66470588,75.71176471,11.63470588,16.06823529,22.04235294,23.94882353,23.01,19.82764706,11.00941176,9.470588235,12.58823529,10.23529412,7.882352941,7.352941176,6.235294118,8.588235294,6,9.235294118,6.823529412,6,5.058823529,4.588235294,5.352941176,206.7529412,99.23529412,12.7,0.788235294,4.194117647,29.38235294,211.7176471,10.34117647,31.65294118,120.4588235,172.4529412,147.3,70.62352941,11.78823529,14.27247956,13.9373297,13.93051771,16.05040872,24.30517711,34.18256131,288.0217984,290.972752,305.8978202,319.5490463,316.2152589,288.8964578,487.5762943,485.9918256,476.1103542,465.5776567,448.5517711,431.5435967,454.619891,233.9114441,172.1553134,122.5776567,96.49182561,79.87874659,224.3719346,223.0122616,217.9564033,214.866485,235.1716621,279.5762943,63.57629428,63.73978202,63.69209809,64.5599455,67.00953678,70.52179837,384.1839237,223.3501362,153.9768392,102.3841962,59.81743869,44.06811989
2002,ILSO,173.9,323.9,176.8,27.2,113,103.1,80.7,11.72588235,16.39470588,22.33764706,24.58705882,23.37,19.12176471,11.08176471,8,15,8,4,8,4,10,8,14,6,3,6,4,7,206.3588235,94.10588235,11.91764706,0.605882353,1.870588235,39.18823529,234.9588235,8.941176471,34.01764706,125.8058824,188.5529412,151.1352941,62.50588235,11.70588235,14.27247956,13.9373297,13.93051771,16.05040872,24.30517711,34.18256131,288.0217984,290.972752,305.8978202,319.5490463,316.2152589,288.8964578,487.5762943,485.9918256,476.1103542,465.5776567,448.5517711,431.5435967,454.619891,233.9114441,172.1553134,122.5776567,96.49182561,79.87874659,224.3719346,223.0122616,217.9564033,214.866485,235.1716621,279.5762943,63.57629428,63.73978202,63.69209809,64.5599455,67.00953678,70.52179837,384.1839237,223.3501362,153.9768392,102.3841962,59.81743869,44.06811989
2003,ILSO,91.74705882,93.07647059,109.3470588,128.5,71.8,160.2,61.1,11.08588235,15.92294118,21.38764706,23.40352941,22.51411765,18.31529412,11.35647059,10.58823529,10.52941176,11,8,4,6,5,6.882352941,6.882352941,7.235294118,7,3,5,5,217.4294118,100.6647059,12.67058824,0.888235294,3.529411765,54.90588235,208.4352941,5.405882353,27.25294118,102.4941176,155.4117647,136.3117647,53.82352941,4.664705882,14.27247956,13.9373297,13.93051771,16.05040872,24.30517711,34.18256131,288.0217984,290.972752,305.8978202,319.5490463,316.2152589,288.8964578,487.5762943,485.9918256,476.1103542,465.5776567,448.5517711,431.5435967,454.619891,233.9114441,172.1553134,122.5776567,96.49182561,79.87874659,224.3719346,223.0122616,217.9564033,214.866485,235.1716621,279.5762943,63.57629428,63.73978202,63.69209809,64.5599455,67.00953678,70.52179837,384.1839237,223.3501362,153.9768392,102.3841962,59.81743869,44.06811989
2004,ILSO,40.7,195.4,40.5,116.7,64.7,0,164.1,11.06647059,16.55529412,20.31235294,22.57294118,21.20588235,18.01235294,10.93764706,4,11,8,10,5,0,11,3,10,4,8,5,0,9,225.9294118,92.15882353,22.13529412,4.070588235,18.95294118,53.27058824,226.1470588,8.817647059,37.65882353,79.65294118,134.8294118,105.7882353,51.97058824,5.470588235,14.27247956,13.9373297,13.93051771,16.05040872,24.30517711,34.18256131,288.0217984,290.972752,305.8978202,319.5490463,316.2152589,288.8964578,487.5762943,485.9918256,476.1103542,465.5776567,448.5517711,431.5435967,454.619891,233.9114441,172.1553134,122.5776567,96.49182561,79.87874659,224.3719346,223.0122616,217.9564033,214.866485,235.1716621,279.5762943,63.57629428,63.73978202,63.69209809,64.5599455,67.00953678,70.52179837,384.1839237,223.3501362,153.9768392,102.3841962,59.81743869,44.06811989
2006,ILSO,93.1,82.5,64.5,66.2,197.9,54.9,100.7,11.15705882,16.98705882,22.07647059,24.28647059,22.49941176,18.07882353,10.40941176,11,9,8,14,9,6,8,7,6,6,7,6,2,5,219.9647059,89.22941176,10.80588235,1.029411765,6.076470588,59.22352941,239.6647059,7.917647059,48.80588235,121.5352941,183.5823529,155.1058824,51.6,7.870588235,14.27247956,13.9373297,13.93051771,16.05040872,24.30517711,34.18256131,288.0217984,290.972752,305.8978202,319.5490463,316.2152589,288.8964578,487.5762943,485.9918256,476.1103542,465.5776567,448.5517711,431.5435967,454.619891,233.9114441,172.1553134,122.5776567,96.49182561,79.87874659,224.3719346,223.0122616,217.9564033,214.866485,235.1716621,279.5762943,63.57629428,63.73978202,63.69209809,64.5599455,67.00953678,70.52179837,384.1839237,223.3501362,153.9768392,102.3841962,59.81743869,44.06811989
2008,ILSO,86.58823529,111.6705882,87.95294118,110.6294118,83.54705882,92.77647059,68.34117647,11.86882353,16.53235294,22.33705882,23.94882353,23.21882353,19.82764706,11.00941176,9.117647059,10.70588235,9.823529412,9.941176471,8.352941176,7.117647059,8,6.235294118,7.823529412,6.294117647,7.176470588,5.882352941,5.058823529,5.058823529,200.5941176,89.38235294,10.18823529,0.841176471,4.194117647,29.38235294,211.7176471,9.947058824,35.71176471,126.6294118,172.5058824,154.2764706,74.35882353,11.78823529,14.27247956,13.9373297,13.93051771,16.05040872,24.30517711,34.18256131,288.0217984,290.972752,305.8978202,319.5490463,316.2152589,288.8964578,487.5762943,485.9918256,476.1103542,465.5776567,448.5517711,431.5435967,454.619891,233.9114441,172.1553134,122.5776567,96.49182561,79.87874659,224.3719346,223.0122616,217.9564033,214.866485,235.1716621,279.5762943,63.57629428,63.73978202,63.69209809,64.5599455,67.00953678,70.52179837,384.1839237,223.3501362,153.9768392,102.3841962,59.81743869,44.06811989
2007,MONO,84.17647059,111.1941176,108.9470588,81.37647059,110.2176471,111,55.54117647,13.82117647,18.68117647,23.26117647,25.53470588,25.89823529,19.65058824,10.76294118,8.647058824,9.235294118,8.235294118,6.705882353,7.941176471,6.588235294,7,6.058823529,5.882352941,6,4.470588235,5.764705882,4.823529412,3.823529412,151.2,51.60588235,5.023529412,0.152941176,0.976470588,38.40588235,258.5882353,19.69411765,62.08823529,147.2470588,215.6647059,226.9764706,98.33529412,14.32941176,14.27247956,13.9373297,13.93051771,16.05040872,24.30517711,34.18256131,288.0217984,290.972752,305.8978202,319.5490463,316.2152589,288.8964578,487.5762943,485.9918256,476.1103542,465.5776567,448.5517711,431.5435967,454.619891,233.9114441,172.1553134,122.5776567,96.49182561,79.87874659,224.3719346,223.0122616,217.9564033,214.866485,235.1716621,279.5762943,63.57629428,63.73978202,63.69209809,64.5599455,67.00953678,70.52179837,384.1839237,223.3501362,153.9768392,102.3841962,59.81743869,44.06811989
2008,MONO,84.17647059,117.3470588,108.9470588,88.24705882,110.0647059,111,55.54117647,13.82117647,18.8,23.48176471,25.57176471,25.80235294,19.65058824,10.76294118,8.647058824,9.470588235,8.235294118,6.941176471,7.823529412,7,7,6.058823529,6.176470588,6,4.705882353,5.647058824,5.058823529,3.823529412,151.2,49.2,3.429411765,0.152941176,0.976470588,38.40588235,258.5882353,19.69411765,63.36470588,152.2764706,216.8117647,222.5411765,98.33529412,14.32941176,14.27247956,13.9373297,13.93051771,16.05040872,24.30517711,34.18256131,288.0217984,290.972752,305.8978202,319.5490463,316.2152589,288.8964578,487.5762943,485.9918256,476.1103542,465.5776567,448.5517711,431.5435967,454.619891,233.9114441,172.1553134,122.5776567,96.49182561,79.87874659,224.3719346,223.0122616,217.9564033,214.866485,235.1716621,279.5762943,63.57629428,63.73978202,63.69209809,64.5599455,67.00953678,70.52179837,384.1839237,223.3501362,153.9768392,102.3841962,59.81743869,44.06811989
2006,ILMR,47.5,87,56.4,24.8,110.7,88.73529412,63.66470588,14.24,16.91,22.28,24.9,23.78,18.66058824,10.73,9,10,6,6,8,5,6.411764706,5,5,3,2,7,4,3.823529412,126.9,91.7,0.9,0,0,50.98235294,231.4588235,13.6,47.5,111.3,203.4,160,35.9,12.16470588,2,2,2,2,2,4,234,251,285,326,321,318,730,715,683,644,649,612,233,132,101,73,46,31,36,33,32,30,30,70,60,60,59,59,62,67,262,159,121,78,46,20
2007,ILMR,79,52.3,74.1,15.1,73.4,29.3,50.88823529,10.34,20.42,22.20235294,22.39,26.36,19.24470588,10.76352941,8,9,11,5,8,4,6.058823529,8,5,6,1,5,3,3.823529412,243,19.4,7.5,0.3,0,18.6,217.5764706,3.3,80.1,120.1058824,123.6,220.6,109,11.88235294,2,2,2,2,2,4,234,251,285,326,321,318,730,715,683,644,649,612,233,132,101,73,46,31,36,33,32,30,30,70,60,60,59,59,62,67,262,159,121,78,46,20
2008,ILMR,90.8,119.4,93.6,135.5,36.6,139.1176471,69.27058824,10.06,14.1,22.72,23.74,21.99,17.05235294,10.37235294,13,14,8,11,6,8,6.529411765,6,10,4,8,3,8,4.470588235,234.4,114.1,0,0.8,0,76.04117647,232.7117647,4.2,0,109.5,163,109.7,53.9,2.888235294,2,2,2,2,2,4,234,251,285,326,321,318,730,715,683,644,649,612,233,132,101,73,46,31,36,33,32,30,30,70,60,60,59,59,62,67,262,159,121,78,46,20
2006,MNRA,165.9,96,112.2,71.7,129.1,98.24705882,63.45882353,9.3,13.62,18.86,22.43,20.19,16.73058824,9.945882353,14,13,11,4,10,14,7.705882353,10,8,9,2,9,5,4.294117647,271,174.6,29.1,1.1,5.1,78.17058824,262.3058824,0,28.6,45,128.1,62.7,3.9,7.694117647,11,11,12,15,43,65,234,237,255,276,244,216,450,450,438,379,211,197,608,251,165,82,57,58,316,313,307,346,545,587,62,62,58,56,58,67,400,251,126,95,67,42
2007,MNRA,55.6,109.2,132,99.9,311.7,104.5352941,67.18823529,5.59,15.37,19.54,20.62,20.09,17.43411765,9.841764706,8,13,11,8,14,10,7.941176471,7,8,8,6,13,5,4.823529412,384.8,110.3,23.1,10,10.5,63.34705882,268.0941176,2.5,18.3,59.4,76.1,64.9,34.3,6.064705882,11,11,12,15,43,65,234,237,255,276,244,216,450,450,438,379,211,197,608,251,165,82,57,58,316,313,307,346,545,587,62,62,58,56,58,67,400,251,126,95,67,42
2008,MNRA,175.8,96.4,225.6,76.6,52.1,94.85294118,57.1,5.11,11.77,18.59,21.02,19.12,17.08705882,10.38,17,10,11,7,10,10,7.705882353,9,5,9,6,4,5,5.294117647,396.6,196.7,18.8,1.4,17.8,69.98235294,255.0294118,0,0,26.6,84.8,42.3,18.6,5.223529412,11,11,12,15,43,65,234,237,255,276,244,216,450,450,438,379,211,197,608,251,165,82,57,58,316,313,307,346,545,587,62,62,58,56,58,67,400,251,126,95,67,42
2005,ONTA,131.9,19,72.5,89,66.2,94.97058824,48.66470588,6.12,10.41,20.65,21.29,20.12,16.93352941,10.30117647,14,12,19,25,26,12,6.647058824,8,2,6,7,7,5,3.882352941,366.3,245.6,23.9,9.5,10.8,76.94705882,264.6882353,0,0,93.5,101.1,66.3,23.1,4.441176471,14.27247956,13.9373297,13.93051771,16.05040872,24.30517711,34.18256131,288.0217984,290.972752,305.8978202,319.5490463,316.2152589,288.8964578,487.5762943,485.9918256,476.1103542,465.5776567,448.5517711,431.5435967,454.619891,233.9114441,172.1553134,122.5776567,96.49182561,79.87874659,224.3719346,223.0122616,217.9564033,214.866485,235.1716621,279.5762943,63.57629428,63.73978202,63.69209809,64.5599455,67.00953678,70.52179837,384.1839237,223.3501362,153.9768392,102.3841962,59.81743869,44.06811989
2006,ONTA,73.5,62.4,31.9,58,29.4,59.45882353,52.03529412,6.6,13.05,17.33,21.81,19.11,17.14764706,9.957058824,12,9,8,9,7,17,6.941176471,8,8,3,7,3,8,4.588235294,352.1,180.9,60.5,5.9,26.6,77.02352941,260.0058824,0,17.1,30.4,113.8,50.8,2.4,5.294117647,14.27247956,13.9373297,13.93051771,16.05040872,24.30517711,34.18256131,288.0217984,290.972752,305.8978202,319.5490463,316.2152589,288.8964578,487.5762943,485.9918256,476.1103542,465.5776567,448.5517711,431.5435967,454.619891,233.9114441,172.1553134,122.5776567,96.49182561,79.87874659,224.3719346,223.0122616,217.9564033,214.866485,235.1716621,279.5762943,63.57629428,63.73978202,63.69209809,64.5599455,67.00953678,70.52179837,384.1839237,223.3501362,153.9768392,102.3841962,59.81743869,44.06811989
2008,ONTA,39.9,76.4,78.2,122.3,110.5,71.04117647,58,7.88,9.91,18,19.64,17.68,16.99411765,10.09,8,15,17,13,9,9,8.117647059,4,6,6,8,5,7,5.529411765,313.7,262.1,51.4,12.5,43.2,75.81176471,258.3529412,0,1,41.4,53.1,22.8,5.5,5.494117647,14.27247956,13.9373297,13.93051771,16.05040872,24.30517711,34.18256131,288.0217984,290.972752,305.8978202,319.5490463,316.2152589,288.8964578,487.5762943,485.9918256,476.1103542,465.5776567,448.5517711,431.5435967,454.619891,233.9114441,172.1553134,122.5776567,96.49182561,79.87874659,224.3719346,223.0122616,217.9564033,214.866485,235.1716621,279.5762943,63.57629428,63.73978202,63.69209809,64.5599455,67.00953678,70.52179837,384.1839237,223.3501362,153.9768392,102.3841962,59.81743869,44.06811989
2000,IASG,92,96.7,168.5,147.3,64.9,97.1,57.03529412,9.04,15.43588235,19.21,22.25941176,22,17.29,11.27705882,7,10,13,9,6,10,5,7,10,13,7,6,7,4,241.7,103.4647059,30.9,1.658823529,3.4,83.3,210.1235294,0,18.20588235,52.6,117.9176471,117,56.1,5.611764706,6,7,7,8,16,27,265,269,267,272,285,316,605,599,596,588,545,472,561,249,180,121,95,68,130,132,137,140,170,212,66,66,64,61,60,61,319,268,193,252,78,76
2001,IASG,73.4,169.6,97.2,104.1,93.2,116.3,75.21764706,11.51,15.91,19.35,22.84,21.2,17.54294118,10.91941176,9,15,8,6,7,8,8.117647059,9,12,7,5,7,6,5.235294118,202.8,94.4,39.8,1.7,12,65.44705882,227.5,8.1,30.2,69.2,135.6,91.4,14.4,3.335294118,6,7,7,8,16,27,265,269,267,272,285,316,605,599,596,588,545,472,561,249,180,121,95,68,130,132,137,140,170,212,66,66,64,61,60,61,319,268,193,252,78,76
2003,IASG,98.8,76.4,126.4,141.1,10.6,119.7,58.9,9.61,12.92,18.72,21.91,22.59764706,15.31,10.72882353,7,5,9,8,2,7,5.529411765,6,4,9,8,1,5,3.588235294,255.6,166.6,37.9,4.2,1.382352941,114.9,236.6882353,7.2,2.5,51.7,111.3,134.9235294,24.4,0,6,7,7,8,16,27,265,269,267,272,285,316,605,599,596,588,545,472,561,249,180,121,95,68,130,132,137,140,170,212,66,66,64,61,60,61,319,268,193,252,78,76
2004,IASG,33.7,148.8411765,92.65294118,62.9,124.4,17.2,81.56470588,9.3,15.85,19.48,20.84,18.33,18.04,10.33294118,6,12.23529412,9.529411765,8,8.705882353,3,8,4,9.470588235,6.823529412,7,6.588235294,2,6,258.8,91.5,32.5,9.2,51.9,52.4,243.9058824,3,18.3,66.8,82.8,51.9,43.5,0,6,7,7,8,16,27,265,269,267,272,285,316,605,599,596,588,545,472,561,249,180,121,95,68,130,132,137,140,170,212,66,66,64,61,60,61,319,268,193,252,78,76
2005,IASG,81.38823529,56.6,81,47.6,117.6,68.53529412,72.65294118,10.74,13.36,22.66,23,21.28,16.96411765,10.23235294,9.764705882,7,6,7,7,6,7.294117647,6.882352941,7,6,6,7,6,4.705882353,217.6,146.2,3.3,4.2,5,41.8,234.8117647,1.1,5.9,133,148.8,96.4,55.7,4.835294118,6,7,7,8,16,27,265,269,267,272,285,316,605,599,596,588,545,472,561,249,180,121,95,68,130,132,137,140,170,212,66,66,64,61,60,61,319,268,193,252,78,76
2008,IASG,206.4,213.8,232.3,253,65.7,159.3,63.81764706,8.14,13.02,20.15,22.11,20.11,17.05647059,10.76117647,14,10,15,12,8,11,6.470588235,13,8,13,10,4,9,4.352941176,305.8,157.9,9.1,0.3,5.9,75.77058824,222.4294118,0,3.4,63.7,114.1,59.2,24.1,3.629411765,6,7,7,8,16,27,265,269,267,272,285,316,605,599,596,588,545,472,561,249,180,121,95,68,130,132,137,140,170,212,66,66,64,61,60,61,319,268,193,252,78,76
2001,ILMO,82.21176471,96.4,73.81764706,101.9647059,96.96470588,96.9,62.24705882,12.02235294,17.38588235,21.66823529,23.77470588,23.21647059,19.45941176,11.14588235,9.235294118,11.41176471,8.941176471,8.941176471,8.411764706,6.470588235,7.470588235,6.470588235,7.235294118,5.529411765,6.058823529,6.176470588,4.529411765,4.411764706,190.7941176,72.36470588,11.81764706,0.617647059,3,38.81764706,211.9117647,8.935294118,44.60588235,105.3058824,167.1882353,154.3176471,61.44117647,12.14705882,24,25,26,26,37,52,341,335,307,319,340,260,350,352,355,354,322,275,776,323,225,166,115,110,308,313,338,327,338,465,63,63,63,64,67,69,511,283,174,164,54,50
2002,ILMO,82.21176471,96.4,73.81764706,101.9647059,96.96470588,96.9,59.15882353,12.17411765,17.29,21.72705882,23.98470588,23.21647059,19.45941176,11.14588235,9.117647059,11.41176471,8.764705882,8.941176471,8.411764706,6.470588235,7.294117647,6.470588235,7.235294118,5.470588235,6.058823529,6.294117647,4.529411765,4.352941176,187.1235294,75.35882353,11.15294118,0.523529412,3,38.81764706,211.9117647,9.247058824,44.48235294,104.6588235,174.1117647,154.5941176,61.44117647,12.14705882,24,25,26,26,37,52,341,335,307,319,340,260,350,352,355,354,322,275,776,323,225,166,115,110,308,313,338,327,338,465,63,63,63,64,67,69,511,283,174,164,54,50
2004,ILMO,82.45294118,100.7176471,77.61764706,106.7764706,84.25294118,96.9,57.70588235,11.84411765,16.98352941,21.68,23.84294118,23.34823529,19.45941176,11.14588235,9.588235294,11.88235294,9.294117647,9.411764706,8.176470588,6.764705882,7,6.235294118,7.705882353,5.823529412,6.294117647,5.705882353,4.823529412,4.058823529,193.9705882,81.03529412,10.9,0.511764706,2.982352941,35.2,211.9117647,7.470588235,40.94705882,103.7588235,169.4705882,147.3941176,63,12.26470588,24,25,26,26,37,52,341,335,307,319,340,260,350,352,355,354,322,275,776,323,225,166,115,110,308,313,338,327,338,465,63,63,63,64,67,69,511,283,174,164,54,50
2008,ILHR,131.9,59.5,155.8,218.5,34.6,126.4,60.8,10.10529412,15.89176471,21.19,22.99235294,22.42411765,17.98235294,11.58941176,12,9,17,11,8,9,10,10,4,12,8,4,6,6,243.6,100.0470588,15.13529412,1.447058824,2.382352941,64.14705882,197.6764706,3.558823529,26.97058824,97.84117647,141.8705882,133.7411765,55.08235294,8.747058824,14.27247956,13.9373297,13.93051771,16.05040872,24.30517711,34.18256131,288.0217984,290.972752,305.8978202,319.5490463,316.2152589,288.8964578,487.5762943,485.9918256,476.1103542,465.5776567,448.5517711,431.5435967,454.619891,233.9114441,172.1553134,122.5776567,96.49182561,79.87874659,224.3719346,223.0122616,217.9564033,214.866485,235.1716621,279.5762943,63.57629428,63.73978202,63.69209809,64.5599455,67.00953678,70.52179837,384.1839237,223.3501362,153.9768392,102.3841962,59.81743869,44.06811989
2002,WIGR,64.46470588,130.2941176,136.4176471,96.16470588,114.9411765,53.22352941,64.74117647,8.911764706,13.92470588,19.19,21.86823529,20.92882353,18.6,10.28941176,8.823529412,13.35294118,12.35294118,9.117647059,8.235294118,7.117647059,7.588235294,5.352941176,10.11764706,8.235294118,6.117647059,5.352941176,4.882352941,5.588235294,281.3764706,146.7882353,32.47058824,5.764705882,13.56470588,55.05882353,221.8176471,3,14.31176471,58.42352941,112.8764706,93.28823529,35.83529412,15.61176471,14.27247956,13.9373297,13.93051771,16.05040872,24.30517711,34.18256131,288.0217984,290.972752,305.8978202,319.5490463,316.2152589,288.8964578,487.5762943,485.9918256,476.1103542,465.5776567,448.5517711,431.5435967,454.619891,233.9114441,172.1553134,122.5776567,96.49182561,79.87874659,224.3719346,223.0122616,217.9564033,214.866485,235.1716621,279.5762943,63.57629428,63.73978202,63.69209809,64.5599455,67.00953678,70.52179837,384.1839237,223.3501362,153.9768392,102.3841962,59.81743869,44.06811989
2007,MITE,60.9,94.57647059,100.6,93.3,62.44705882,103.0941176,61.42941176,8.675882353,13.27176471,19.62117647,21.72941176,20.35235294,16.79470588,10.72705882,8.294117647,12.11764706,11,9.058823529,8.352941176,7.176470588,8.352941176,5.705882353,7.941176471,7.235294118,6,5,5.647058824,5.470588235,283.9764706,162.3705882,28.42941176,7.005882353,16.21176471,73.42941176,247.6823529,1.729411765,10.99411765,65.7,111.0411765,82.32941176,35.66470588,5.535294118,88,89,94,112,153,178,185,182,208,208,211,182,278,277,270,264,253,266,875,415,420,407,348,337,536,541,522,528,535,552,63,63,63,64,66,71,398,252,144,88,140,88
2008,MITE,48.6,68.8,120.8,114.2,23,113.1235294,60.42352941,10.04,12.94,20.28,21.29,20.4,17.03058824,10.22117647,10,9,18,12,8,11,7.294117647,7,7,12,6,4,9,4.294117647,241,163.2,15.5,4.5,4.2,75.01764706,245.7705882,0,3.6,73.9,96.1,68.5,22.8,7.117647059,88,89,94,112,153,178,185,182,208,208,211,182,278,277,270,264,253,266,875,415,420,407,348,337,536,541,522,528,535,552,63,63,63,64,66,71,398,252,144,88,140,88
2004,INRL,100.9235294,127.4882353,97.65882353,93.81176471,97.43529412,101.3117647,85.51176471,11.15411765,17.10294118,21.16705882,23.06235294,22.38823529,18.93117647,10.75352941,10.35294118,11.05882353,9.176470588,8.882352941,8.352941176,6.823529412,8.823529412,7.176470588,8.823529412,6.764705882,5.941176471,5.647058824,4.882352941,5.882352941,215.3647059,84.6,15.05882353,2.182352941,7.135294118,40.77058824,230.1764706,6.576470588,46.91176471,98.32352941,146.0176471,131.4705882,56.28823529,9.135294118,18,18,18,20,42,51,262,277,310,348,316,306,638,625,598,567,579,446,323,151,102,71,60,58,101,98,92,85,105,247,60,60,59,58,61,69,372,172,96,58,56,69
2008,ONBL,73.3,84.3,131.5,98.4,155,82.71764706,77.64117647,6.83,8.8,17.26,19.56,18.82,17.17705882,10.09,8,12,18,8,9,9,8.882352941,5,10,11,7,7,5,5.882352941,345.1,295.5,63.6,20,21,67.98235294,253.5352941,0,0,31.2,58,36.2,8.8,6.664705882,60,59,63,69,107,127,222,231,232,249,262,271,450,455,457,433,424,388,862,362,208,178,166,171,327,314,311,318,313,341,61,61,62,62,63,65,965,480,313,241,213,222
2002,IAGR,87.7,73.8,147.1,90.1,140.1,77.31176471,77.57647059,8.31,12.97,21.43,24.11,20.73,17.28176471,10.65588235,13,13,9,9,8,6,7.705882353,9,9,7,6,5,4,5,306.9,178.9,16.9,0.3,11.1,73.04117647,219.5235294,6.1,12.6,109.9,179.5,85.3,49.7,3.529411765,14.27247956,13.9373297,13.93051771,16.05040872,24.30517711,34.18256131,288.0217984,290.972752,305.8978202,319.5490463,316.2152589,288.8964578,487.5762943,485.9918256,476.1103542,465.5776567,448.5517711,431.5435967,454.619891,233.9114441,172.1553134,122.5776567,96.49182561,79.87874659,224.3719346,223.0122616,217.9564033,214.866485,235.1716621,279.5762943,63.57629428,63.73978202,63.69209809,64.5599455,67.00953678,70.52179837,384.1839237,223.3501362,153.9768392,102.3841962,59.81743869,44.06811989
2003,IAGR,80.28235294,139.8470588,94.5,102.7941176,101.8588235,100.3176471,53.00588235,9.46,14.90352941,20.53764706,22.78882353,21.27058824,18.36823529,11.66470588,9,13.11764706,9.647058824,8.647058824,8.647058824,7.058823529,6.705882353,6.294117647,9.176470588,6.882352941,6.058823529,5.529411765,4.941176471,4.294117647,269.5117647,123.7058824,20.64705882,3.211764706,12.78823529,65.44705882,208.7294118,6.594117647,20.39411765,84.69411765,137.3470588,101.3764706,41.81176471,18.52941176,14.27247956,13.9373297,13.93051771,16.05040872,24.30517711,34.18256131,288.0217984,290.972752,305.8978202,319.5490463,316.2152589,288.8964578,487.5762943,485.9918256,476.1103542,465.5776567,448.5517711,431.5435967,454.619891,233.9114441,172.1553134,122.5776567,96.49182561,79.87874659,224.3719346,223.0122616,217.9564033,214.866485,235.1716621,279.5762943,63.57629428,63.73978202,63.69209809,64.5599455,67.00953678,70.52179837,384.1839237,223.3501362,153.9768392,102.3841962,59.81743869,44.06811989
2001,MIBR,64.4,151,65,50.6,103.4,80.23529412,87.43529412,9.31,15.67,19.19,21.48,21.66,17.68176471,10.02647059,13,13,11,5,9,14,8.941176471,8,9,7,3,8,8,5.705882353,270.7,99.3,47,14.5,3.9,65.56470588,250.2882353,0,16.6,72.8,112,106.9,12.6,7.594117647,19,22,19,23,31,34,232,254,282,290,285,280,333,323,310,312,326,337,1347,436,368,384,329,265,435,423,408,398,389,383,66,67,68,69,74,76,576,259,166,138,129,66
2004,KSHO,58.4,20.2,70.2,161.1,24.2,127.7882353,56.84117647,10.87,17.58,20.18,22.86,21.52,17.97058824,11.00529412,10,8,11,10,4,5,7.411764706,5,2,7,9,2,5,4.647058824,226.3,81.6,25.2,8.8,9.5,64.2,230.6235294,2.5,58.2,80.7,145.2,108.3,93.9,6.158823529,9,8,8,8,6,6,253,255,275,283,273,239,567,566,557,551,550,564,175,147,107,78,58,38,180,179,168,166,177,197,66,67,70,76,80,81,165,121,87,53,34,18
2005,KSHO,106.1,76,107.4,135.4,54.7,127.3117647,76.6,10.79,15.97,22.14,25.12,23.55,18.83352941,10.88588235,9,7,7,5,12,2,8.294117647,5,5,6,5,8,1,5.058823529,227.8,108.6,15.2,2.2,0.9,45.93529412,229.4647059,1.5,35.5,129.3,212.7,162.5,102.9,8.770588235,9,8,8,8,6,6,253,255,275,283,273,239,567,566,557,551,550,564,175,147,107,78,58,38,180,179,168,166,177,197,66,67,70,76,80,81,165,121,87,53,34,18
2006,KSHO,15.3,60.5,135.8,20.1,66.3,77.75882353,79.34705882,12.82,17.52,23.09,26.23,23.94,18.93058824,10.83411765,4,9,13,3,10,5,7.882352941,2,4,6,3,5,5,5.117647059,172.2,85.3,0,0,2.5,48.61764706,224.1058824,6.9,60,142.6,244.9,170.3,21.7,15.08235294,9,8,8,8,6,6,253,255,275,283,273,239,567,566,557,551,550,564,175,147,107,78,58,38,180,179,168,166,177,197,66,67,70,76,80,81,165,121,87,53,34,18
2007,KSHO,66.1,53.6,44.7,30,96.4,73.11764706,71.70588235,8.58,17.5,21.14,24.94,26.32,18.66352941,10.85352941,10,6,4,6,11,5,6.823529412,8,3,3,5,5,4,4.294117647,296,47,10.6,0,0,46.42941176,237.6117647,3.4,21.2,94.6,204.9,247.6,80.1,9.194117647,9,8,8,8,6,6,253,255,275,283,273,239,567,566,557,551,550,564,175,147,107,78,58,38,180,179,168,166,177,197,66,67,70,76,80,81,165,121,87,53,34,18
2001,IAHA,80.5,250.4,71.6,57,62.3,86.35882353,72.62352941,11.8,16.09,20.91,24.7,22.38,18.66294118,10.99647059,12,18,8,8,9,10,8.529411765,8,14,7,3,4,5,5.058823529,207.1,100.3,21.7,1.6,4.5,52.31176471,230.1294118,11.1,30.7,98.9,199,129.8,27.8,6.435294118,14.27247956,13.9373297,13.93051771,16.05040872,24.30517711,34.18256131,288.0217984,290.972752,305.8978202,319.5490463,316.2152589,288.8964578,487.5762943,485.9918256,476.1103542,465.5776567,448.5517711,431.5435967,454.619891,233.9114441,172.1553134,122.5776567,96.49182561,79.87874659,224.3719346,223.0122616,217.9564033,214.866485,235.1716621,279.5762943,63.57629428,63.73978202,63.69209809,64.5599455,67.00953678,70.52179837,384.1839237,223.3501362,153.9768392,102.3841962,59.81743869,44.06811989
2002,IAHA,99.8,109.5,47.3,57,147.1,86.74117647,81.56470588,9.7,14.39,23.18,24.76,21.63,17.42588235,10.42235294,14,10,5,6,9,9,8.235294118,9,7,3,6,8,6,5.352941176,266,146.7,3,0,7.2,61.14117647,222.0058824,7,24.4,148.3,199.3,109.4,62,5.241176471,14.27247956,13.9373297,13.93051771,16.05040872,24.30517711,34.18256131,288.0217984,290.972752,305.8978202,319.5490463,316.2152589,288.8964578,487.5762943,485.9918256,476.1103542,465.5776567,448.5517711,431.5435967,454.619891,233.9114441,172.1553134,122.5776567,96.49182561,79.87874659,224.3719346,223.0122616,217.9564033,214.866485,235.1716621,279.5762943,63.57629428,63.73978202,63.69209809,64.5599455,67.00953678,70.52179837,384.1839237,223.3501362,153.9768392,102.3841962,59.81743869,44.06811989
2003,IAHA,110.8,136.5,69.5,63.6,5.4,97.19411765,78.76470588,10.47,14.11,19.77,23.08,23.68,17.02294118,11.05,11,16,11,7,4,4,7,8,11,8,6,1,3,4.764705882,244.9,137.4,25.9,0.3,1.1,76.82941176,219.5588235,8.9,7.2,69,147.4,166.9,29,2.729411765,14.27247956,13.9373297,13.93051771,16.05040872,24.30517711,34.18256131,288.0217984,290.972752,305.8978202,319.5490463,316.2152589,288.8964578,487.5762943,485.9918256,476.1103542,465.5776567,448.5517711,431.5435967,454.619891,233.9114441,172.1553134,122.5776567,96.49182561,79.87874659,224.3719346,223.0122616,217.9564033,214.866485,235.1716621,279.5762943,63.57629428,63.73978202,63.69209809,64.5599455,67.00953678,70.52179837,384.1839237,223.3501362,153.9768392,102.3841962,59.81743869,44.06811989
2004,IAHA,43.4,229.2,62.5,131.9,72.3,126.3882353,84.75294118,10.67,16.08,19.31,21.18,19.2,17.62235294,10.38941176,4,15,11,14,7,5,8.352941176,3,11,4,8,2,3,5.411764706,235.9,105.3,27.5,10.5,33.9,61.02352941,227.3941176,6.1,35.5,56.8,98.8,60.6,68.6,3.676470588,14.27247956,13.9373297,13.93051771,16.05040872,24.30517711,34.18256131,288.0217984,290.972752,305.8978202,319.5490463,316.2152589,288.8964578,487.5762943,485.9918256,476.1103542,465.5776567,448.5517711,431.5435967,454.619891,233.9114441,172.1553134,122.5776567,96.49182561,79.87874659,224.3719346,223.0122616,217.9564033,214.866485,235.1716621,279.5762943,63.57629428,63.73978202,63.69209809,64.5599455,67.00953678,70.52179837,384.1839237,223.3501362,153.9768392,102.3841962,59.81743869,44.06811989
2001,IAHC,83.37647059,144.5117647,94.61176471,103.1588235,99.37647059,89.95882353,59.31764706,10.28647059,14.85529412,20.61,22.91176471,21.30117647,17.83823529,11.66470588,9.176470588,12.52941176,10.11764706,8.882352941,8.352941176,6.529411765,6.529411765,7,8.588235294,7.117647059,6.352941176,5.294117647,4.176470588,4.117647059,244.5,126.7235294,20.21176471,2.870588235,11.7,72.41176471,208.7294118,6.458823529,21.01764706,86.54117647,142.3058824,101.8176471,40.34117647,8.764705882,23,22,23,30,33,39,316,323,309,310,312,275,428,426,431,421,391,406,422,290,252,142,91,65,256,251,260,269,296,319,64,64,64,65,69,73,367,284,206,140,50,18
2004,IAHC,92.55882353,139.6588235,96.93529412,99.75294118,98.75294118,89.92941176,53.02352941,10.20941176,14.80176471,20.74,22.89058824,21.23764706,18.02882353,11.66470588,9.117647059,12.05882353,10.11764706,8.529411765,8.235294118,6.411764706,6.235294118,7.117647059,8.235294118,7.294117647,6.176470588,5.294117647,4.176470588,3.882352941,246.5823529,127.2411765,17.01176471,2.694117647,11.44117647,72.41176471,208.7294118,6.376470588,20.07647059,87.88823529,142.1411765,100.1529412,40.26470588,8.764705882,23,22,23,30,33,39,316,323,309,310,312,275,428,426,431,421,391,406,422,290,252,142,91,65,256,251,260,269,296,319,64,64,64,65,69,73,367,284,206,140,50,18
2006,IAHC,91.97647059,131.7941176,99.28823529,103.3294118,104.5411765,89.92941176,50.24705882,9.86,14.63529412,20.75764706,22.79470588,21.31058824,18.02882353,11.66470588,8.823529412,11.76470588,9.941176471,8.352941176,8.470588235,6.352941176,6.176470588,6.941176471,7.823529412,7.117647059,6.235294118,5.647058824,4.352941176,3.764705882,256.4176471,130.8647059,16.32352941,2.6,11.27647059,72.41176471,208.7294118,5.723529412,18.53529412,87.57058824,139.0764706,102.2647059,41.45882353,8.764705882,23,22,23,30,33,39,316,323,309,310,312,275,428,426,431,421,391,406,422,290,252,142,91,65,256,251,260,269,296,319,64,64,64,65,69,73,367,284,206,140,50,18
2007,IAHC,93.82941176,133.7058824,91.15882353,100.4411765,109.4,97.98235294,50.24705882,9.660588235,15.12823529,20.75764706,22.73588235,21.39176471,18.02882353,11.66470588,8.470588235,11.52941176,9.764705882,8.117647059,8.705882353,6.647058824,5.941176471,6.647058824,7.823529412,6.764705882,6.058823529,5.882352941,4.529411765,3.647058824,263.5470588,119.8941176,16.32352941,2.6,10.67058824,72.41176471,208.7294118,5.858823529,22.75882353,87.57058824,137.2529412,103.6470588,41.45882353,8.764705882,23,22,23,30,33,39,316,323,309,310,312,275,428,426,431,421,391,406,422,290,252,142,91,65,256,251,260,269,296,319,64,64,64,65,69,73,367,284,206,140,50,18
2008,IAHC,102.5117647,136.3764706,102.6823529,100.7352941,115.2117647,97.98235294,50.24705882,9.404117647,15.31529412,20.75882353,22.65705882,21.34941176,18.02882353,11.66470588,8.235294118,11.47058824,9.764705882,8.117647059,9,6.882352941,5.941176471,6.588235294,7.941176471,6.764705882,6,6.176470588,4.705882353,3.647058824,269.8941176,114.5529412,14.55882353,2.535294118,10.57647059,72.41176471,208.7294118,5.182352941,23.5,85.95294118,134.7529412,102.6823529,41.64117647,8.764705882,23,22,23,30,33,39,316,323,309,310,312,275,428,426,431,421,391,406,422,290,252,142,91,65,256,251,260,269,296,319,64,64,64,65,69,73,367,284,206,140,50,18
2000,NECC,71.17058824,103.8764706,82.74705882,77.45294118,75.12352941,86.15294118,72.80588235,11.22470588,16.42470588,21.66764706,24.91647059,23.50705882,20.15764706,10.49411765,8.941176471,9.823529412,9.705882353,8.411764706,7.764705882,5.705882353,6.058823529,5.529411765,6.176470588,6.294117647,5.882352941,4.941176471,4.117647059,3.764705882,217.0647059,96.8,16.96470588,0.947058824,3.7,34.46470588,247.4117647,6.429411765,38.55882353,115.9705882,201.7823529,154.8764706,56.17647059,11.71764706,14.27247956,13.9373297,13.93051771,16.05040872,24.30517711,34.18256131,288.0217984,290.972752,305.8978202,319.5490463,316.2152589,288.8964578,487.5762943,485.9918256,476.1103542,465.5776567,448.5517711,431.5435967,454.619891,233.9114441,172.1553134,122.5776567,96.49182561,79.87874659,224.3719346,223.0122616,217.9564033,214.866485,235.1716621,279.5762943,63.57629428,63.73978202,63.69209809,64.5599455,67.00953678,70.52179837,384.1839237,223.3501362,153.9768392,102.3841962,59.81743869,44.06811989
2001,NECC,71.17058824,103.8764706,82.74705882,77.45294118,77.13529412,86.15294118,72.80588235,11.22470588,16.42470588,21.66764706,24.91647059,23.42529412,20.15764706,10.49411765,8.941176471,9.823529412,9.705882353,8.411764706,7.882352941,5.941176471,6.058823529,5.529411765,6.176470588,6.294117647,5.882352941,4.941176471,4.235294118,3.764705882,217.0647059,96.8,16.96470588,0.947058824,3.688235294,34.46470588,247.4117647,6.429411765,38.55882353,115.9705882,201.7823529,148.5235294,55.8,11.71764706,14.27247956,13.9373297,13.93051771,16.05040872,24.30517711,34.18256131,288.0217984,290.972752,305.8978202,319.5490463,316.2152589,288.8964578,487.5762943,485.9918256,476.1103542,465.5776567,448.5517711,431.5435967,454.619891,233.9114441,172.1553134,122.5776567,96.49182561,79.87874659,224.3719346,223.0122616,217.9564033,214.866485,235.1716621,279.5762943,63.57629428,63.73978202,63.69209809,64.5599455,67.00953678,70.52179837,384.1839237,223.3501362,153.9768392,102.3841962,59.81743869,44.06811989
2003,NEWC,79.1,68.8,121.5,10.2,60.2,172.1,35.5,10.43352941,15.44117647,21.17529412,24.47647059,23.74470588,17.69235294,11.50117647,10,13,15,3,4,6,3,5,7,11,2,3,5,2,236.8823529,116.9,16.56470588,1.888235294,3.241176471,61.80588235,238.5647059,4.647058824,28.12352941,102.0235294,189.2705882,160.6470588,59.71176471,10.48823529,1,1,1,1,9,9,301,313,360,392,382,331,609,599,559,534,542,575,328,207,153,106,76,52,90,88,81,74,76,94,60,60,63,68,72,74,282,180,140,77,39,16
2006,NEWC,96.1,36.8,53.9,25.7,199.6,146.7,22.3,10.74705882,16.25647059,22.48588235,24.70588235,22.85294118,18.05294118,10.75882353,11,8,9,5,15,10,10,9,4,4,2,8,6,4,231.0235294,104.7117647,6.247058824,0.952941176,2.835294118,65.44705882,247.2882353,6.876470588,41.27647059,130.8176471,195.7882353,142.7294118,46.87647059,10.30588235,1,1,1,1,9,9,301,313,360,392,382,331,609,599,559,534,542,575,328,207,153,106,76,52,90,88,81,74,76,94,60,60,63,68,72,74,282,180,140,77,39,16
2008,NEWC,111.3,154.7,164.3,190.3,35.3,105,169.2,10.40823529,15.58352941,21.22647059,23.68647059,22.94764706,18.88764706,11.30411765,12,15,11,8,5,11,10,8,12,8,7,4,8,6,240.1764706,103.9529412,9.494117647,1.476470588,1.4,56.42941176,193.5352941,5.752941176,28.52352941,94.37058824,165.6176471,140.5411765,47.74117647,18.71176471,1,1,1,1,9,9,301,313,360,392,382,331,609,599,559,534,542,575,328,207,153,106,76,52,90,88,81,74,76,94,60,60,63,68,72,74,282,180,140,77,39,16
2006,MIIT,54.91764706,105.6647059,87.62941176,91.91764706,70.72352941,97.73529412,71.88235294,8.807058824,13.90529412,19.86588235,21.51176471,21.58176471,17.55,10.82823529,9.235294118,13,11.29411765,10.58823529,9.529411765,7.470588235,8.764705882,5.235294118,8.294117647,6.588235294,6.705882353,5.882352941,5,5.823529412,277.8294118,139.8764706,29.85294118,6.835294118,9.458823529,58.88235294,247.6823529,2.017647059,12.84705882,73.87647059,103.3058824,92.1,44.28235294,5.747058824,14.27247956,13.9373297,13.93051771,16.05040872,24.30517711,34.18256131,288.0217984,290.972752,305.8978202,319.5490463,316.2152589,288.8964578,487.5762943,485.9918256,476.1103542,465.5776567,448.5517711,431.5435967,454.619891,233.9114441,172.1553134,122.5776567,96.49182561,79.87874659,224.3719346,223.0122616,217.9564033,214.866485,235.1716621,279.5762943,63.57629428,63.73978202,63.69209809,64.5599455,67.00953678,70.52179837,384.1839237,223.3501362,153.9768392,102.3841962,59.81743869,44.06811989
2006,NEMI,131.3,114.7,81.7,89.9,140.8,73.10588235,92.13529412,13.81,17.8,23.32,25.75,23.91,19.65647059,11.30176471,10,7,8,7,10,6,9.235294118,9,7,7,6,7,5,6.352941176,124.6,69,2.5,0,1.1,38.08823529,193.3647059,15,53.1,142.2,230,168.5,24.3,16.22941176,15,12,11,14,13,11,261,271,283,285,279,274,587,578,570,574,583,583,241,203,147,105,106,80,152,151,147,140,139,143,67,67,68,69,70,71,240,160,119,84,62,56
2007,NEMI,61.2,227.1,17.6,27.7,154.5,95.48235294,79.69411765,10.39,19.33,22.35,25.25,25.74,18.86470588,10.65941176,4,8,4,7,11,5,7.588235294,4,7,2,4,8,5,5.764705882,221.1,76.74117647,1.7,0,0,47.84117647,267.6352941,10.3,41.21176471,107.6,207.4,198.3,70.2,12.34705882,15,12,11,14,13,11,261,271,283,285,279,274,587,578,570,574,583,583,241,203,147,105,106,80,152,151,147,140,139,143,67,67,68,69,70,71,240,160,119,84,62,56
2000,ILGI,117.9,85,146,151.1,36.6,134.5941176,62.17647059,9.72,17.29,20.88,21.83,22.2,17.34882353,10.59823529,11,14,15,8,9,11,6,6,7,10,5,5,8,4.352941176,258.5,68,18.4,3.4,3.4,71.10588235,229.0352941,0,35.6,94.8,111.7,123.4,64.4,4.676470588,14.27247956,13.9373297,13.93051771,16.05040872,24.30517711,34.18256131,288.0217984,290.972752,305.8978202,319.5490463,316.2152589,288.8964578,487.5762943,485.9918256,476.1103542,465.5776567,448.5517711,431.5435967,454.619891,233.9114441,172.1553134,122.5776567,96.49182561,79.87874659,224.3719346,223.0122616,217.9564033,214.866485,235.1716621,279.5762943,63.57629428,63.73978202,63.69209809,64.5599455,67.00953678,70.52179837,384.1839237,223.3501362,153.9768392,102.3841962,59.81743869,44.06811989
2005,ILGI,62.9,29.2,37.6,224.5,70.3,111.0705882,66,11.91,15.32,23.39,23.73,23,18.26117647,11.49882353,11,6,9,7,10,9,6.823529412,6,3,4,7,6,7,4.352941176,197,112.8,3.9,0.6,1.1,60.13529412,216.6117647,7,19.4,151.6,168,139.9,95,6.770588235,14.27247956,13.9373297,13.93051771,16.05040872,24.30517711,34.18256131,288.0217984,290.972752,305.8978202,319.5490463,316.2152589,288.8964578,487.5762943,485.9918256,476.1103542,465.5776567,448.5517711,431.5435967,454.619891,233.9114441,172.1553134,122.5776567,96.49182561,79.87874659,224.3719346,223.0122616,217.9564033,214.866485,235.1716621,279.5762943,63.57629428,63.73978202,63.69209809,64.5599455,67.00953678,70.52179837,384.1839237,223.3501362,153.9768392,102.3841962,59.81743869,44.06811989
2006,ILGI,145.8,118.9,35.9,245.1,96.3,108.2941176,105.2176471,12.61,15.36,21.25,24.31,22.4,18.52705882,10.76117647,10,20,10,12,9,14,8.705882353,7,9,3,10,5,7,5.941176471,174.9,122.1,15,0,0.6,51.11176471,229.1352941,3.1,30,102.6,179.9,126.6,21.6,8.770588235,14.27247956,13.9373297,13.93051771,16.05040872,24.30517711,34.18256131,288.0217984,290.972752,305.8978202,319.5490463,316.2152589,288.8964578,487.5762943,485.9918256,476.1103542,465.5776567,448.5517711,431.5435967,454.619891,233.9114441,172.1553134,122.5776567,96.49182561,79.87874659,224.3719346,223.0122616,217.9564033,214.866485,235.1716621,279.5762943,63.57629428,63.73978202,63.69209809,64.5599455,67.00953678,70.52179837,384.1839237,223.3501362,153.9768392,102.3841962,59.81743869,44.06811989
2007,ILGI,107.2,47.6,106.6,119.8,223.3,64.31176471,83.6,9.18,18.71,21.93,21.83,23.95,18.03882353,10.67764706,10,5,13,9,14,4,8.823529412,6,5,10,5,9,3,5.176470588,278.1,33,7,0.3,0,53.11176471,233.1647059,3.6,44.6,114.8,108.7,174.3,80.8,7.752941176,14.27247956,13.9373297,13.93051771,16.05040872,24.30517711,34.18256131,288.0217984,290.972752,305.8978202,319.5490463,316.2152589,288.8964578,487.5762943,485.9918256,476.1103542,465.5776567,448.5517711,431.5435967,454.619891,233.9114441,172.1553134,122.5776567,96.49182561,79.87874659,224.3719346,223.0122616,217.9564033,214.866485,235.1716621,279.5762943,63.57629428,63.73978202,63.69209809,64.5599455,67.00953678,70.52179837,384.1839237,223.3501362,153.9768392,102.3841962,59.81743869,44.06811989
2008,ILGI,56,159.9,101.3,88,22.2,145.5294118,62.25294118,10.65,13.91,22.69,23.19,21.28,17.10294118,10.71823529,14,12,16,12,7,13,6.705882353,7,7,9,10,3,9,4.235294118,232.7,143.4,0,0.3,2.2,75.64705882,236.3117647,2.2,6.4,130.6,151,93.6,36.8,3.564705882,14.27247956,13.9373297,13.93051771,16.05040872,24.30517711,34.18256131,288.0217984,290.972752,305.8978202,319.5490463,316.2152589,288.8964578,487.5762943,485.9918256,476.1103542,465.5776567,448.5517711,431.5435967,454.619891,233.9114441,172.1553134,122.5776567,96.49182561,79.87874659,224.3719346,223.0122616,217.9564033,214.866485,235.1716621,279.5762943,63.57629428,63.73978202,63.69209809,64.5599455,67.00953678,70.52179837,384.1839237,223.3501362,153.9768392,102.3841962,59.81743869,44.06811989
2000,MOBU,71.79411765,132.9,115.7941176,111.4882353,97.65882353,121.6235294,44.84117647,12.27352941,17.63764706,22.04470588,24.56882353,23.51411765,18.62705882,10.43588235,8.117647059,12.64705882,11.52941176,9.294117647,8,7.411764706,6.764705882,5.823529412,8.705882353,7.411764706,6.176470588,4.823529412,5.352941176,3.705882353,192.5529412,74.5,13.92941176,2.311764706,5.382352941,62.48235294,258.5882353,13.55294118,52.78235294,123.6647059,188.0411765,174.5235294,61.35294118,14.7,14.27247956,13.9373297,13.93051771,16.05040872,24.30517711,34.18256131,288.0217984,290.972752,305.8978202,319.5490463,316.2152589,288.8964578,487.5762943,485.9918256,476.1103542,465.5776567,448.5517711,431.5435967,454.619891,233.9114441,172.1553134,122.5776567,96.49182561,79.87874659,224.3719346,223.0122616,217.9564033,214.866485,235.1716621,279.5762943,63.57629428,63.73978202,63.69209809,64.5599455,67.00953678,70.52179837,384.1839237,223.3501362,153.9768392,102.3841962,59.81743869,44.06811989
2001,MOBU,79.26470588,132.2411765,113.4647059,120.2647059,99.21764706,121.6235294,44.84117647,12.27352941,17.85117647,22.04470588,24.30764706,23.10058824,18.62705882,10.43588235,8.588235294,13.17647059,11.64705882,9.294117647,9.117647059,7.411764706,6.764705882,6.235294118,8.882352941,7.529411765,6.352941176,5.647058824,5.235294118,3.705882353,192.5529412,71.75294118,13.92941176,2.311764706,5.841176471,62.48235294,258.5882353,13.55294118,56.65882353,123.6647059,181.7941176,174.5235294,61.35294118,14.7,14.27247956,13.9373297,13.93051771,16.05040872,24.30517711,34.18256131,288.0217984,290.972752,305.8978202,319.5490463,316.2152589,288.8964578,487.5762943,485.9918256,476.1103542,465.5776567,448.5517711,431.5435967,454.619891,233.9114441,172.1553134,122.5776567,96.49182561,79.87874659,224.3719346,223.0122616,217.9564033,214.866485,235.1716621,279.5762943,63.57629428,63.73978202,63.69209809,64.5599455,67.00953678,70.52179837,384.1839237,223.3501362,153.9768392,102.3841962,59.81743869,44.06811989
2002,MOBU,81.42352941,127.5823529,109.0647059,117.2352941,121.6764706,121.6235294,44.84117647,11.65882353,17.42117647,21.68823529,24.15117647,23.10058824,18.62705882,10.43588235,8.941176471,13.23529412,11.58823529,9,8.470588235,7.529411765,6.764705882,6.411764706,8.705882353,7.470588235,5.941176471,5,5.117647059,3.705882353,209.2647059,78.47647059,14.85882353,2.311764706,5.841176471,62.48235294,258.5882353,11.74117647,50.37058824,114.0176471,179.8352941,164.9705882,59.04117647,14.7,14.27247956,13.9373297,13.93051771,16.05040872,24.30517711,34.18256131,288.0217984,290.972752,305.8978202,319.5490463,316.2152589,288.8964578,487.5762943,485.9918256,476.1103542,465.5776567,448.5517711,431.5435967,454.619891,233.9114441,172.1553134,122.5776567,96.49182561,79.87874659,224.3719346,223.0122616,217.9564033,214.866485,235.1716621,279.5762943,63.57629428,63.73978202,63.69209809,64.5599455,67.00953678,70.52179837,384.1839237,223.3501362,153.9768392,102.3841962,59.81743869,44.06811989
2006,MOBU,99.51764706,125.1470588,99.40588235,106.8470588,116.3470588,121.6235294,43.92352941,11.31176471,16.82941176,21.88176471,24.32882353,23.19823529,18.30411765,10.43588235,9.529411765,12.47058824,10.82352941,8.529411765,8.294117647,7.941176471,6.882352941,6.882352941,7.705882353,7.235294118,5.705882353,5.294117647,5.705882353,3.705882353,220.9352941,89.91176471,11.94117647,1.482352941,5.929411765,62.48235294,258.5882353,12.05882353,43.34705882,116.7529412,183.4705882,151.7176471,53.00588235,14.91176471,14.27247956,13.9373297,13.93051771,16.05040872,24.30517711,34.18256131,288.0217984,290.972752,305.8978202,319.5490463,316.2152589,288.8964578,487.5762943,485.9918256,476.1103542,465.5776567,448.5517711,431.5435967,454.619891,233.9114441,172.1553134,122.5776567,96.49182561,79.87874659,224.3719346,223.0122616,217.9564033,214.866485,235.1716621,279.5762943,63.57629428,63.73978202,63.69209809,64.5599455,67.00953678,70.52179837,384.1839237,223.3501362,153.9768392,102.3841962,59.81743869,44.06811989
2008,MOBU,94.14117647,109.8058824,101.4764706,108.4823529,113.3705882,121.6235294,43.92352941,10.92941176,16.96235294,22.28529412,24.3,22.72235294,18.30411765,10.43588235,9.235294118,12,10.64705882,8.352941176,8.470588235,8.411764706,6.882352941,6.529411765,7.294117647,7.235294118,5.764705882,5.411764706,5.941176471,3.705882353,231.3058824,87.83529412,8.888235294,1.482352941,7.217647059,62.48235294,258.5882353,10.45294118,45.21764706,125.2705882,182.5705882,158.6529412,56.51764706,14.91176471,14.27247956,13.9373297,13.93051771,16.05040872,24.30517711,34.18256131,288.0217984,290.972752,305.8978202,319.5490463,316.2152589,288.8964578,487.5762943,485.9918256,476.1103542,465.5776567,448.5517711,431.5435967,454.619891,233.9114441,172.1553134,122.5776567,96.49182561,79.87874659,224.3719346,223.0122616,217.9564033,214.866485,235.1716621,279.5762943,63.57629428,63.73978202,63.69209809,64.5599455,67.00953678,70.52179837,384.1839237,223.3501362,153.9768392,102.3841962,59.81743869,44.06811989
2004,NELN,67.57647059,120.5647059,77.29411765,78.91176471,18.5,73.9,8.2,10.52294118,16.32705882,20.92764706,24.16529412,23.17705882,18.49352941,10.82294118,7.823529412,10.94117647,10.17647059,9.470588235,6,7,4,5.235294118,7.117647059,6.411764706,5.588235294,1,3,1,238.5647059,91.25294118,16.24117647,1.647058824,5.205882353,56.08823529,240.3470588,4.847058824,29.33529412,93.60588235,179.7352941,154.8647059,63.83529412,9.141176471,13,13,13,13,24,18,338,346,373,379,357,330,464,459,442,441,455,474,283,183,151,113,92,59,197,195,185,180,188,196,63,63,64,67,71,73,282,181,125,81,48,37
2008,NELN,99.15882353,231,97.6,55.7,94.08235294,82.22941176,87.45882353,11.10529412,17.79117647,22.37647059,24.89823529,24.50411765,18.59058824,11.08058824,9.294117647,15,12,11,8,7.647058824,7.294117647,6.352941176,11,10,7,5,5.117647059,5.176470588,224.2411765,70.25882353,8.429411765,1.323529412,1.082352941,52.15882353,248.3647059,10.54117647,48.1,127.9529412,200.3764706,180.8941176,71.62352941,8.517647059,13,13,13,13,24,18,338,346,373,379,357,330,464,459,442,441,455,474,283,183,151,113,92,59,197,195,185,180,188,196,63,63,64,67,71,73,282,181,125,81,48,37
2007,ILFN,83,51.4,108.1,113.5,196,75.58235294,82.93529412,9.42,19.62,22.18,22.19,24.4,18.18705882,10.61588235,8,5,8,10,10,4,7.882352941,7,4,6,7,10,3,4.941176471,268.4,31,4.7,1.4,0.3,54.34705882,223.2411765,7,71,120.2,120.8,188.4,87.7,7.911764706,14.27247956,13.9373297,13.93051771,16.05040872,24.30517711,34.18256131,288.0217984,290.972752,305.8978202,319.5490463,316.2152589,288.8964578,487.5762943,485.9918256,476.1103542,465.5776567,448.5517711,431.5435967,454.619891,233.9114441,172.1553134,122.5776567,96.49182561,79.87874659,224.3719346,223.0122616,217.9564033,214.866485,235.1716621,279.5762943,63.57629428,63.73978202,63.69209809,64.5599455,67.00953678,70.52179837,384.1839237,223.3501362,153.9768392,102.3841962,59.81743869,44.06811989
2008,ILFN,89,88.7,114.2,149.1,36.8,139.6647059,53.87647059,10.44,14.03,22.48,23.23,21.42,17.05117647,10.37235294,14,11,11,10,8,11,5.352941176,8,9,9,6,4,10,3.470588235,231.9,130,2.2,2.2,2.2,73.58823529,235.0529412,4,8,114.5,150.9,97.9,44.3,3.858823529,14.27247956,13.9373297,13.93051771,16.05040872,24.30517711,34.18256131,288.0217984,290.972752,305.8978202,319.5490463,316.2152589,288.8964578,487.5762943,485.9918256,476.1103542,465.5776567,448.5517711,431.5435967,454.619891,233.9114441,172.1553134,122.5776567,96.49182561,79.87874659,224.3719346,223.0122616,217.9564033,214.866485,235.1716621,279.5762943,63.57629428,63.73978202,63.69209809,64.5599455,67.00953678,70.52179837,384.1839237,223.3501362,153.9768392,102.3841962,59.81743869,44.06811989
2008,ILSN,84.1,129.6,111.2,101.4,34.9,273.9,57.7,10.84294118,15.56529412,21.17058824,23.08882353,22.83588235,18.44411765,11.73470588,13,15,13,10,7,10,7,8,7,10,8,4,7,5,226.6117647,100.9529412,15.10588235,0.794117647,0.941176471,49.11176471,226.3882353,5.911764706,18.19411765,97.77058824,145.9882353,140.8352941,52.33529412,11.35294118,14.27247956,13.9373297,13.93051771,16.05040872,24.30517711,34.18256131,288.0217984,290.972752,305.8978202,319.5490463,316.2152589,288.8964578,487.5762943,485.9918256,476.1103542,465.5776567,448.5517711,431.5435967,454.619891,233.9114441,172.1553134,122.5776567,96.49182561,79.87874659,224.3719346,223.0122616,217.9564033,214.866485,235.1716621,279.5762943,63.57629428,63.73978202,63.69209809,64.5599455,67.00953678,70.52179837,384.1839237,223.3501362,153.9768392,102.3841962,59.81743869,44.06811989
2000,ILBM,72.54117647,112.7352941,84.07647059,86.80588235,89.14117647,69.35882353,77.31176471,11.02058824,16.00176471,21.52,23.80705882,22.69588235,18.33470588,11.66470588,8.294117647,11.94117647,9,8.705882353,8,6.411764706,7.117647059,5.529411765,7.941176471,6.058823529,6.294117647,5.411764706,4.588235294,5.176470588,221.0058824,99.98235294,13.30588235,0.782352941,3.2,63.85882353,208.7294118,8.805882353,29.41764706,108.2470588,168.3588235,137.2882353,47.65294118,8.164705882,14.27247956,13.9373297,13.93051771,16.05040872,24.30517711,34.18256131,288.0217984,290.972752,305.8978202,319.5490463,316.2152589,288.8964578,487.5762943,485.9918256,476.1103542,465.5776567,448.5517711,431.5435967,454.619891,233.9114441,172.1553134,122.5776567,96.49182561,79.87874659,224.3719346,223.0122616,217.9564033,214.866485,235.1716621,279.5762943,63.57629428,63.73978202,63.69209809,64.5599455,67.00953678,70.52179837,384.1839237,223.3501362,153.9768392,102.3841962,59.81743869,44.06811989
2001,ILBM,76.24705882,107.0058824,83.88235294,84.10588235,98.44705882,78.84117647,82.90588235,10.81823529,16.00058824,21.52,23.80705882,22.69588235,18.33470588,11.66470588,8.764705882,12,9.058823529,8.823529412,8.882352941,6.764705882,7.470588235,5.882352941,7.823529412,6,6.235294118,6.058823529,4.647058824,5.411764706,226.5235294,100.1411765,13.30588235,0.782352941,3.2,63.85882353,208.7294118,8.247058824,29.72352941,108.2470588,168.3588235,137.2882353,47.92352941,8.164705882,14.27247956,13.9373297,13.93051771,16.05040872,24.30517711,34.18256131,288.0217984,290.972752,305.8978202,319.5490463,316.2152589,288.8964578,487.5762943,485.9918256,476.1103542,465.5776567,448.5517711,431.5435967,454.619891,233.9114441,172.1553134,122.5776567,96.49182561,79.87874659,224.3719346,223.0122616,217.9564033,214.866485,235.1716621,279.5762943,63.57629428,63.73978202,63.69209809,64.5599455,67.00953678,70.52179837,384.1839237,223.3501362,153.9768392,102.3841962,59.81743869,44.06811989
2003,ILBM,67.9,122.2,114.6823529,91.3,23.5,148.8,65.5,10.03764706,15.09764706,20.73588235,23.19352941,22.77470588,17.81176471,11.92529412,7,11,11.41176471,7,6,6,4,5,8,7.823529412,5,4,4,3,248.1882353,112.6176471,15.21764706,1.1,1.141176471,70.99411765,203.3823529,5.258823529,14.26470588,85.5,149.8176471,134.6176471,47.55882353,6.752941176,14.27247956,13.9373297,13.93051771,16.05040872,24.30517711,34.18256131,288.0217984,290.972752,305.8978202,319.5490463,316.2152589,288.8964578,487.5762943,485.9918256,476.1103542,465.5776567,448.5517711,431.5435967,454.619891,233.9114441,172.1553134,122.5776567,96.49182561,79.87874659,224.3719346,223.0122616,217.9564033,214.866485,235.1716621,279.5762943,63.57629428,63.73978202,63.69209809,64.5599455,67.00953678,70.52179837,384.1839237,223.3501362,153.9768392,102.3841962,59.81743869,44.06811989
2004,ILBM,79.8,107.8470588,99.52941176,89.14117647,79.71176471,109.6470588,83.52352941,11.00411765,16.04117647,21.57,23.76176471,22.72352941,18.33470588,11.66470588,8.647058824,11.58823529,8.764705882,8.705882353,8.294117647,6.294117647,7.117647059,5.882352941,7.470588235,5.882352941,6.470588235,5.529411765,4.235294118,5.176470588,220.4058824,98.76470588,13.06470588,0.817647059,3.070588235,63.85882353,208.7294118,7.711764706,29.61764706,109.5,166.9823529,138.0117647,49.97647059,8.294117647,14.27247956,13.9373297,13.93051771,16.05040872,24.30517711,34.18256131,288.0217984,290.972752,305.8978202,319.5490463,316.2152589,288.8964578,487.5762943,485.9918256,476.1103542,465.5776567,448.5517711,431.5435967,454.619891,233.9114441,172.1553134,122.5776567,96.49182561,79.87874659,224.3719346,223.0122616,217.9564033,214.866485,235.1716621,279.5762943,63.57629428,63.73978202,63.69209809,64.5599455,67.00953678,70.52179837,384.1839237,223.3501362,153.9768392,102.3841962,59.81743869,44.06811989
2005,ILBM,82.12941176,107.8352941,92.37058824,99.11764706,71.6,103.0529412,82.07647059,11.13176471,15.91352941,21.69941176,23.85647059,22.70764706,18.33470588,11.66470588,8.411764706,11.58823529,8.588235294,9,8.176470588,6.411764706,7.352941176,5.882352941,7.529411765,5.529411765,6.823529412,5.352941176,4.352941176,5.294117647,216.8176471,102.3823529,11.42352941,0.688235294,3.123529412,63.85882353,208.7294118,7.923529412,29.28235294,111.1588235,169.2647059,137.5647059,45.97058824,8.294117647,14.27247956,13.9373297,13.93051771,16.05040872,24.30517711,34.18256131,288.0217984,290.972752,305.8978202,319.5490463,316.2152589,288.8964578,487.5762943,485.9918256,476.1103542,465.5776567,448.5517711,431.5435967,454.619891,233.9114441,172.1553134,122.5776567,96.49182561,79.87874659,224.3719346,223.0122616,217.9564033,214.866485,235.1716621,279.5762943,63.57629428,63.73978202,63.69209809,64.5599455,67.00953678,70.52179837,384.1839237,223.3501362,153.9768392,102.3841962,59.81743869,44.06811989
2006,ILBM,76.92352941,94.28235294,100.3764706,100.6823529,71.48823529,116.9764706,79.13529412,10.91058824,16.04176471,21.87941176,23.73235294,22.87823529,18.33470588,11.66470588,8.705882353,11.41176471,9.176470588,9.235294118,8.176470588,6.823529412,7.235294118,5.941176471,7.294117647,6.058823529,6.882352941,5.352941176,4.764705882,5,222.5235294,99.75882353,10.27058824,0.688235294,3.088235294,63.85882353,208.7294118,7.794117647,30.81764706,114.1529412,165.4294118,142.2411765,47.98823529,8.341176471,14.27247956,13.9373297,13.93051771,16.05040872,24.30517711,34.18256131,288.0217984,290.972752,305.8978202,319.5490463,316.2152589,288.8964578,487.5762943,485.9918256,476.1103542,465.5776567,448.5517711,431.5435967,454.619891,233.9114441,172.1553134,122.5776567,96.49182561,79.87874659,224.3719346,223.0122616,217.9564033,214.866485,235.1716621,279.5762943,63.57629428,63.73978202,63.69209809,64.5599455,67.00953678,70.52179837,384.1839237,223.3501362,153.9768392,102.3841962,59.81743869,44.06811989
2007,ILBM,72.9,50.1,111,51.3,69.2,45.7,83.1,11.22058824,17.03705882,22.19117647,23.49294118,23.72176471,18.05235294,11.24176471,9,10,10,6,9,4,7,8,5,8,4,7,2,6,209.1294118,82.08823529,9.029411765,1.394117647,3.729411765,65.01176471,223.5411765,6.523529412,42.62352941,120.8411765,158.4882353,162.9352941,80.50588235,14.00588235,14.27247956,13.9373297,13.93051771,16.05040872,24.30517711,34.18256131,288.0217984,290.972752,305.8978202,319.5490463,316.2152589,288.8964578,487.5762943,485.9918256,476.1103542,465.5776567,448.5517711,431.5435967,454.619891,233.9114441,172.1553134,122.5776567,96.49182561,79.87874659,224.3719346,223.0122616,217.9564033,214.866485,235.1716621,279.5762943,63.57629428,63.73978202,63.69209809,64.5599455,67.00953678,70.52179837,384.1839237,223.3501362,153.9768392,102.3841962,59.81743869,44.06811989
2008,ILBM,97.6,149.2,129.4,100.9,64,280.7,71.3,10.37882353,15.18941176,20.86294118,23.55411765,22.55176471,18.64411765,10.85764706,13,13,12,12,5,11,3,7,11,8,10,3,8,3,241.5705882,112.7705882,17.46470588,0.782352941,2.047058824,49.6,224.5470588,7.294117647,17.25882353,91.56470588,160.8117647,131.5352941,39.42941176,10.89411765,14.27247956,13.9373297,13.93051771,16.05040872,24.30517711,34.18256131,288.0217984,290.972752,305.8978202,319.5490463,316.2152589,288.8964578,487.5762943,485.9918256,476.1103542,465.5776567,448.5517711,431.5435967,454.619891,233.9114441,172.1553134,122.5776567,96.49182561,79.87874659,224.3719346,223.0122616,217.9564033,214.866485,235.1716621,279.5762943,63.57629428,63.73978202,63.69209809,64.5599455,67.00953678,70.52179837,384.1839237,223.3501362,153.9768392,102.3841962,59.81743869,44.06811989
2002,MNLE,72.9,52.5,249.5,60.9,97.5,88.68235294,54.52352941,6.9,11.91,20.81,24.13,20.85,17.24470588,10.59058824,12,10,16,11,11,11,7.588235294,8,8,11,6,7,7,4.529411765,339.3,198.9,21.6,0.3,8.6,74.67058824,254.6117647,7.2,11.9,85,159.3,81.5,42.1,7.982352941,16,16,16,17,25,33,307,308,295,314,293,258,453,453,462,445,448,484,434,229,175,94,58,50,240,239,243,241,259,258,64,65,64,64,68,72,475,257,172,124,70,47
2003,MNLE,44.9,104.4,120.7,84.2,50.7,65.2,59.18823529,7.849411765,13.41,19.44,21.79,22.7,15.77,10.25529412,8,8,11,8,5,5,8.235294118,6,6,9,5,4,3,4.823529412,307.7235294,147.2,23,1.4,3.9,99.9,251.1529412,2.564705882,3.3,55.2,98.1,127.2,29.5,6.4,16,16,16,17,25,33,307,308,295,314,293,258,453,453,462,445,448,484,434,229,175,94,58,50,240,239,243,241,259,258,64,65,64,64,68,72,475,257,172,124,70,47
2007,MNLE,42.7,73.4,94.8,60,173.8,94.80588235,64.82352941,7.51,17.3,21.6,23.61,21.31,18.17117647,10.08882353,6,10,9,4,16,7,7.647058824,5,6,7,3,8,5,4.470588235,331.7,72.2,7.5,0,10.8,64.87647059,258.5117647,6.9,40.1,105.5,157.7,103,57.1,10.88823529,16,16,16,17,25,33,307,308,295,314,293,258,453,453,462,445,448,484,434,229,175,94,58,50,240,239,243,241,259,258,64,65,64,64,68,72,475,257,172,124,70,47
2008,MNLE,107.5,102.9,99.6,81.75294118,113.3,103.7470588,67.48235294,6.06,13.52,19.66,22.72,20.97,17.51058824,9.945882353,8,7,9,7.529411765,6,11,8.235294118,7,5,7,5.823529412,3,5,5.058823529,368.1,152.8,7.5,0,4.1,63.9,257.1705882,0,3.6,47.4,135.9,86,31.4,6.6,16,16,16,17,25,33,307,308,295,314,293,258,453,453,462,445,448,484,434,229,175,94,58,50,240,239,243,241,259,258,64,65,64,64,68,72,475,257,172,124,70,47
2000,IADO,58.5,109.1,164.7,120.4,66.8,30,53.7,9.527647059,15.83,20.75235294,23.13235294,22.63941176,17.63823529,11.60470588,7,13,13,7,6,6,7,3,10,12,4,3,3,7,264.8294118,108.0235294,14.91764706,1.223529412,2.658823529,73.97058824,198.1941176,5.123529412,30.42352941,87.27647059,147.3411765,135.1529412,51.1,15.78823529,25,25,26,30,67,100,265,268,265,284,246,196,446,444,447,414,353,316,361,299,178,102,75,54,288,288,288,302,401,488,67,67,67,68,70,71,314,272,174,90,41,23
2002,IADO,77.23529412,82.8,72.2,103.9,184.8,107.4,40.9,10.26529412,15.38529412,21.23647059,23.86,22.04882353,19.22470588,11.66352941,9.941176471,6,10,7,8,7,6,6.882352941,4,6,7,7,3,4,245.0647059,122.0176471,11.88235294,0.858823529,3.894117647,61.40588235,210.2588235,5.264705882,31.05294118,97.98235294,167.4705882,106.4647059,36.75294118,22.47058824,25,25,26,30,67,100,265,268,265,284,246,196,446,444,447,414,353,316,361,299,178,102,75,54,288,288,288,302,401,488,67,67,67,68,70,71,314,272,174,90,41,23
2002,IAJE,118.8,141,103.9,99.8,177.1,71.72352941,100.3470588,9.29,14.08,22.77,25.14,21.82,17.94764706,10.72294118,13,12,7,9,10,7,10.41176471,7,9,4,8,9,2,6.823529412,278.2,150.9,5.1,0.5,5,55.82941176,225.2058824,6.9,19.2,138,211.6,113.1,65,6,14.27247956,13.9373297,13.93051771,16.05040872,24.30517711,34.18256131,288.0217984,290.972752,305.8978202,319.5490463,316.2152589,288.8964578,487.5762943,485.9918256,476.1103542,465.5776567,448.5517711,431.5435967,454.619891,233.9114441,172.1553134,122.5776567,96.49182561,79.87874659,224.3719346,223.0122616,217.9564033,214.866485,235.1716621,279.5762943,63.57629428,63.73978202,63.69209809,64.5599455,67.00953678,70.52179837,384.1839237,223.3501362,153.9768392,102.3841962,59.81743869,44.06811989
2003,IAJE,105.9,170.4,135.3,165.6,29.2,152.7294118,56.29411765,10.42,14.54,19.76,22.95,23.86,17.04823529,10.98647059,11,11,12,8,5,5,6.235294118,9,10,9,7,2,3,4.117647059,247,124.7,22.4,0.5,0,76.20588235,214.4647059,9.7,7,65.3,143.6,171.3,32.8,3.388235294,14.27247956,13.9373297,13.93051771,16.05040872,24.30517711,34.18256131,288.0217984,290.972752,305.8978202,319.5490463,316.2152589,288.8964578,487.5762943,485.9918256,476.1103542,465.5776567,448.5517711,431.5435967,454.619891,233.9114441,172.1553134,122.5776567,96.49182561,79.87874659,224.3719346,223.0122616,217.9564033,214.866485,235.1716621,279.5762943,63.57629428,63.73978202,63.69209809,64.5599455,67.00953678,70.52179837,384.1839237,223.3501362,153.9768392,102.3841962,59.81743869,44.06811989
2004,IAJE,48.3,218.2,90.1,111.2,124.1,101.3588235,91.92941176,10.78,15.85,19.6,21.92,19.51,17.70529412,10.80941176,4,13,13,12,8,5,8.294117647,3,9,7,5,6,2,5.647058824,232.6,110.9,24.6,3.3,28.6,57.3,239.4176471,6.1,33.7,62.7,114.6,65,63.8,4.011764706,14.27247956,13.9373297,13.93051771,16.05040872,24.30517711,34.18256131,288.0217984,290.972752,305.8978202,319.5490463,316.2152589,288.8964578,487.5762943,485.9918256,476.1103542,465.5776567,448.5517711,431.5435967,454.619891,233.9114441,172.1553134,122.5776567,96.49182561,79.87874659,224.3719346,223.0122616,217.9564033,214.866485,235.1716621,279.5762943,63.57629428,63.73978202,63.69209809,64.5599455,67.00953678,70.52179837,384.1839237,223.3501362,153.9768392,102.3841962,59.81743869,44.06811989
2006,IAJE,82.6,43.4,68.9,141.8,193.9,82.05882353,70.61764706,11.93,16.26,21.75,24.33,22.58,17.41823529,10.60882353,11,13,11,13,13,10,7.117647059,7,4,4,7,10,6,4.352941176,196,103.9,11.6,0,2,70.26470588,228.0705882,3.9,39.8,114,186,133.5,15.8,7.347058824,14.27247956,13.9373297,13.93051771,16.05040872,24.30517711,34.18256131,288.0217984,290.972752,305.8978202,319.5490463,316.2152589,288.8964578,487.5762943,485.9918256,476.1103542,465.5776567,448.5517711,431.5435967,454.619891,233.9114441,172.1553134,122.5776567,96.49182561,79.87874659,224.3719346,223.0122616,217.9564033,214.866485,235.1716621,279.5762943,63.57629428,63.73978202,63.69209809,64.5599455,67.00953678,70.52179837,384.1839237,223.3501362,153.9768392,102.3841962,59.81743869,44.06811989
2008,IAJE,156.5,232.3,184.2,114.6,46.2,140.2411765,49.72352941,7.11,14.57,21.36,22.93,20.65,17.27941176,10.40411765,11,13,16,14,10,12,7.294117647,8,8,9,6,5,7,4.470588235,336.6,123.7,0,0,2.3,70.05882353,245.3529412,0,7,90.7,142.5,74.1,24.8,3.758823529,14.27247956,13.9373297,13.93051771,16.05040872,24.30517711,34.18256131,288.0217984,290.972752,305.8978202,319.5490463,316.2152589,288.8964578,487.5762943,485.9918256,476.1103542,465.5776567,448.5517711,431.5435967,454.619891,233.9114441,172.1553134,122.5776567,96.49182561,79.87874659,224.3719346,223.0122616,217.9564033,214.866485,235.1716621,279.5762943,63.57629428,63.73978202,63.69209809,64.5599455,67.00953678,70.52179837,384.1839237,223.3501362,153.9768392,102.3841962,59.81743869,44.06811989
2004,MOSU,82.82352941,113.6176471,114.3529412,87.74117647,133.2823529,110.1,55.54117647,14.00529412,19.02058824,23.70352941,25.70294118,25.63117647,19.65058824,10.76294118,8.647058824,8.647058824,8.705882353,7.941176471,8.588235294,7,6.941176471,6.235294118,6.058823529,6.470588235,5.117647059,6.529411765,5.235294118,3.764705882,147.9529412,49.70588235,2.452941176,0.152941176,0.994117647,36.25294118,258.5882353,21.97647059,70.18823529,156.3529412,219.6294118,218.2529412,104.2941176,14.32941176,5,4,4,5,5,6,339,342,345,390,410,457,627,620,613,568,547,478,399,176,136,101,71,63,34,39,41,42,43,65,64,64,61,60,60,62,271,169,138,89,61,48
2000,MNPE,76.51764706,101.9588235,146.4764706,87.14117647,101.0470588,103.4235294,49.11176471,8.419411765,13.29764706,20.01764706,22.74058824,20.94352941,17.90411765,10.43588235,9.117647059,10.70588235,12.64705882,8.235294118,8.235294118,8.058823529,6.764705882,6.352941176,7.705882353,9.235294118,5.823529412,5.764705882,5.294117647,3.941176471,295.8764706,167.5588235,25.96470588,3.429411765,12.26470588,73.37647059,252.0647059,2.864705882,14.28823529,75.57058824,136.7176471,91.32352941,38.79411765,9.894117647,18,18,20,28,46,65,141,138,149,153,162,160,208,204,187,168,163,163,425,291,125,65,51,41,651,657,664,679,675,677,64,64,65,67,70,75,539,277,178,79,71,47
2001,MNPE,94.2,81.6,127.4,94,50.2,53.9,36.9,6.842352941,13.24529412,19.32,22.32764706,21.09882353,17.74294118,11.07647059,8,9,15,10,3,8,8,5,9,11,8,3,6,4,342.4,163.5823529,20.52941176,1.835294118,6.005882353,73.08823529,219.5705882,1.705882353,8.841176471,49.81764706,124.7058824,92.51764706,34.98235294,5.829411765,18,18,20,28,46,65,141,138,149,153,162,160,208,204,187,168,163,163,425,291,125,65,51,41,651,657,664,679,675,677,64,64,65,67,70,75,539,277,178,79,71,47
2008,MNPE,56.1,37.2,140.1,64,17.3,76.67647059,53.60588235,3.51,10.79,16.21,20.38,19.58,17.37352941,10.20529412,4,7,14,11,3,11,6.882352941,2,4,12,8,2,4,4.588235294,380.2,221,75.9,10.8,15.1,69.08235294,246.9705882,0,0,12.2,74.4,50.4,11,3.394117647,18,18,20,28,46,65,141,138,149,153,162,160,208,204,187,168,163,163,425,291,125,65,51,41,651,657,664,679,675,677,64,64,65,67,70,75,539,277,178,79,71,47
2007,INHL,77.41764706,120.1411765,113.4823529,117.0352941,116.1588235,75.17058824,72.38235294,11.67823529,16.01705882,21.73705882,23.32235294,22.07117647,18.83235294,10.70117647,9.352941176,10.94117647,10.64705882,11.11764706,8.705882353,7.117647059,8.294117647,6.764705882,7.882352941,6.882352941,7.352941176,6.352941176,4.705882353,5.058823529,198.2470588,106.3176471,8.629411765,1.688235294,5.958823529,39.02352941,230.1764706,7.847058824,34.71764706,107.8647059,152.6176471,115.6235294,52.57058824,10.72352941,31,31,30,30,38,56,260,276,286,309,310,275,581,557,545,536,528,480,319,152,147,73,64,56,160,166,170,155,162,244,64,64,64,63,65,70,413,145,101,61,38,27
2008,INHL,77.41764706,120.1411765,113.4823529,117.0352941,116.1588235,75.17058824,72.38235294,11.67823529,15.96941176,21.66411765,23.32235294,22.07117647,18.83235294,10.70117647,9.352941176,10.94117647,10.64705882,11.11764706,8.705882353,7.117647059,8.294117647,6.764705882,7.882352941,6.882352941,7.352941176,6.352941176,4.705882353,5.058823529,200.0588235,106.2235294,9.411764706,1.688235294,5.958823529,39.02352941,230.1764706,7.905882353,33.14705882,106.7294118,152.6176471,115.6235294,54.81764706,10.72352941,31,31,30,30,38,56,260,276,286,309,310,275,581,557,545,536,528,480,319,152,147,73,64,56,160,166,170,155,162,244,64,64,64,63,65,70,413,145,101,61,38,27
2007,ILFT,108.6,45.8,78.4,106.1,123.3,21.9,53.4,11.66176471,16.48529412,21.73058824,24.28411765,23.23588235,18.64529412,11.25705882,10,9,7,8,13,5,6,6,5,4,7,9,3,4,201.3764706,101.3588235,12.95882353,0.682352941,2.211764706,54.47647059,234.3529412,6.676470588,46.45882353,112.0941176,182.9176471,152.5352941,44,10.24117647,14.27247956,13.9373297,13.93051771,16.05040872,24.30517711,34.18256131,288.0217984,290.972752,305.8978202,319.5490463,316.2152589,288.8964578,487.5762943,485.9918256,476.1103542,465.5776567,448.5517711,431.5435967,454.619891,233.9114441,172.1553134,122.5776567,96.49182561,79.87874659,224.3719346,223.0122616,217.9564033,214.866485,235.1716621,279.5762943,63.57629428,63.73978202,63.69209809,64.5599455,67.00953678,70.52179837,384.1839237,223.3501362,153.9768392,102.3841962,59.81743869,44.06811989
2000,IASP,32.3,120.5,73.1,89.2,72.8,98.89411765,70.07058824,8.19,16.21,19.22,22.04,21.56,17.01588235,10.34176471,8,13,12,8,8,4,8.117647059,3,9,4,6,6,2,4.764705882,304.2,93.4,34.3,11.7,5.9,79.95294118,241.1647059,0,27.6,60.9,126.5,106,41.9,2.823529412,14.27247956,13.9373297,13.93051771,16.05040872,24.30517711,34.18256131,288.0217984,290.972752,305.8978202,319.5490463,316.2152589,288.8964578,487.5762943,485.9918256,476.1103542,465.5776567,448.5517711,431.5435967,454.619891,233.9114441,172.1553134,122.5776567,96.49182561,79.87874659,224.3719346,223.0122616,217.9564033,214.866485,235.1716621,279.5762943,63.57629428,63.73978202,63.69209809,64.5599455,67.00953678,70.52179837,384.1839237,223.3501362,153.9768392,102.3841962,59.81743869,44.06811989
2001,IASP,166.6,121.3,69.3,81.4,33.1,125.2235294,76.88823529,9.51,14.95,20.49,23.67,21.7,17.31411765,10.61352941,15,15,7,9,9,6,8.882352941,9,8,7,4,5,4,5.882352941,269.5,117.7,28.7,0.6,10.3,70.31764706,242.3176471,5,20.2,93.3,165.9,114.6,18.1,2.188235294,14.27247956,13.9373297,13.93051771,16.05040872,24.30517711,34.18256131,288.0217984,290.972752,305.8978202,319.5490463,316.2152589,288.8964578,487.5762943,485.9918256,476.1103542,465.5776567,448.5517711,431.5435967,454.619891,233.9114441,172.1553134,122.5776567,96.49182561,79.87874659,224.3719346,223.0122616,217.9564033,214.866485,235.1716621,279.5762943,63.57629428,63.73978202,63.69209809,64.5599455,67.00953678,70.52179837,384.1839237,223.3501362,153.9768392,102.3841962,59.81743869,44.06811989
2002,IASP,72,66.8,83.7,71.6,157.5,85.49411765,89.31176471,8.71,13.27,22.55,24.9,21.07,17.34117647,10.26647059,9,9,10,11,11,10,8.705882353,5,5,4,7,8,6,5.647058824,295.9,181.7,14.3,0.8,7.5,66.69411765,247.4588235,7.3,24.8,140.8,198.6,92.3,56,5.517647059,14.27247956,13.9373297,13.93051771,16.05040872,24.30517711,34.18256131,288.0217984,290.972752,305.8978202,319.5490463,316.2152589,288.8964578,487.5762943,485.9918256,476.1103542,465.5776567,448.5517711,431.5435967,454.619891,233.9114441,172.1553134,122.5776567,96.49182561,79.87874659,224.3719346,223.0122616,217.9564033,214.866485,235.1716621,279.5762943,63.57629428,63.73978202,63.69209809,64.5599455,67.00953678,70.52179837,384.1839237,223.3501362,153.9768392,102.3841962,59.81743869,44.06811989
2003,IASP,38.4,106.3,147.6,93.3,65.42941176,36.4,79.68235294,8.87,13.5,19.49,22.27,22.09882353,15.48,10.21,9,13,13,7,6.823529412,6,4,5,7,13,5,4.705882353,4,2,285.3,153.7,25.9,1.1,5.217647059,110.7,241.0588235,8.1,3.9,60.6,123,114.6235294,25,6.2,14.27247956,13.9373297,13.93051771,16.05040872,24.30517711,34.18256131,288.0217984,290.972752,305.8978202,319.5490463,316.2152589,288.8964578,487.5762943,485.9918256,476.1103542,465.5776567,448.5517711,431.5435967,454.619891,233.9114441,172.1553134,122.5776567,96.49182561,79.87874659,224.3719346,223.0122616,217.9564033,214.866485,235.1716621,279.5762943,63.57629428,63.73978202,63.69209809,64.5599455,67.00953678,70.52179837,384.1839237,223.3501362,153.9768392,102.3841962,59.81743869,44.06811989
2004,IASP,62,153.5,51,155,35.1,113.0529412,54.77058824,9.58,14.63,18.58,20.93,18.52,16.98176471,10.26411765,4,15,9,9,7,10,6.176470588,4,11,6,7,4,8,4.058823529,268.6,116.7,36.8,12,46.5,78.52352941,237.3823529,6.1,13.6,44.1,92.7,52.3,63,3.135294118,14.27247956,13.9373297,13.93051771,16.05040872,24.30517711,34.18256131,288.0217984,290.972752,305.8978202,319.5490463,316.2152589,288.8964578,487.5762943,485.9918256,476.1103542,465.5776567,448.5517711,431.5435967,454.619891,233.9114441,172.1553134,122.5776567,96.49182561,79.87874659,224.3719346,223.0122616,217.9564033,214.866485,235.1716621,279.5762943,63.57629428,63.73978202,63.69209809,64.5599455,67.00953678,70.52179837,384.1839237,223.3501362,153.9768392,102.3841962,59.81743869,44.06811989
2003,ILLA,60.4,122.1,76,102.6,27.2,80.1,31.1,10.33411765,15.33529412,20.46352941,22.94882353,22.49647059,18.51352941,11.26176471,9,12,10,11,8,7,6,6,8,7,8,4,3,3,239.5235294,105.4823529,20.23529412,1.835294118,5.776470588,59.72352941,213.8529412,6.105882353,15.22941176,81.62352941,141.9647059,137.1470588,44.21764706,5.517647059,14.27247956,13.9373297,13.93051771,16.05040872,24.30517711,34.18256131,288.0217984,290.972752,305.8978202,319.5490463,316.2152589,288.8964578,487.5762943,485.9918256,476.1103542,465.5776567,448.5517711,431.5435967,454.619891,233.9114441,172.1553134,122.5776567,96.49182561,79.87874659,224.3719346,223.0122616,217.9564033,214.866485,235.1716621,279.5762943,63.57629428,63.73978202,63.69209809,64.5599455,67.00953678,70.52179837,384.1839237,223.3501362,153.9768392,102.3841962,59.81743869,44.06811989
2005,ILLA,42,39.2,57.1,63.8,113.5,56.1,10.2,12.28882353,15.99,22.78470588,24.18411765,23.13882353,18.43117647,11.15529412,10,10,6,6,5,7,6,8,4,4,6,5,6,1,184.5647059,104.4294118,7.6,1.494117647,4.341176471,54.91764706,227.2235294,7.211764706,33.05294118,137.9411765,179.8117647,149.2058824,71.14705882,10.59411765,14.27247956,13.9373297,13.93051771,16.05040872,24.30517711,34.18256131,288.0217984,290.972752,305.8978202,319.5490463,316.2152589,288.8964578,487.5762943,485.9918256,476.1103542,465.5776567,448.5517711,431.5435967,454.619891,233.9114441,172.1553134,122.5776567,96.49182561,79.87874659,224.3719346,223.0122616,217.9564033,214.866485,235.1716621,279.5762943,63.57629428,63.73978202,63.69209809,64.5599455,67.00953678,70.52179837,384.1839237,223.3501362,153.9768392,102.3841962,59.81743869,44.06811989
2006,ILLA,115.3,60.2,89.1,133.7,64,63.3,80.8,10.79294118,16.30294118,21.71352941,23.41823529,23.17941176,17.96,11.21411765,9,16,11,13,9,9,9,6,8,7,7,6,5,5,224.9882353,92.51176471,12.24117647,0.870588235,1.076470588,66.49411765,215.4294118,4.5,31.2,109.8117647,155.9235294,155.5941176,60.26470588,8.547058824,14.27247956,13.9373297,13.93051771,16.05040872,24.30517711,34.18256131,288.0217984,290.972752,305.8978202,319.5490463,316.2152589,288.8964578,487.5762943,485.9918256,476.1103542,465.5776567,448.5517711,431.5435967,454.619891,233.9114441,172.1553134,122.5776567,96.49182561,79.87874659,224.3719346,223.0122616,217.9564033,214.866485,235.1716621,279.5762943,63.57629428,63.73978202,63.69209809,64.5599455,67.00953678,70.52179837,384.1839237,223.3501362,153.9768392,102.3841962,59.81743869,44.06811989
2007,ILLA,87.5,23.4,120.9,134.6,173.2,57.6,42.1,11.00058824,17.07,21.67647059,23.44529412,22.78882353,18.67764706,11.11882353,8,8,11,7,13,7,6,7,4,6,6,10,6,3,218.6176471,86.17058824,12.18823529,0.976470588,4.017647059,56.29411765,233.3,5.517647059,47.50588235,109.5117647,157.2411765,153.3470588,53.68823529,10.64705882,14.27247956,13.9373297,13.93051771,16.05040872,24.30517711,34.18256131,288.0217984,290.972752,305.8978202,319.5490463,316.2152589,288.8964578,487.5762943,485.9918256,476.1103542,465.5776567,448.5517711,431.5435967,454.619891,233.9114441,172.1553134,122.5776567,96.49182561,79.87874659,224.3719346,223.0122616,217.9564033,214.866485,235.1716621,279.5762943,63.57629428,63.73978202,63.69209809,64.5599455,67.00953678,70.52179837,384.1839237,223.3501362,153.9768392,102.3841962,59.81743869,44.06811989
2006,OHBG,20.4,138.5,150.8,129.1,77.8,84.01764706,66.01764706,11.42,15.38,20.53,23.61,22.79,17.89058824,11.39470588,6,14,8,7,6,8,6.588235294,2,13,6,7,2,7,4.411764706,208,118.6,8.9,0.6,0.6,67.67058824,245.3882353,0.6,29.5,74.9,164.3,133.5,18.5,10.94117647,14.27247956,13.9373297,13.93051771,16.05040872,24.30517711,34.18256131,288.0217984,290.972752,305.8978202,319.5490463,316.2152589,288.8964578,487.5762943,485.9918256,476.1103542,465.5776567,448.5517711,431.5435967,454.619891,233.9114441,172.1553134,122.5776567,96.49182561,79.87874659,224.3719346,223.0122616,217.9564033,214.866485,235.1716621,279.5762943,63.57629428,63.73978202,63.69209809,64.5599455,67.00953678,70.52179837,384.1839237,223.3501362,153.9768392,102.3841962,59.81743869,44.06811989
2004,MDQE,80.51176471,134.4823529,81.22352941,111.7294118,95.44117647,81.83529412,78.42352941,10.81470588,16.15235294,21.16352941,22.89176471,22.66294118,17.90470588,10.82823529,10.35294118,14.29411765,10.05882353,10.52941176,8.823529412,7.823529412,8.647058824,6,9.411764706,6.176470588,7.588235294,6.117647059,5.176470588,5.705882353,223.4647059,98.91176471,20.92941176,5.535294118,6.911764706,53.24117647,253.0294118,6.576470588,30.98235294,101.6823529,142.8352941,137.0058824,60.92941176,7.235294118,5,5,5,5,7,15,173,177,212,229,232,206,450,453,437,422,364,267,685,93,75,66,44,55,377,370,351,348,403,527,55,57,57,56,54,53,1076,199,153,49,54,71
2005,MDQE,84.05882353,127.1941176,78.33529412,112.2529412,90.9,86.21176471,78.42352941,10.92235294,16.15235294,21.16352941,22.90882353,22.66294118,17.90470588,10.82823529,10.58823529,14,9.764705882,10.35294118,8.470588235,7.529411765,8.647058824,6.117647059,9.058823529,5.882352941,7.764705882,5.705882353,4.941176471,5.941176471,221.6882353,101.4529412,20.92941176,5.535294118,6.911764706,53.24117647,253.0294118,7.1,30.50588235,101.6823529,143.0764706,137.0058824,61.31176471,7.235294118,5,5,5,5,7,15,173,177,212,229,232,206,450,453,437,422,364,267,685,93,75,66,44,55,377,370,351,348,403,527,55,57,57,56,54,53,1076,199,153,49,54,71
2001,NEAR,98,236.8,103.1,89.7,63.7,98.64705882,63.88823529,11.77,17.56,21.77,25.65,24.17,18.91941176,11.34411765,12,13,9,9,7,9,6.647058824,5,10,5,4,5,5,4.588235294,206.6,72.9,17.2,0.8,0,43.62941176,216.4470588,15,48.9,118.7,227.5,180.9,40.3,13.51764706,14.27247956,13.9373297,13.93051771,16.05040872,24.30517711,34.18256131,288.0217984,290.972752,305.8978202,319.5490463,316.2152589,288.8964578,487.5762943,485.9918256,476.1103542,465.5776567,448.5517711,431.5435967,454.619891,233.9114441,172.1553134,122.5776567,96.49182561,79.87874659,224.3719346,223.0122616,217.9564033,214.866485,235.1716621,279.5762943,63.57629428,63.73978202,63.69209809,64.5599455,67.00953678,70.52179837,384.1839237,223.3501362,153.9768392,102.3841962,59.81743869,44.06811989
2004,NEAR,7.4,107.5,58.8,125.4,44.4,74.95294118,43.33529412,11.59,16.95,20.26,22.65,20.94,17.70647059,11.04647059,4,12,10,17,6,7,6.352941176,1,9,4,11,1,4,3.529411765,208.9,94.4,18.9,6.6,21.1,70.51764706,227.2352941,6.5,51.4,76.8,140.4,98.8,88.4,7.211764706,14.27247956,13.9373297,13.93051771,16.05040872,24.30517711,34.18256131,288.0217984,290.972752,305.8978202,319.5490463,316.2152589,288.8964578,487.5762943,485.9918256,476.1103542,465.5776567,448.5517711,431.5435967,454.619891,233.9114441,172.1553134,122.5776567,96.49182561,79.87874659,224.3719346,223.0122616,217.9564033,214.866485,235.1716621,279.5762943,63.57629428,63.73978202,63.69209809,64.5599455,67.00953678,70.52179837,384.1839237,223.3501362,153.9768392,102.3841962,59.81743869,44.06811989
2006,NEAR,107.4,50.3,36.6,52.2,162.7,86.28235294,58.41176471,12.96,17.65,23.29,25.83,23.75,18.30117647,11.01294118,10,13,10,6,15,8,7.823529412,8,4,4,5,8,6,4.764705882,171.3,78.5,2.8,0,0.3,55.31764706,231.3058824,10,57.3,151.3,232.5,162.7,21.6,10.09411765,14.27247956,13.9373297,13.93051771,16.05040872,24.30517711,34.18256131,288.0217984,290.972752,305.8978202,319.5490463,316.2152589,288.8964578,487.5762943,485.9918256,476.1103542,465.5776567,448.5517711,431.5435967,454.619891,233.9114441,172.1553134,122.5776567,96.49182561,79.87874659,224.3719346,223.0122616,217.9564033,214.866485,235.1716621,279.5762943,63.57629428,63.73978202,63.69209809,64.5599455,67.00953678,70.52179837,384.1839237,223.3501362,153.9768392,102.3841962,59.81743869,44.06811989
2008,NEAR,115.9,142.2,113.5,40.4,11.7,95.37058824,75.84117647,7.4,15.3,21.96,24.76,22.91,18.76352941,9.888235294,10,10,17,8,4,12,6.764705882,9,8,6,3,1,9,4.588235294,328,103.9,0,0,0,54.66470588,262.3058824,0,12.9,108.8,192.9,141.9,40.9,11.88823529,14.27247956,13.9373297,13.93051771,16.05040872,24.30517711,34.18256131,288.0217984,290.972752,305.8978202,319.5490463,316.2152589,288.8964578,487.5762943,485.9918256,476.1103542,465.5776567,448.5517711,431.5435967,454.619891,233.9114441,172.1553134,122.5776567,96.49182561,79.87874659,224.3719346,223.0122616,217.9564033,214.866485,235.1716621,279.5762943,63.57629428,63.73978202,63.69209809,64.5599455,67.00953678,70.52179837,384.1839237,223.3501362,153.9768392,102.3841962,59.81743869,44.06811989
2005,LEIA,113.5,78.5,165.6,157.8,58.4,132.3411765,67.84705882,10.45,14.02,22.37,23.7,21.74,17.37882353,10.44176471,12,18,15,8,5,12,6.941176471,8,10,11,7,5,8,4.235294118,237.9,153.1,1.1,3.3,5.3,67.77058824,225.7058824,1.4,19.5,122.3,169.8,110.8,67.6,7.870588235,4,2,1,2,2,3,393,395,381,369,330,314,515,517,532,542,582,571,377,292,217,155,136,133,92,89,87,88,88,116,62,62,64,69,73,76,397,272,177,137,91,68
2000,SDBR,37.5,171.1,76.5,45,41,48.14705882,60.12941176,6.23,14.31,18.05,21.24,20.73,17.33941176,10.18117647,10,12,12,8,7,7,7.529411765,4,8,6,5,2,3,5.352941176,363.2,134.5,54.4,18.5,12.8,74.65882353,257.9352941,0,9.9,46,108.7,87.1,16.1,4.817647059,14.27247956,13.9373297,13.93051771,16.05040872,24.30517711,34.18256131,288.0217984,290.972752,305.8978202,319.5490463,316.2152589,288.8964578,487.5762943,485.9918256,476.1103542,465.5776567,448.5517711,431.5435967,454.619891,233.9114441,172.1553134,122.5776567,96.49182561,79.87874659,224.3719346,223.0122616,217.9564033,214.866485,235.1716621,279.5762943,63.57629428,63.73978202,63.69209809,64.5599455,67.00953678,70.52179837,384.1839237,223.3501362,153.9768392,102.3841962,59.81743869,44.06811989
2002,SDBR,32.8,78.5,61.9,68.6,183.5,75.42352941,68.67647059,6.11,10.96,20.87,24.04,20.25,17.33235294,9.868823529,9,10,14,6,11,10,9.058823529,4,6,5,3,7,4,5.764705882,371,240.2,23.1,6.3,22.3,68.88823529,269.9294118,4.2,11.7,99.2,183.4,81.5,51.7,7.317647059,14.27247956,13.9373297,13.93051771,16.05040872,24.30517711,34.18256131,288.0217984,290.972752,305.8978202,319.5490463,316.2152589,288.8964578,487.5762943,485.9918256,476.1103542,465.5776567,448.5517711,431.5435967,454.619891,233.9114441,172.1553134,122.5776567,96.49182561,79.87874659,224.3719346,223.0122616,217.9564033,214.866485,235.1716621,279.5762943,63.57629428,63.73978202,63.69209809,64.5599455,67.00953678,70.52179837,384.1839237,223.3501362,153.9768392,102.3841962,59.81743869,44.06811989
2005,IAGG,82.3,130.7058824,109.2705882,107.2882353,106.5,94.47647059,51.80588235,8.397058824,14.84647059,20.35764706,22.64411765,21.14529412,18.36823529,11.66470588,8.705882353,12.52941176,10.35294118,8.294117647,8.470588235,8.058823529,6.470588235,6.058823529,8.647058824,7.117647059,5.941176471,5.470588235,5.470588235,4.176470588,298.8117647,124.7235294,17.08235294,2.847058824,11.32941176,61.14705882,208.7294118,5.194117647,18.67647059,76.01176471,132.1294118,96.24117647,41.36470588,18.52941176,18,15,15,16,29,44,310,310,301,308,294,279,398,398,400,393,359,383,330,280,207,119,81,59,291,292,299,299,346,338,68,68,68,71,76,78,338,216,122,68,34,25
2006,IAGG,80.42352941,122.4588235,107.8058824,101.4294118,106.8117647,94.47647059,53.50588235,8.215882353,14.72823529,20.34,22.62352941,21.16294118,18.36823529,11.66470588,8.411764706,12.05882353,10.58823529,8.117647059,8.529411765,8.058823529,6.470588235,5.823529412,8.176470588,7.294117647,5.705882353,5.470588235,5.470588235,4.176470588,304.6176471,127.7176471,15.2,2.705882353,10.72352941,61.14705882,208.7294118,5.111764706,17.72352941,74.01764706,132.0705882,93.71764706,42.92941176,18.52941176,18,15,15,16,29,44,310,310,301,308,294,279,398,398,400,393,359,383,330,280,207,119,81,59,291,292,299,299,346,338,68,68,68,71,76,78,338,216,122,68,34,25
2007,IAGG,77.4,130.6,8.9,41,222.7,67.37647059,91.76470588,7.76,17.62,21.21,23.11,22.11,17.60411765,10.26058824,10,14,6,5,12,10,9.294117647,6,10,1,3,9,7,6.470588235,330.3,62.2,10,0.3,0.8,62.44117647,234.5882353,13.1,38.6,93.5,148.5,108.8,48.1,6.635294118,18,15,15,16,29,44,310,310,301,308,294,279,398,398,400,393,359,383,330,280,207,119,81,59,291,292,299,299,346,338,68,68,68,71,76,78,338,216,122,68,34,25
2006,IADS,104,90,20,89.2,184.8,94.96470588,69.2,12.05,15.86,21.24,24.37,22.43,17.31411765,10.60882353,12,14,10,11,16,8,8.176470588,10,8,3,6,11,5,4.823529412,193.2,113.6,12.7,0.8,1.7,64.06470588,226.4176471,4.8,37,99.8,173.6,128.8,10.3,5.723529412,7,6,6,6,6,6,392,396,410,420,422,439,546,542,527,515,508,497,309,202,156,96,73,61,62,63,63,65,70,64,64,63,63,63,64,69,266,198,126,71,44,28
2008,IADS,122.8,121.2,325,234.2,33,161.3882353,54.41764706,7.05,14.1,20.58,22.38,20.35,16.87823529,10.87,13,13,17,12,7,8,6.235294118,11,9,11,9,4,7,4,338.8,132.1,2.8,0,3.7,79.69411765,219.1647059,0.3,9,70.2,125.5,62.4,29.8,3.758823529,7,6,6,6,6,6,392,396,410,420,422,439,546,542,527,515,508,497,309,202,156,96,73,61,62,63,63,65,70,64,64,63,63,63,64,69,266,198,126,71,44,28
2000,ILPP,50.9,69.8,174,103.2,93.3,68.9,74.5,10.79647059,17.71117647,21.28647059,22.65823529,22.81411765,17.78764706,11.36470588,10,10,10,6,11,7,9,5,4,4,6,7,6,6,221,67.70588235,16.17647059,2.217647059,3.711764706,69.74705882,207.3705882,4.029411765,48.71176471,96.77058824,132.8647059,140.2176471,67.97058824,10.93529412,2,2,1,2,2,7,322,330,332,358,369,297,648,641,641,613,601,660,437,206,151,104,91,63,30,29,28,29,30,43,59,58,57,57,58,63,544,199,108,72,46,29
2002,ILPP,183.2,180.6,92.2,134.4,108.8,40.6,77.5,11.43176471,16.41235294,21.33823529,23.61764706,22.77058824,18.96235294,10.99529412,8,14,8,6,8,6,9,7,9,4,5,7,4,7,208.8882353,90.25294118,14.61176471,1.205882353,2.947058824,42.29411765,222.8058824,9.676470588,36.2,95.65882353,161.6411765,144.8117647,46.04117647,7.558823529,2,2,1,2,2,7,322,330,332,358,369,297,648,641,641,613,601,660,437,206,151,104,91,63,30,29,28,29,30,43,59,58,57,57,58,63,544,199,108,72,46,29
2003,ILPP,77.18823529,117.4294118,81.47058824,80.97058824,88.78235294,102.4058824,84.66470588,11.36647059,16.30117647,21.39235294,23.35235294,22.77647059,19.74058824,11.00941176,8.588235294,10.94117647,8.470588235,7.117647059,8.705882353,5.588235294,7.588235294,6.470588235,7.882352941,5.294117647,5.411764706,5.647058824,4.529411765,5.705882353,217.9352941,94.88235294,14.53529412,0.958823529,5.676470588,30.82352941,211.7176471,11.4,33.67058824,105.2647059,154.9352941,135.6294118,65.22352941,12.72352941,2,2,1,2,2,7,322,330,332,358,369,297,648,641,641,613,601,660,437,206,151,104,91,63,30,29,28,29,30,43,59,58,57,57,58,63,544,199,108,72,46,29
2004,ILPP,61,116.3,81.7,52.2,160.6,8.6,156.9,11.15882353,16.20764706,21.72705882,24.01352941,21.90058824,18.3,10.82470588,4,14,9,10,12,1,14,4,10,6,9,7,1,11,222.8941176,103.9352941,13.76470588,1.729411765,13.05882353,52.04705882,232.3352941,12.5,40.04705882,113.5294118,174.3882353,130.0823529,59.16470588,4.652941176,2,2,1,2,2,7,322,330,332,358,369,297,648,641,641,613,601,660,437,206,151,104,91,63,30,29,28,29,30,43,59,58,57,57,58,63,544,199,108,72,46,29
2005,ILPP,63.5,38.5,33.8,35.3,62.7,60.7,44.2,11.89705882,16.87588235,23.20294118,24.81823529,24.49941176,18.62411765,10.44529412,8,7,4,6,8,8,3,5,5,3,4,6,6,2,197.5705882,82.26470588,3.205882353,0.3,0.376470588,50.42941176,229.8117647,7.235294118,36.94117647,145.4470588,197.5294118,185.9294118,90.20588235,10.31176471,2,2,1,2,2,7,322,330,332,358,369,297,648,641,641,613,601,660,437,206,151,104,91,63,30,29,28,29,30,43,59,58,57,57,58,63,544,199,108,72,46,29
2006,ILPP,73.92941176,98.09411765,85.19411765,96.5,92.34705882,108.7647059,82.61764706,11.01,16.43882353,21.71705882,23.30058824,22.68176471,20.00882353,11.00941176,8.470588235,10.58823529,8.764705882,8.176470588,9.117647059,6.294117647,7.588235294,6,7.411764706,5.411764706,6.176470588,5.764705882,4.882352941,5.705882353,224.8058824,93.72352941,10.45294118,0.858823529,5.676470588,30.81764706,211.7176471,7.794117647,36.76470588,111.0294118,153.2470588,140.9411765,67.61764706,13.02941176,2,2,1,2,2,7,322,330,332,358,369,297,648,641,641,613,601,660,437,206,151,104,91,63,30,29,28,29,30,43,59,58,57,57,58,63,544,199,108,72,46,29
2007,ILPP,49,39.9,87.9,67,76,27.2,108.5,11.69588235,17.00470588,22.57529412,24.04764706,23.73882353,18.24705882,10.94764706,6,7,9,7,7,5,7,5,4,7,6,6,4,4,202.2294118,82.74705882,7.764705882,1.635294118,3.917647059,56.03529412,230.0117647,6.388235294,42.37058824,132.7823529,176.9529412,168.3764706,82.54705882,9.370588235,2,2,1,2,2,7,322,330,332,358,369,297,648,641,641,613,601,660,437,206,151,104,91,63,30,29,28,29,30,43,59,58,57,57,58,63,544,199,108,72,46,29
2008,ILPP,102.5882353,106.4235294,178.1,196.6,43.2,208.5,23.3,9.146470588,15.05,20.99764706,22.59941176,21.30588235,18.24294118,11.89117647,11.88235294,11.70588235,7,4,2,6,2,7.411764706,7.882352941,6,4,2,6,2,272.2117647,119.7882353,11.04117647,1.747058824,5.135294118,59,193.5705882,2.311764706,20.04705882,88.77058824,131.0470588,104.7705882,44.07647059,5.082352941,2,2,1,2,2,7,322,330,332,358,369,297,648,641,641,613,601,660,437,206,151,104,91,63,30,29,28,29,30,43,59,58,57,57,58,63,544,199,108,72,46,29
2003,ARMA,51.6,257.3,78,54.7,99.3,80.48823529,84.52941176,16.67,21.46,23.57,27.02,24.47588235,20.93882353,11.73764706,8,18,10,13,12,5.294117647,8.705882353,5,10,7,5,3,3.705882353,5.705882353,77.8,0.9,0,0,0.411764706,25.10588235,197.4,28,94.8,151.9,269.3,275.4,69.75882353,27.16470588,1,1,1,1,1,1,325,316,322,323,304,279,564,571,564,542,540,487,304,112,79,68,52,46,111,113,113,135,155,234,57,57,56,55,55,59,322,100,68,35,29,19
2004,ARMA,204.7,106.2,195.9,94.9,110.0235294,111.5647059,62.9,15.99,22.55,24.91,25.81,25.55352941,20.95470588,11.80529412,14,14,17,16,13,7.764705882,6.647058824,7,6,10,7,6,5.470588235,5,91.6,16.9,0,0,0.094117647,26.75882353,204.2411765,21.4,147.7,190.8,224.3,176.8,110.5647059,28.13529412,1,1,1,1,1,1,325,316,322,323,304,279,564,571,564,542,540,487,304,112,79,68,52,46,111,113,113,135,155,234,57,57,56,55,55,59,322,100,68,35,29,19
2005,ARMA,106.8,33.2,45.2,108.3,94.97647059,100.6764706,62.50588235,15.94,20.42,25.84,26.8,26.57647059,20.92,11.70235294,10,9,7,13,6,7.176470588,5.941176471,6,2,1,8,4,6.058823529,4.117647059,81,33,0,0,0,27.02941176,194.4411765,14,97.7,225.1,262.5,303.9,132.7705882,26.97058824,1,1,1,1,1,1,325,316,322,323,304,279,564,571,564,542,540,487,304,112,79,68,52,46,111,113,113,135,155,234,57,57,56,55,55,59,322,100,68,35,29,19
2004,OHUC,33,117.5,162.9,118.2,115.3,82.02941176,62.88823529,11.03,18.57,19.99,21.64,20.04,18.05529412,10.85470588,9,14,10,11,9,4,7.588235294,3,10,8,7,5,0,5.235294118,228.5,60.5,20.2,6.7,22.8,58.72941176,237.6058824,9.4,68,66.4,109.1,75.8,57.4,9.588235294,14.27247956,13.9373297,13.93051771,16.05040872,24.30517711,34.18256131,288.0217984,290.972752,305.8978202,319.5490463,316.2152589,288.8964578,487.5762943,485.9918256,476.1103542,465.5776567,448.5517711,431.5435967,454.619891,233.9114441,172.1553134,122.5776567,96.49182561,79.87874659,224.3719346,223.0122616,217.9564033,214.866485,235.1716621,279.5762943,63.57629428,63.73978202,63.69209809,64.5599455,67.00953678,70.52179837,384.1839237,223.3501362,153.9768392,102.3841962,59.81743869,44.06811989
2005,OHUC,117.9,61.8,124.4,84.5,160.2,81.01176471,70.75294118,11.12,14.2,22.82,23.26,22.89,18.12588235,10.60235294,12,7,8,11,13,10,8.411764706,10,4,6,7,6,6,5.235294118,216.5,141.9,5.3,0.8,1.7,58.76470588,251.9,2.3,13.6,139.8,153.6,142.9,67.3,10.35294118,14.27247956,13.9373297,13.93051771,16.05040872,24.30517711,34.18256131,288.0217984,290.972752,305.8978202,319.5490463,316.2152589,288.8964578,487.5762943,485.9918256,476.1103542,465.5776567,448.5517711,431.5435967,454.619891,233.9114441,172.1553134,122.5776567,96.49182561,79.87874659,224.3719346,223.0122616,217.9564033,214.866485,235.1716621,279.5762943,63.57629428,63.73978202,63.69209809,64.5599455,67.00953678,70.52179837,384.1839237,223.3501362,153.9768392,102.3841962,59.81743869,44.06811989
2006,OHUC,96.5,146.3,121,88.1,104.7,69.59411765,75.08823529,12.06,14.95,20.24,23.69,22.38,17.90117647,10.71117647,13,17,14,11,10,12,7.176470588,11,11,10,8,6,5,5.411764706,189.5,136.9,17.1,0.9,1.4,66.07058824,265.1294118,1.5,32,74.3,167,126.9,14.1,11.00588235,14.27247956,13.9373297,13.93051771,16.05040872,24.30517711,34.18256131,288.0217984,290.972752,305.8978202,319.5490463,316.2152589,288.8964578,487.5762943,485.9918256,476.1103542,465.5776567,448.5517711,431.5435967,454.619891,233.9114441,172.1553134,122.5776567,96.49182561,79.87874659,224.3719346,223.0122616,217.9564033,214.866485,235.1716621,279.5762943,63.57629428,63.73978202,63.69209809,64.5599455,67.00953678,70.52179837,384.1839237,223.3501362,153.9768392,102.3841962,59.81743869,44.06811989
2007,OHUC,101.6,30.5,72.8,47.8,178.4,91.56470588,63.08235294,8.39,18.57,21.71,21.1,24.08,18.47588235,10.54176471,10,7,13,9,12,4,8.294117647,8,3,6,5,10,4,5.058823529,299.7,53.1,5,4.2,1.7,57.98235294,243.7176471,1.4,60.4,106.3,89.8,179.8,83.4,9.017647059,14.27247956,13.9373297,13.93051771,16.05040872,24.30517711,34.18256131,288.0217984,290.972752,305.8978202,319.5490463,316.2152589,288.8964578,487.5762943,485.9918256,476.1103542,465.5776567,448.5517711,431.5435967,454.619891,233.9114441,172.1553134,122.5776567,96.49182561,79.87874659,224.3719346,223.0122616,217.9564033,214.866485,235.1716621,279.5762943,63.57629428,63.73978202,63.69209809,64.5599455,67.00953678,70.52179837,384.1839237,223.3501362,153.9768392,102.3841962,59.81743869,44.06811989
2000,INFA,77.2,150.9,116,101,78.8,99.2,48.8,10.98882353,16.50117647,20.40588235,22.42764706,21.03294118,17.99235294,11.27823529,7,9,9,6,5,6,5,6,7,9,6,5,6,3,225.2882353,87.08235294,23.31764706,3.876470588,15.50588235,59.37647059,215.7470588,7.188235294,30.30588235,82.61764706,128.3941176,105.6294118,44.72352941,9.041176471,14.27247956,13.9373297,13.93051771,16.05040872,24.30517711,34.18256131,288.0217984,290.972752,305.8978202,319.5490463,316.2152589,288.8964578,487.5762943,485.9918256,476.1103542,465.5776567,448.5517711,431.5435967,454.619891,233.9114441,172.1553134,122.5776567,96.49182561,79.87874659,224.3719346,223.0122616,217.9564033,214.866485,235.1716621,279.5762943,63.57629428,63.73978202,63.69209809,64.5599455,67.00953678,70.52179837,384.1839237,223.3501362,153.9768392,102.3841962,59.81743869,44.06811989
2001,INFA,103.5117647,146.6,121.3,210.4,113.2,144,176.2,12.44058824,16.75,21.32647059,23.98117647,22.92882353,17.75705882,11.51529412,11.35294118,11,8,11,8,7,10,7.294117647,10,7,10,7,7,9,183.1764706,85.42941176,14.92941176,1.141176471,2.764705882,65.63529412,207.1588235,9.511764706,36.52941176,101.8529412,174.1705882,147.8352941,48.4,6.270588235,14.27247956,13.9373297,13.93051771,16.05040872,24.30517711,34.18256131,288.0217984,290.972752,305.8978202,319.5490463,316.2152589,288.8964578,487.5762943,485.9918256,476.1103542,465.5776567,448.5517711,431.5435967,454.619891,233.9114441,172.1553134,122.5776567,96.49182561,79.87874659,224.3719346,223.0122616,217.9564033,214.866485,235.1716621,279.5762943,63.57629428,63.73978202,63.69209809,64.5599455,67.00953678,70.52179837,384.1839237,223.3501362,153.9768392,102.3841962,59.81743869,44.06811989
2001,ILRT,83.11176471,140.5470588,94.27647059,80.59411765,86.63529412,75.47647059,79.10588235,11.17764706,16.14058824,21.50764706,23.47294118,22.72764706,19.82764706,11.00941176,9.058823529,11.41176471,9.058823529,7.764705882,7.647058824,5.588235294,8.882352941,6.647058824,8.764705882,6.117647059,5.764705882,5.294117647,4.470588235,6.235294118,221.1529412,97.18235294,14.60588235,1.088235294,5.664705882,29.38235294,211.7176471,9.641176471,31.55882353,108.2,158.5117647,140.6294118,69.07058824,11.78823529,14.27247956,13.9373297,13.93051771,16.05040872,24.30517711,34.18256131,288.0217984,290.972752,305.8978202,319.5490463,316.2152589,288.8964578,487.5762943,485.9918256,476.1103542,465.5776567,448.5517711,431.5435967,454.619891,233.9114441,172.1553134,122.5776567,96.49182561,79.87874659,224.3719346,223.0122616,217.9564033,214.866485,235.1716621,279.5762943,63.57629428,63.73978202,63.69209809,64.5599455,67.00953678,70.52179837,384.1839237,223.3501362,153.9768392,102.3841962,59.81743869,44.06811989
2004,INLN,42.6,147.2,37.9,215.4,102.7,18.3,165.4,13.24,17.93470588,21.63,23.12,21.55,18.07705882,10.69823529,5,14.41176471,8,14,6,2,13,4,10.23529412,4,9,5,1,7,164.6,68.55882353,6.9,2.2,6.9,58.00588235,214.5588235,16.1,55.38235294,91.1,141.4,92.5,45.94705882,7.158823529,14.27247956,13.9373297,13.93051771,16.05040872,24.30517711,34.18256131,288.0217984,290.972752,305.8978202,319.5490463,316.2152589,288.8964578,487.5762943,485.9918256,476.1103542,465.5776567,448.5517711,431.5435967,454.619891,233.9114441,172.1553134,122.5776567,96.49182561,79.87874659,224.3719346,223.0122616,217.9564033,214.866485,235.1716621,279.5762943,63.57629428,63.73978202,63.69209809,64.5599455,67.00953678,70.52179837,384.1839237,223.3501362,153.9768392,102.3841962,59.81743869,44.06811989
2005,IAAN,109.4,158,156,121.1,72.1,131.6882353,52.61176471,12.54,14.8,23.33,24.76,22.96,17.94588235,11.4,10,6,12,7,9,7,6.764705882,8,6,10,6,6,5,4.176470588,180.1,127.1,0,2.2,1.1,55.86470588,210.2588235,6.4,17.5,149.8,201.6,144.5,83.3,6.858823529,17,16,14,14,17,20,315,324,304,315,304,291,481,481,489,479,481,454,296,191,134,91,59,55,204,195,207,206,216,255,64,63,63,63,68,73,219,201,138,80,36,25
2000,MNOW,23.4,135.5,230.7,155.8,72.9,79.08823529,52.7,7.42,15.31,18.75,21.77,21.36,17.34352941,10.41117647,9,14,16,9,7,7,7.117647059,4,9,13,5,5,2,3.941176471,327.4,119.5,41.4,11.1,4.2,72.11764706,249.8764706,0,25.9,53.9,117.7,98.1,32.2,7.988235294,11,11,12,14,35,54,307,313,296,298,282,256,488,483,498,484,381,372,530,295,186,98,79,54,204,204,207,217,336,372,63,63,62,62,64,74,445,298,212,110,39,26
2001,MNOW,124.8,187.4,198.6,37.2,122.5,86.85882353,77.97647059,8.04,14.55,20.25,22.83,22.24,18.38764706,10.28647059,16,16,12,6,10,11,7.352941176,8,13,9,4,8,4,5.294117647,305.3,131.1,39.2,5,6.1,56.73529412,256.5823529,0,14.5,96.6,139.7,121.5,15.5,9.976470588,11,11,12,14,35,54,307,313,296,298,282,256,488,483,498,484,381,372,530,295,186,98,79,54,204,204,207,217,336,372,63,63,62,62,64,74,445,298,212,110,39,26
2002,MNOW,69,53.9,156,78.7,149.1,104.5705882,62.79411765,6.6,11.65,21.12,24.12,20.69,17.14352941,10.18058824,9,9,13,9,11,11,7.058823529,8,5,8,8,8,8,4.352941176,350,214.5,24.7,0.3,9.7,77.95882353,255.4176471,6.4,8.9,108.4,179.8,82.8,59.7,7.970588235,11,11,12,14,35,54,307,313,296,298,282,256,488,483,498,484,381,372,530,295,186,98,79,54,204,204,207,217,336,372,63,63,62,62,64,74,445,298,212,110,39,26
2003,MNOW,38.4,116,122.2,77,55.8,77.71764706,63.52941176,8.19,13.4,18.6,21.5,22.03,17.18176471,10.26529412,9,11,14,12,8,2,7.117647059,4,4,9,7,6,2,4.470588235,308.9,156.9,31.7,2.8,5.2,70.73529412,261.9823529,4.7,3.9,39.6,97.4,112.5,43.5,6.711764706,11,11,12,14,35,54,307,313,296,298,282,256,488,483,498,484,381,372,530,295,186,98,79,54,204,204,207,217,336,372,63,63,62,62,64,74,445,298,212,110,39,26
2004,MNOW,49.5,175.9,182.5,245.4,105.4,114.5647059,77.72941176,8.28,12.28,17.92,20.75,17.82,17.41235294,10.41117647,5,15,11,10,13,5,7.588235294,4,13,9,8,7,4,5.058823529,293.5,194.4,49.7,8.9,51.6,63.45294118,246.5176471,0.3,6.6,37.3,79.9,35.9,59.1,4.929411765,11,11,12,14,35,54,307,313,296,298,282,256,488,483,498,484,381,372,530,295,186,98,79,54,204,204,207,217,336,372,63,63,62,62,64,74,445,298,212,110,39,26
2005,MNOW,53.6,113.8,106.8,66.6,60.77058824,207.6,71.72352941,9.3,11.29,21.54,23.12,20.92352941,18.55,10.52705882,9,14,16,6,7.058823529,12,5,4,7,9,4,4.588235294,7,2,259.6,212.5,6.1,5.3,13.55882353,46.3,248.6941176,0,1.4,102.4,153.7,97.73529412,53.1,18.1,11,11,12,14,35,54,307,313,296,298,282,256,488,483,498,484,381,372,530,295,186,98,79,54,204,204,207,217,336,372,63,63,62,62,64,74,445,298,212,110,39,26
2006,MNOW,111.8,88.5,187.8,94.9,202.8,90.93529412,68.32352941,10.61,14.84,20.36,23.96,21.45,17.22588235,10.11882353,12,10,13,7,10,12,7.411764706,10,4,7,4,6,6,4.529411765,233.5,148.4,19.5,1.1,0.9,70.18823529,257.9823529,1.7,39.9,80.3,175.5,97.5,15.3,10.26470588,11,11,12,14,35,54,307,313,296,298,282,256,488,483,498,484,381,372,530,295,186,98,79,54,204,204,207,217,336,372,63,63,62,62,64,74,445,298,212,110,39,26
2007,MNOW,44.7,87.2,104.3,97.6,296.4,111.5235294,63.79411765,7.13,16.81,21.04,22.32,21.5,18.00764706,9.925882353,7,9,8,5,14,9,7.294117647,4,6,4,5,9,5,4.117647059,341.1,80.6,9.9,2.5,4.8,59.7,266.5117647,5.1,33.3,91.1,126.1,103,48.7,7.964705882,11,11,12,14,35,54,307,313,296,298,282,256,488,483,498,484,381,372,530,295,186,98,79,54,204,204,207,217,336,372,63,63,62,62,64,74,445,298,212,110,39,26
2008,MNOW,127.5,108.5,119.6,55.8,67.3,61.82941176,64.19411765,5.49,12.9,19.24,22.57,20.73,17.51058824,9.945882353,12,7,11,6,8,10,8.176470588,8,6,9,4,4,7,5.294117647,385.2,171.3,13.3,0,4.2,66.56470588,254.8352941,0,3.1,40.4,131.3,75.9,31.6,6.517647059,11,11,12,14,35,54,307,313,296,298,282,256,488,483,498,484,381,372,530,295,186,98,79,54,204,204,207,217,336,372,63,63,62,62,64,74,445,298,212,110,39,26
2001,ILGO,88.72352941,92.15294118,94.04117647,114.7705882,88.64117647,64.48823529,62.80588235,11.21588235,18.40764706,22.35352941,23.24647059,23.28647059,18.90647059,11.66470588,9.588235294,10.82352941,9.411764706,8.176470588,8.823529412,6.823529412,7.705882353,6.235294118,6.941176471,6.529411765,6.176470588,5.882352941,5,5.352941176,213.4647059,60.71764706,8.470588235,0.917647059,3.705882353,49.86470588,211.9117647,6.047058824,53.55294118,122.7588235,148.3,154.1117647,77.48823529,10.82941176,14.27247956,13.9373297,13.93051771,16.05040872,24.30517711,34.18256131,288.0217984,290.972752,305.8978202,319.5490463,316.2152589,288.8964578,487.5762943,485.9918256,476.1103542,465.5776567,448.5517711,431.5435967,454.619891,233.9114441,172.1553134,122.5776567,96.49182561,79.87874659,224.3719346,223.0122616,217.9564033,214.866485,235.1716621,279.5762943,63.57629428,63.73978202,63.69209809,64.5599455,67.00953678,70.52179837,384.1839237,223.3501362,153.9768392,102.3841962,59.81743869,44.06811989
2001,MNHA,65.03529412,90.12352941,141.3705882,72.82352941,100.0352941,102.0764706,45.31176471,7.717647059,13.3,19.66647059,22.53294118,20.48470588,16.78647059,10.43588235,8.352941176,11.41176471,13.35294118,8.411764706,8.705882353,9.235294118,6,5.647058824,8.117647059,9.058823529,5.705882353,5.647058824,5.764705882,3.588235294,316.8117647,167.4294118,29.83529412,4.558823529,15.88823529,86.03529412,245.8235294,2.241176471,13.44117647,68.68235294,131.6588235,81.31764706,34.08235294,7.1,16,17,16,18,33,43,276,278,253,266,274,247,378,374,386,376,365,387,459,298,212,113,77,69,346,348,360,358,361,365,63,63,64,65,69,73,408,262,208,102,59,33
2004,MNHA,71.95294118,87.21176471,139.8705882,71.08235294,98.38823529,102.0764706,45.31176471,7.115294118,13.30647059,19.54176471,22.33235294,20.58529412,16.78647059,10.43588235,8.411764706,11.41176471,13.35294118,8.294117647,8.705882353,9.588235294,6,6,7.823529412,9.058823529,5.647058824,5.352941176,6.117647059,3.588235294,334.0470588,166.1823529,29.50588235,4.094117647,12.71176471,86.03529412,245.8235294,1.652941176,11.97647059,65.1,126.7647059,82.27058824,29.03529412,7.1,16,17,16,18,33,43,276,278,253,266,274,247,378,374,386,376,365,387,459,298,212,113,77,69,346,348,360,358,361,365,63,63,64,65,69,73,408,262,208,102,59,33
2008,MNHA,77.86470588,93.91764706,114.7529412,75.08823529,104.4058824,92.78235294,45.31176471,7.272352941,13.27058824,19.51529412,22.31823529,20.34117647,16.78647059,10.43588235,7.705882353,10.64705882,12.35294118,7.941176471,8.941176471,9.705882353,6,5.235294118,7.235294118,8.647058824,5.764705882,5.235294118,6.411764706,3.647058824,329.7176471,167.3470588,22.3,3.223529412,14.48235294,86.03529412,245.8235294,1.129411765,12.01176471,57.58235294,125.1882353,76.48235294,35.01764706,7.1,16,17,16,18,33,43,276,278,253,266,274,247,378,374,386,376,365,387,459,298,212,113,77,69,346,348,360,358,361,365,63,63,64,65,69,73,408,262,208,102,59,33
2004,OHCH,95.4,129.5,56.2,98.3,34.2,114,74.8,12.77,17.08882353,21.82941176,24.14529412,23.44764706,18.58823529,11.44235294,13,12,10.58823529,9.176470588,6.352941176,7.294117647,8,9,7.352941176,6.117647059,6.235294118,3.470588235,4.882352941,5,152.4,88.07058824,10.91764706,2.205882353,3.229411765,60.02352941,215.6882353,6.7,49.64705882,115.8882353,179.3705882,142.9764706,70.72352941,11.00588235,14.27247956,13.9373297,13.93051771,16.05040872,24.30517711,34.18256131,288.0217984,290.972752,305.8978202,319.5490463,316.2152589,288.8964578,487.5762943,485.9918256,476.1103542,465.5776567,448.5517711,431.5435967,454.619891,233.9114441,172.1553134,122.5776567,96.49182561,79.87874659,224.3719346,223.0122616,217.9564033,214.866485,235.1716621,279.5762943,63.57629428,63.73978202,63.69209809,64.5599455,67.00953678,70.52179837,384.1839237,223.3501362,153.9768392,102.3841962,59.81743869,44.06811989
2000,IAPN,91.9,108.6,232.8,129,61.1,113.8764706,60.30588235,9.79,17.26,20.1,22.42,22.91,17.40058824,11.21941176,7,11,15,11,9,7,6.647058824,6,7,13,8,4,6,4.529411765,256.3,66.6,19.7,1.4,0.8,71.01176471,219.2588235,0,33.3,72.7,128,142.8,89.4,5.347058824,8,9,9,10,13,16,328,324,327,329,311,308,537,547,540,536,539,511,493,211,113,80,66,51,135,129,132,135,150,181,62,61,60,60,60,65,361,184,109,98,38,22
2002,IAPN,118.3,101.3,68.7,38.4,115.9529412,78.68823529,157.9,9.48,13.99,22.43,24.42705882,22.04294118,16.87176471,7.56,13,8,10,4,8.411764706,6.588235294,12,11,6,7,3,6,4.411764706,9,271.3,151.8,6.4,0.494117647,4.764705882,82.01764706,301.6,14.5,17.2,129.4,186.2,118.2941176,48.74705882,0,8,9,9,10,13,16,328,324,327,329,311,308,537,547,540,536,539,511,493,211,113,80,66,51,135,129,132,135,150,181,62,61,60,60,60,65,361,184,109,98,38,22
2003,IAPN,63.3,55.9,135.4,118.6,16.4,98.7,54.84705882,9.85,14.37,20.18176471,22.07,22.67,16.15,10.77411765,7,10,13,10,6,6,5.705882353,5,6,12,6,2,6,3.470588235,251.6,119.1,21.40588235,0.8,0,95.9,214.0588235,5.7,8,75.05294118,105.4,130.2,30.4,2.2,8,9,9,10,13,16,328,324,327,329,311,308,537,547,540,536,539,511,493,211,113,80,66,51,135,129,132,135,150,181,62,61,60,60,60,65,361,184,109,98,38,22
2004,IAPN,30,154.2,51.8,102.7,170.8,78.10588235,92.28823529,10.37,16.4,19.63,20.92,18.81,17.71529412,10.22764706,3,9,9,9,12,2,8.647058824,2,9,6,8,9,2,5.352941176,248.7,96.5,25.8,5.8,28.3,61.82352941,241.1647059,9.7,36.7,61.3,85.9,44.2,45,4.123529412,8,9,9,10,13,16,328,324,327,329,311,308,537,547,540,536,539,511,493,211,113,80,66,51,135,129,132,135,150,181,62,61,60,60,60,65,361,184,109,98,38,22
2005,IAPN,99.51176471,114.0882353,91.1,74.61176471,101.2764706,80.25294118,63.94705882,9.935882353,15.08058824,21.04411765,23.40588235,21.95882353,16.91,11.66470588,8,10.41176471,9.941176471,6.529411765,7.117647059,6.764705882,7.117647059,6.470588235,7.705882353,7,4.941176471,5.588235294,5.235294118,4.411764706,249.3352941,117.6294118,15.42941176,1.852941176,6.423529412,76.87647059,208.7294118,5.917647059,21.88823529,92.99411765,154.8941176,114.5235294,43.74117647,4.441176471,8,9,9,10,13,16,328,324,327,329,311,308,537,547,540,536,539,511,493,211,113,80,66,51,135,129,132,135,150,181,62,61,60,60,60,65,361,184,109,98,38,22
2006,IAPN,88.1,54.5,34.5,111.6,103.3,78.25882353,53.54705882,12.06,15.65,20.87,24.14,22.17,17.41352941,10.82882353,9,11,11,8,10,8,6.882352941,7,6,3,7,8,5,3.588235294,192.2,124.2,17.6,0,3.3,70.41764706,217.8470588,3.8,42.2,85.9,174.2,114.6,13.7,4.6,8,9,9,10,13,16,328,324,327,329,311,308,537,547,540,536,539,511,493,211,113,80,66,51,135,129,132,135,150,181,62,61,60,60,60,65,361,184,109,98,38,22
2007,IAPN,100.8,106.9,168.4,106.9,180.5,82.85882353,81.47647059,8.84,18.83,21.13,22.31,23.72,17.85764706,10.64764706,5,8,7,4,12,6,9.117647059,5,5,6,4,11,3,5.529411765,283,37.6,4.4,0.3,0,56.38823529,222.5764706,7.8,52.6,82.8,123.6,161.5,63.5,5.611764706,8,9,9,10,13,16,328,324,327,329,311,308,537,547,540,536,539,511,493,211,113,80,66,51,135,129,132,135,150,181,62,61,60,60,60,65,361,184,109,98,38,22
2008,IAPN,236.3,149.1,167.6294118,136.5352941,80.07647059,131.6,28.6,8.17,14.47,21.07764706,23.18764706,21.72705882,17.31529412,9.94,11,9,10.35294118,8.705882353,8.764705882,7,10,11,8,8.235294118,6.294117647,5.411764706,6,4,294.7,118.1,10.15882353,0.370588235,4.576470588,63.24117647,263.3,0,6.7,92.08235294,148.3411765,108.3823529,38.05882353,3,8,9,9,10,13,16,328,324,327,329,311,308,537,547,540,536,539,511,493,211,113,80,66,51,135,129,132,135,150,181,62,61,60,60,60,65,361,184,109,98,38,22
2000,KSGC,47.8,63.4,16.6,95.3,24.3,81.56470588,70.25294118,11.14,18.3,22.63,26.16,26.88,19.64235294,11.27764706,4,5,6,10,4,3,7,4,4,2,7,2,0,4.588235294,216.8,72.4,6.2,0,0,35.11176471,217.0411765,0.8,71.2,130.5,242.7,265,135.7,11.34705882,4,3,3,4,7,12,280,289,296,289,286,269,496,497,493,508,513,504,156,137,90,68,53,38,224,214,211,203,201,227,74,76,78,81,82,83,126,101,69,44,31,17
2003,KSGC,63.3,75.3,86.4,15,79.2,76.69411765,84.91764706,12.47,17.14,21.24,27.61,26.24,19.08294118,10.90352941,6,8,13,4,10,4,7.352941176,3,7,9,3,6,3,5.058823529,185.4,72.7,16.7,0,3,39.12941176,219.8352941,9.4,35.9,103.8,287.5,248.1,42.3,13.94117647,4,3,3,4,7,12,280,289,296,289,286,269,496,497,493,508,513,504,156,137,90,68,53,38,224,214,211,203,201,227,74,76,78,81,82,83,126,101,69,44,31,17
2004,KSGC,68.1,10.2,138.9,80.3,108.7,116.7294118,70.91764706,11.41,19.34,21.7,23.72,21.84,18.79882353,11.15176471,10,3,11,12,6,6,7.705882353,8,1,9,6,5,3,4.705882353,213.6,67.6,12,4.4,6.9,47.11176471,219.2941176,5.8,98.9,113.1,171.5,115.5,95,12.11176471,4,3,3,4,7,12,280,289,296,289,286,269,496,497,493,508,513,504,156,137,90,68,53,38,224,214,211,203,201,227,74,76,78,81,82,83,126,101,69,44,31,17
2005,KSGC,26.4,71.5,79.5,89.5,43.1,96.16470588,78.39411765,11.57,17.43,23.17,25.47,24.35,19.46235294,10.83529412,8,9,9,9,6,5,7.764705882,4,6,8,8,4,3,4.647058824,206.3,79,9.8,2.5,0.9,37.85882353,218.6176471,3.3,51.1,154.9,223.7,187.4,129.7,12.12941176,4,3,3,4,7,12,280,289,296,289,286,269,496,497,493,508,513,504,156,137,90,68,53,38,224,214,211,203,201,227,74,76,78,81,82,83,126,101,69,44,31,17
2006,KSGC,19.3,64.1,59.2,118.6,65.4,105.7411765,71.10588235,14.29,18.94,24.43,27.16,24.97,19.57117647,11.64058824,5,8,7,8,9,6,7.058823529,3,6,6,5,6,2,4.294117647,145.1,72,0,0,1.1,39.64117647,216.6058824,23.8,90.7,183,273.6,206.9,36.9,13.07647059,4,3,3,4,7,12,280,289,296,289,286,269,496,497,493,508,513,504,156,137,90,68,53,38,224,214,211,203,201,227,74,76,78,81,82,83,126,101,69,44,31,17
2003,IIAL,68.1,42.6,160.3,182.2,75.57058824,41.1,16,10.53,15.57,20,22.4,22.45882353,16.25,11.38,7,10.23529412,14,8,8,6,3,6,6.941176471,12,8,5.294117647,4,2,204.2,102.0705882,18.8,1.1,1.564705882,91.2,216.8,9.1,21.4,68.6,118.3,127.1352941,28.1,8.1,13,10,10,12,16,26,391,401,396,393,399,393,536,529,534,532,495,475,313,271,184,104,66,46,73,70,71,75,107,132,63,63,64,66,70,73,312,250,160,82,37,20
2005,IIAL,82.6,107.3,227.2,51.8,38.7,77.6,63.77058824,9.821176471,14.59,22.15,23.71,21.86,20.26,10.57411765,9,13,17,8,7,11,7.176470588,6,7,12,6,3,6,4.764705882,252.0058824,127.6,3,2.5,3.3,29.4,234,2.811764706,14,113,156.3,108.5,87.2,18.1,13,10,10,12,16,26,391,401,396,393,399,393,536,529,534,532,495,475,313,271,184,104,66,46,73,70,71,75,107,132,63,63,64,66,70,73,312,250,160,82,37,20
2006,IIAL,100.9,31.6,23.1,7.6,132.1,125.5,17.7,12.24,16.3,21.69058824,24.69588235,22.34,15.64,10.43470588,7,5,3,4,12,13,7,6,3,2,1,9,6,2,161.7,91.1,11.74705882,0.352941176,1.7,91.1,274.6,4.2,36.4,106.6941176,193.9411765,126,19.5,13.3,13,10,10,12,16,26,391,401,396,393,399,393,536,529,534,532,495,475,313,271,184,104,66,46,73,70,71,75,107,132,63,63,64,66,70,73,312,250,160,82,37,20
2001,MIBL,65.35294118,122.3705882,83.51176471,107.9176471,87.85294118,87.58823529,78.42352941,9.908823529,14.98470588,20.27,22.02294118,22.01705882,17.55,10.82823529,9.882352941,13.88235294,10.58823529,10.58823529,8.705882353,7.529411765,8.411764706,5.647058824,9.117647059,6.411764706,7.411764706,6.352941176,5.117647059,5.647058824,246.8117647,119.4235294,27.44117647,7.347058824,8.770588235,57.14117647,247.6823529,4.1,21.31176471,82.95882353,119.2705882,110.4058824,53.24705882,5.994117647,14.27247956,13.9373297,13.93051771,16.05040872,24.30517711,34.18256131,288.0217984,290.972752,305.8978202,319.5490463,316.2152589,288.8964578,487.5762943,485.9918256,476.1103542,465.5776567,448.5517711,431.5435967,454.619891,233.9114441,172.1553134,122.5776567,96.49182561,79.87874659,224.3719346,223.0122616,217.9564033,214.866485,235.1716621,279.5762943,63.57629428,63.73978202,63.69209809,64.5599455,67.00953678,70.52179837,384.1839237,223.3501362,153.9768392,102.3841962,59.81743869,44.06811989
2003,MIBL,56.2,166,54.7,75.6,109.7,80.19411765,88.15294118,8.64,13.66,18.59,21.65,21.07,17.20411765,10.02647059,8,17,9,13,13,12,8.705882353,5,10,6,11,7,8,6.117647059,290.7,137.6,38.5,1.4,7.2,72.19411765,257.8823529,0,1.1,46.3,101.4,85.9,15,7.935294118,14.27247956,13.9373297,13.93051771,16.05040872,24.30517711,34.18256131,288.0217984,290.972752,305.8978202,319.5490463,316.2152589,288.8964578,487.5762943,485.9918256,476.1103542,465.5776567,448.5517711,431.5435967,454.619891,233.9114441,172.1553134,122.5776567,96.49182561,79.87874659,224.3719346,223.0122616,217.9564033,214.866485,235.1716621,279.5762943,63.57629428,63.73978202,63.69209809,64.5599455,67.00953678,70.52179837,384.1839237,223.3501362,153.9768392,102.3841962,59.81743869,44.06811989
2004,MIBL,22.9,169.1,108.5,102.3,87.1,71.12941176,63.90588235,9.81,15.8,19.2,21.5,19.65,17.57647059,10.44352941,9,20,15,15,11,1,8.705882353,3,14,6,10,8,1,5.117647059,260.7,104.2,28.2,5.6,25.6,62.04117647,233.9882353,8.6,28.9,52.2,103.6,65.8,39,6.247058824,14.27247956,13.9373297,13.93051771,16.05040872,24.30517711,34.18256131,288.0217984,290.972752,305.8978202,319.5490463,316.2152589,288.8964578,487.5762943,485.9918256,476.1103542,465.5776567,448.5517711,431.5435967,454.619891,233.9114441,172.1553134,122.5776567,96.49182561,79.87874659,224.3719346,223.0122616,217.9564033,214.866485,235.1716621,279.5762943,63.57629428,63.73978202,63.69209809,64.5599455,67.00953678,70.52179837,384.1839237,223.3501362,153.9768392,102.3841962,59.81743869,44.06811989
2005,MIBL,49.5,40.2,32.3,154.6,57.2,117.0117647,63.62941176,9.05,12.54,22.53,22.77,22.29,16.80176471,10.45823529,10,10,8,16,5,7,7.764705882,5,4,4,11,3,4,4.941176471,232.8,180.7,8.3,0.6,3,74.75882353,237.5294118,2.8,1.1,121.8,124.4,117.7,36,6.335294118,14.27247956,13.9373297,13.93051771,16.05040872,24.30517711,34.18256131,288.0217984,290.972752,305.8978202,319.5490463,316.2152589,288.8964578,487.5762943,485.9918256,476.1103542,465.5776567,448.5517711,431.5435967,454.619891,233.9114441,172.1553134,122.5776567,96.49182561,79.87874659,224.3719346,223.0122616,217.9564033,214.866485,235.1716621,279.5762943,63.57629428,63.73978202,63.69209809,64.5599455,67.00953678,70.52179837,384.1839237,223.3501362,153.9768392,102.3841962,59.81743869,44.06811989
2007,MIBL,89.7,55.7,76.2,79,200.5,108.5823529,95.65294118,7.04,15.6,20.74,20.42,21.81,17.22588235,9.802352941,16,8,9,8,14,5,8.411764706,5,3,5,5,11,5,5.176470588,338.8,105.6,16.4,9.8,9.8,70.52941176,269.1411765,0,20.9,88.7,74.4,117.6,41.2,7.505882353,14.27247956,13.9373297,13.93051771,16.05040872,24.30517711,34.18256131,288.0217984,290.972752,305.8978202,319.5490463,316.2152589,288.8964578,487.5762943,485.9918256,476.1103542,465.5776567,448.5517711,431.5435967,454.619891,233.9114441,172.1553134,122.5776567,96.49182561,79.87874659,224.3719346,223.0122616,217.9564033,214.866485,235.1716621,279.5762943,63.57629428,63.73978202,63.69209809,64.5599455,67.00953678,70.52179837,384.1839237,223.3501362,153.9768392,102.3841962,59.81743869,44.06811989
2001,WIMR,80.2,73.7,106,80,71.90588235,63.46470588,59.29411765,8.03,13.34,17.66,20.83,20.40294118,17.71647059,9.772352941,13,17,11,13,16,5.705882353,7.176470588,9,12,7,5,6,3.882352941,5.470588235,299.7,158.5,62.5,18.9,18.57647059,72.63529412,269.9,0.9,3.6,43.6,96.3,74.7,35.71764706,6.141176471,14.27247956,13.9373297,13.93051771,16.05040872,24.30517711,34.18256131,288.0217984,290.972752,305.8978202,319.5490463,316.2152589,288.8964578,487.5762943,485.9918256,476.1103542,465.5776567,448.5517711,431.5435967,454.619891,233.9114441,172.1553134,122.5776567,96.49182561,79.87874659,224.3719346,223.0122616,217.9564033,214.866485,235.1716621,279.5762943,63.57629428,63.73978202,63.69209809,64.5599455,67.00953678,70.52179837,384.1839237,223.3501362,153.9768392,102.3841962,59.81743869,44.06811989
2008,WIMR,59.5,69,65.4,66.5,80.29411765,67.05294118,56.68235294,6.14,11.13,17.62,20.48,19.27647059,16.89647059,10.05529412,9,10,11,10,6,8.117647059,8.352941176,6,6,8,7,3,5.352941176,5.588235294,365.9,223.3,36.3,3.9,30.6,77.89411765,257.9352941,0,0,15,70.3,44.3,22.14705882,5.194117647,14.27247956,13.9373297,13.93051771,16.05040872,24.30517711,34.18256131,288.0217984,290.972752,305.8978202,319.5490463,316.2152589,288.8964578,487.5762943,485.9918256,476.1103542,465.5776567,448.5517711,431.5435967,454.619891,233.9114441,172.1553134,122.5776567,96.49182561,79.87874659,224.3719346,223.0122616,217.9564033,214.866485,235.1716621,279.5762943,63.57629428,63.73978202,63.69209809,64.5599455,67.00953678,70.52179837,384.1839237,223.3501362,153.9768392,102.3841962,59.81743869,44.06811989
2002,IAPL,114.6,139,34,55,75.4,62.2,101.4,10.80470588,15.07411765,21.71941176,24.43411765,22.69705882,19.15058824,11.44352941,12,9,3,6,3,2,5,11,7,3,4,3,2,5,232.3529412,121.7764706,15.70588235,0.629411765,5.2,52.66470588,216.8882353,10.54117647,21.59411765,114.6941176,186.1941176,139.7411765,55.61764706,6.758823529,14.27247956,13.9373297,13.93051771,16.05040872,24.30517711,34.18256131,288.0217984,290.972752,305.8978202,319.5490463,316.2152589,288.8964578,487.5762943,485.9918256,476.1103542,465.5776567,448.5517711,431.5435967,454.619891,233.9114441,172.1553134,122.5776567,96.49182561,79.87874659,224.3719346,223.0122616,217.9564033,214.866485,235.1716621,279.5762943,63.57629428,63.73978202,63.69209809,64.5599455,67.00953678,70.52179837,384.1839237,223.3501362,153.9768392,102.3841962,59.81743869,44.06811989
2000,MNWA,22.2,159.6,215.1,153.9,54.8,82.94117647,62.69411765,8.01,15.96,19.23,21.87,21.74,17.17764706,10.66294118,9,13,16,11,8,8,6.705882353,5,10,11,7,3,3,4,309.7,101.7,35.7,10.6,1.4,71.04117647,239.1058824,0,28.3,62.5,120.4,107.1,33.8,9.605882353,3,3,2,3,22,23,332,328,334,336,316,286,409,409,404,386,403,428,459,280,234,112,78,58,259,263,262,277,281,287,70,71,71,73,75,76,422,380,312,163,68,36
2002,MNWA,87.9,124.0529412,117.4882353,99.23529412,120.6588235,119.0529412,49.69411765,10.42823529,16.13588235,21.01235294,23.63882353,21.51235294,17.95705882,10.43588235,9,12.64705882,12.11764706,8.235294118,9.764705882,8.705882353,6.823529412,6.705882353,8.529411765,7.882352941,5.294117647,6.176470588,5.294117647,4,243.8823529,103.0705882,16.82941176,2.476470588,10.82941176,62.48235294,258.5882353,8.041176471,35.12941176,96.28823529,164.7176471,129.4176471,39.49411765,12.7,3,3,2,3,22,23,332,328,334,336,316,286,409,409,404,386,403,428,459,280,234,112,78,58,259,263,262,277,281,287,70,71,71,73,75,76,422,380,312,163,68,36
2003,MNWA,46.6,90,97.9,80.7,43.7,86.72352941,66.57058824,8.27,13.7,19.14,21.66,21.97,17.32176471,10.21705882,11,13,14,15,9,4,7.235294118,6,5,10,7,6,2,4.176470588,307.7,148.2,31.7,3.1,4.6,68.35294118,258.3529412,5.8,4.8,55.9,106.2,117.3,38.5,5.570588235,3,3,2,3,22,23,332,328,334,336,316,286,409,409,404,386,403,428,459,280,234,112,78,58,259,263,262,277,281,287,70,71,71,73,75,76,422,380,312,163,68,36
2004,MNWA,44.7,142.5,163.1,179.9,125,98.72941176,84.17647059,9.34,13.93,18.25,20.9,17.95,17.64352941,10.41117647,5,16,11,11,12,7,8.529411765,3,13,8,9,6,4,5.647058824,271.4,148.6,45,9,50.8,58.48235294,252.1352941,1.7,12.3,42.5,88.4,38.9,54.1,7.135294118,3,3,2,3,22,23,332,328,334,336,316,286,409,409,404,386,403,428,459,280,234,112,78,58,259,263,262,277,281,287,70,71,71,73,75,76,422,380,312,163,68,36
2005,MNWA,85.6,151.3,145.1,78.4,114.5,100.2176471,61.57647059,10.62,12.79,22.55,23.13,20.65,17.76294118,9.959411765,8,18,18,6,8,12,7.588235294,6,9,11,5,7,8,5.058823529,227.6,177.8,0.8,5,8.8,60.67058824,236.0647059,2.2,6,127.3,153.7,80.7,52,10.09411765,3,3,2,3,22,23,332,328,334,336,316,286,409,409,404,386,403,428,459,280,234,112,78,58,259,263,262,277,281,287,70,71,71,73,75,76,422,380,312,163,68,36
2006,MNWA,111.6,71.3,132.4,93.5,130.3,98.31764706,56.67058824,10.61,15.43,20.47,23.67,21.52,17.29705882,10.18058824,14,11,15,7,13,13,7.411764706,10,7,9,4,5,7,4.411764706,234.2,136.5,18.8,1.7,0.9,70.22941176,251.2235294,2.6,46.4,82.9,167.2,99.6,15,11.12941176,3,3,2,3,22,23,332,328,334,336,316,286,409,409,404,386,403,428,459,280,234,112,78,58,259,263,262,277,281,287,70,71,71,73,75,76,422,380,312,163,68,36
2007,MNWA,47.2,85.5,106.6,58.3,273.3,119.3470588,62.94117647,6.99,16.98,20.87,22.14,21.19,18.15058824,9.802352941,6,13,10,6,15,10,7.117647059,3,8,7,4,10,6,4.058823529,347.4,78.8,10,4.2,5.8,56.01764706,266.3117647,7.2,36.9,86.1,122.1,94.3,49.1,7.929411765,3,3,2,3,22,23,332,328,334,336,316,286,409,409,404,386,403,428,459,280,234,112,78,58,259,263,262,277,281,287,70,71,71,73,75,76,422,380,312,163,68,36
2008,MNWA,105.5,98.3,108.5,133.4,55.5,86.94117647,63.88823529,5.64,13.08,19.32,21.98,20.16,17.44411765,9.945882353,13,10,10,9,7,10,8.294117647,8,5,9,5,4,5,4.764705882,380.9,166.2,10.8,0,7.8,67.21176471,254.2470588,0,3.4,40.4,113.1,64.5,29.1,5.588235294,3,3,2,3,22,23,332,328,334,336,316,286,409,409,404,386,403,428,459,280,234,112,78,58,259,263,262,277,281,287,70,71,71,73,75,76,422,380,312,163,68,36
2000,MIWI,81.4,142.2,83.6,141.7,86.2,156.5,53.7,9.374117647,14.97588235,19.76,22.14294118,20.39764706,17.87588235,11.95352941,9,13,11,12,11,6,9,4,11,9,9,7,5,6,268.7117647,133.1764706,24.93529412,5.817647059,19.78823529,63.47058824,217.6529412,4.205882353,25.68823529,67.61764706,122.5588235,82.97058824,44.67058824,8.741176471,49,51,46,50,60,71,201,194,202,219,214,196,363,369,364,361,347,361,1591,944,862,832,737,639,435,437,434,420,439,442,63,63,63,64,65,69,639,705,869,608,548,432
2001,MIWI,81,135,83.1,29.2,49.2,166.5,165.8,8.502352941,13.97882353,19.73470588,22.65529412,21.76470588,17.86588235,11.12823529,11,14,9,9,10,10,14,8,11,7,2,4,8,13,291.1941176,143.0176471,26.82941176,4.635294118,9.347058824,59.10588235,239.5058824,2.182352941,9.229411765,68.32941176,137.2647059,118.0352941,35.04705882,7.629411765,49,51,46,50,60,71,201,194,202,219,214,196,363,369,364,361,347,361,1591,944,862,832,737,639,435,437,434,420,439,442,63,63,63,64,65,69,639,705,869,608,548,432
2002,MIWI,69.2,106.7,77.5,151.9,34.4,23.6,33.8,8.087647059,14.15705882,19.49352941,22.44941176,21.20294118,18.27176471,11.53529412,12,15,10,9,10,5,9,9,6,3,8,5,3,5,303.2705882,146.8235294,25.31176471,3.247058824,9.229411765,53.17647059,219.3058824,2.970588235,19.46470588,59.95882353,129.5529412,97.35882353,35.09411765,6.829411765,49,51,46,50,60,71,201,194,202,219,214,196,363,369,364,361,347,361,1591,944,862,832,737,639,435,437,434,420,439,442,63,63,63,64,65,69,639,705,869,608,548,432
2003,MIWI,87.7,105.5,41.9,38.2,19.5,67.9,59.1,8.875294118,14.97588235,20.32235294,22.63058824,22.23352941,17.99058824,10.65647059,7,14,8,8,5,9,10,3,9,5,4,2,7,5,283.3647059,124.6705882,22.73529412,3.464705882,5.847058824,53.97647059,243.7176471,4.017647059,22.61176471,81.80588235,136.1176471,127.0882353,40.44705882,6.570588235,49,51,46,50,60,71,201,194,202,219,214,196,363,369,364,361,347,361,1591,944,862,832,737,639,435,437,434,420,439,442,63,63,63,64,65,69,639,705,869,608,548,432
2000,GACL,101.4588235,94.4,95.25294118,101.5176471,97.78235294,122.2058824,67.03529412,17.51823529,22.81823529,25.87705882,27.33294118,26.41882353,18.32411765,11.66470588,8.235294118,8.941176471,10.64705882,9.235294118,9.058823529,6.823529412,6.941176471,5.117647059,5.705882353,6.588235294,6.235294118,5.705882353,5.352941176,4.764705882,57.68235294,6.441176471,0.035294118,0,2.252941176,67.26470588,208.7294118,33.15294118,144.6058824,218.0058824,271.5529412,266.6235294,145.5588235,18.52941176,15,15,16,19,19,15,209,211,220,273,312,319,256,252,250,232,208,190,334,107,63,48,30,25,535,537,529,495,480,491,49,49,50,51,51,52,576,153,67,45,35,23
2001,GACL,96.31764706,79.26470588,100.3176471,105.1764706,97.78235294,122.2058824,66.28235294,17.51823529,22.81823529,25.87705882,27.33294118,26.41882353,18.32411765,11.66470588,7.529411765,7.882352941,10.52941176,9.176470588,9.058823529,6.823529412,6.941176471,4.823529412,5.117647059,6.529411765,6.529411765,5.705882353,5.352941176,4.764705882,57.68235294,6.441176471,0.035294118,0,2.252941176,67.26470588,208.7294118,33.15294118,144.6058824,218.0058824,271.5529412,266.6235294,145.5588235,18.52941176,15,15,16,19,19,15,209,211,220,273,312,319,256,252,250,232,208,190,334,107,63,48,30,25,535,537,529,495,480,491,49,49,50,51,51,52,576,153,67,45,35,23
2002,GACL,96.31764706,69.02941176,100.3176471,112.1588235,97.78235294,122.2058824,66.28235294,17.51823529,22.81823529,25.91235294,27.33294118,26.16294118,18.32411765,11.66470588,7.529411765,7.294117647,10.52941176,9.588235294,8.941176471,6.823529412,6.941176471,4.823529412,4.764705882,6.529411765,7,5.764705882,5.352941176,4.764705882,57.68235294,6.441176471,0.035294118,0,2.252941176,67.26470588,208.7294118,33.15294118,144.6058824,220.5529412,271.5529412,266.6235294,145.5588235,18.52941176,15,15,16,19,19,15,209,211,220,273,312,319,256,252,250,232,208,190,334,107,63,48,30,25,535,537,529,495,480,491,49,49,50,51,51,52,576,153,67,45,35,23
2003,GACL,97.71176471,69.02941176,97.35294118,112.1588235,98.58235294,122.2058824,66.28235294,17.51823529,22.81823529,25.91235294,27.38117647,26.16294118,18.36823529,11.66470588,7.882352941,7.294117647,10.41176471,9.588235294,9.176470588,6.470588235,6.941176471,5.058823529,4.764705882,6.411764706,7,5.823529412,5.117647059,4.764705882,57.68235294,6.441176471,0.035294118,0,2.252941176,65.44705882,208.7294118,33.15294118,144.6058824,220.5529412,273.1176471,266.6235294,145.5588235,18.52941176,15,15,16,19,19,15,209,211,220,273,312,319,256,252,250,232,208,190,334,107,63,48,30,25,535,537,529,495,480,491,49,49,50,51,51,52,576,153,67,45,35,23
2004,GACL,99.34117647,73.84117647,96.8,117.0294118,96.94705882,122.2058824,66.28235294,17.51823529,22.81823529,25.91235294,27.38117647,26.14058824,18.36823529,11.66470588,8.117647059,7.529411765,10.41176471,9.588235294,9,6.647058824,6.941176471,5.117647059,4.882352941,6.352941176,6.941176471,5.705882353,5.235294118,4.764705882,57.68235294,6.441176471,0.035294118,0,2.252941176,65.44705882,208.7294118,33.15294118,144.6058824,220.5529412,273.1176471,266.6235294,145.5588235,18.52941176,15,15,16,19,19,15,209,211,220,273,312,319,256,252,250,232,208,190,334,107,63,48,30,25,535,537,529,495,480,491,49,49,50,51,51,52,576,153,67,45,35,23
2000,SDPL,38.4,104,66.2,61.2,69.6,7.2,32.5,8.205294118,13.67941176,19.09882353,21.70058824,21.01941176,18.38764706,11.17058824,9,9,15,13,5,7,9,5,7,7,6,3,1,6,302.4235294,155.0411765,33.65294118,7.752941176,17.83529412,52.45882353,230.2470588,1.241176471,11.13529412,56.41764706,111.8705882,92.17647059,45.06470588,7.882352941,14.27247956,13.9373297,13.93051771,16.05040872,24.30517711,34.18256131,288.0217984,290.972752,305.8978202,319.5490463,316.2152589,288.8964578,487.5762943,485.9918256,476.1103542,465.5776567,448.5517711,431.5435967,454.619891,233.9114441,172.1553134,122.5776567,96.49182561,79.87874659,224.3719346,223.0122616,217.9564033,214.866485,235.1716621,279.5762943,63.57629428,63.73978202,63.69209809,64.5599455,67.00953678,70.52179837,384.1839237,223.3501362,153.9768392,102.3841962,59.81743869,44.06811989
2001,SDPL,168.6,76.5,52.9,110.3,5.6,110,12.8,9.436470588,14.95470588,20.59470588,23.30647059,22.20588235,18.27235294,11.30823529,11,11,9,10,1,6,6,8,6,5,5,1,5,3,268.5588235,133.3588235,26.72352941,3.082352941,6.464705882,57.94705882,225.2470588,6.135294118,29.63529412,94.61176471,154.2882353,124.4117647,45.88235294,13.32941176,14.27247956,13.9373297,13.93051771,16.05040872,24.30517711,34.18256131,288.0217984,290.972752,305.8978202,319.5490463,316.2152589,288.8964578,487.5762943,485.9918256,476.1103542,465.5776567,448.5517711,431.5435967,454.619891,233.9114441,172.1553134,122.5776567,96.49182561,79.87874659,224.3719346,223.0122616,217.9564033,214.866485,235.1716621,279.5762943,63.57629428,63.73978202,63.69209809,64.5599455,67.00953678,70.52179837,384.1839237,223.3501362,153.9768392,102.3841962,59.81743869,44.06811989
2002,SDPL,87.4,125.4,91.66470588,71.45882353,70.99411765,91.16470588,65.18823529,10.68705882,17.10588235,21.65588235,24.12470588,23.00235294,18.6,10.28941176,8,10.35294118,8.705882353,7,6.823529412,6.941176471,6.823529412,5.647058824,7.529411765,6.588235294,4.470588235,4.764705882,4.705882353,5.176470588,238.6176471,83.08823529,16.84117647,3.311764706,7.411764706,55.05882353,221.8176471,10.92352941,45.21176471,117.0294118,182.0647059,148.9647059,66.79411765,15.61176471,14.27247956,13.9373297,13.93051771,16.05040872,24.30517711,34.18256131,288.0217984,290.972752,305.8978202,319.5490463,316.2152589,288.8964578,487.5762943,485.9918256,476.1103542,465.5776567,448.5517711,431.5435967,454.619891,233.9114441,172.1553134,122.5776567,96.49182561,79.87874659,224.3719346,223.0122616,217.9564033,214.866485,235.1716621,279.5762943,63.57629428,63.73978202,63.69209809,64.5599455,67.00953678,70.52179837,384.1839237,223.3501362,153.9768392,102.3841962,59.81743869,44.06811989
2007,SDPL,44.8,144.4,158.6,37.4,121.3,38.4,115.4,9.335294118,14.82588235,20.08647059,22.57705882,20.44117647,18.90411765,11.49117647,6,10,7,2,12,6,6,4,8,5,2,7,4,6,271.0764706,129.1058824,21.99411765,5.264705882,20.95882353,47.97058824,219.5058824,2.276470588,21.43529412,74.58823529,136.8529412,99.22941176,42.97647059,9.452941176,14.27247956,13.9373297,13.93051771,16.05040872,24.30517711,34.18256131,288.0217984,290.972752,305.8978202,319.5490463,316.2152589,288.8964578,487.5762943,485.9918256,476.1103542,465.5776567,448.5517711,431.5435967,454.619891,233.9114441,172.1553134,122.5776567,96.49182561,79.87874659,224.3719346,223.0122616,217.9564033,214.866485,235.1716621,279.5762943,63.57629428,63.73978202,63.69209809,64.5599455,67.00953678,70.52179837,384.1839237,223.3501362,153.9768392,102.3841962,59.81743869,44.06811989
2004,MNDE,27.7,132.8,97.7,86.2,65.5,83.20588235,56.64705882,8.2,11.93,17.31,21.51,17.52,17.41764706,10.06470588,4,12,12,10,11,11,7.294117647,2,9,9,6,6,9,4.882352941,292.6,203.3,51.8,12.8,53.3,64.48823529,258.3529412,0,4.7,25,104.9,28.3,52.9,6.676470588,80,84,78,85,100,101,321,319,378,397,392,382,435,441,403,392,407,409,485,295,220,146,113,104,245,240,219,210,201,209,70,71,72,75,76,77,555,404,282,108,90,82
2001,IARO,103.4,176.7,98.6,127.3,38.4,162.3117647,60.32941176,12.89,17.39,21.12,25.8,23.91,18.33470588,11.58470588,10,20,13,10,4,9,6.764705882,7,14,9,6,3,7,4.352941176,179.9,68.6,23.1,0,0.5,48.72941176,204.2411765,16.5,39.2,106.9,223.4,173.3,41.3,7.594117647,14.27247956,13.9373297,13.93051771,16.05040872,24.30517711,34.18256131,288.0217984,290.972752,305.8978202,319.5490463,316.2152589,288.8964578,487.5762943,485.9918256,476.1103542,465.5776567,448.5517711,431.5435967,454.619891,233.9114441,172.1553134,122.5776567,96.49182561,79.87874659,224.3719346,223.0122616,217.9564033,214.866485,235.1716621,279.5762943,63.57629428,63.73978202,63.69209809,64.5599455,67.00953678,70.52179837,384.1839237,223.3501362,153.9768392,102.3841962,59.81743869,44.06811989
2004,NEHA,42.2,99.8,52.2,112.3,42.38823529,81.95882353,62.90588235,11.46,17.43,20.22,22.68,21.44588235,17.38117647,10.47941176,6,16,10,14,6,5.764705882,7.058823529,5,9,5,7,4,3.941176471,4.411764706,212.8,73.9,23,3.9,13.80588235,72.07058824,246.1647059,6.7,45.8,79.6,138.5,115,67.65294118,8.023529412,14.27247956,13.9373297,13.93051771,16.05040872,24.30517711,34.18256131,288.0217984,290.972752,305.8978202,319.5490463,316.2152589,288.8964578,487.5762943,485.9918256,476.1103542,465.5776567,448.5517711,431.5435967,454.619891,233.9114441,172.1553134,122.5776567,96.49182561,79.87874659,224.3719346,223.0122616,217.9564033,214.866485,235.1716621,279.5762943,63.57629428,63.73978202,63.69209809,64.5599455,67.00953678,70.52179837,384.1839237,223.3501362,153.9768392,102.3841962,59.81743869,44.06811989
2003,ILPG,73.21764706,118.0470588,67.16470588,110.4411765,101.6352941,105.9,76.18235294,11.22647059,17.22588235,21.31058824,23.31764706,22.53882353,19.74058824,11.14588235,8.529411765,12.35294118,8.529411765,8.705882353,9.411764706,5.411764706,7.058823529,5.529411765,8.352941176,4.823529412,6.705882353,6.117647059,4.176470588,5.294117647,221.1117647,78.14117647,15.05294118,1.170588235,6.694117647,30.82352941,206.1,10.15294118,44.27647059,104.0470588,155.4941176,147.1352941,62.97058824,12.72352941,23,24,23,26,37,80,300,309,328,357,369,256,593,589,577,546,379,353,1354,509,441,367,256,240,107,103,95,97,252,390,62,62,62,60,64,70,402,268,213,290,260,198
2002,ILRC,98.9,115.7,131.9,22.8,149.1,77,99.18823529,9.08,12.61,22.11,24.35,23.08,17.97529412,10.32882353,13,8,7,5,9,8,9.411764706,9,7,5,5,5,5,6.352941176,276.3,186.1,7.5,0,0,57.44117647,245.6705882,20.2,16.7,118.4,186.5,142.4,80.8,10.48823529,6,6,6,8,29,74,359,354,362,353,326,287,560,564,553,560,531,495,727,365,215,174,82,69,82,81,85,87,143,218,63,62,61,60,64,74,376,271,183,127,56,50
2003,ILRC,36.9,155.5,59.6,102.1,10.5,101.7588235,66.22352941,9.5,14.12,19.28,22.74,23.6,17.03058824,10.77058824,10,16,9,10,6,6.941176471,8,5,9,5,8,1,5.117647059,5,269.9,129.3,36,0,0,79.88235294,228.3058824,5,1.2,64.5,136.6,159.5,35.77647059,0.6,6,6,6,8,29,74,359,354,362,353,326,287,560,564,553,560,531,495,727,365,215,174,82,69,82,81,85,87,143,218,63,62,61,60,64,74,376,271,183,127,56,50
2004,ILRC,45.5,191.3,92,84.1,77.6,57.34117647,84.91764706,10.13,16.06,19.83,21.11,18.88,17.30529412,10.38117647,4,17,8,8,10,1,9.470588235,3,15,7,5,9,1,6.058823529,255.8,100.9,25,7.1,38.2,72.34705882,241.0705882,9.6,30.5,69.8,93.2,55.2,51.5,3.841176471,6,6,6,8,29,74,359,354,362,353,326,287,560,564,553,560,531,495,727,365,215,174,82,69,82,81,85,87,143,218,63,62,61,60,64,74,376,271,183,127,56,50
2005,ILRC,38.6,83.1,16.7,43.9,113.4,86.31764706,65.61764706,11.21,13.59,23.21,23.21,22.29,17.80411765,10.73117647,9,9,6,8,8,9,6.705882353,4,6,2,4,4,6,4.117647059,212.9,152.2,5,1.4,1.6,61.44705882,236.0941176,3.1,8.1,151.2,152.6,124.1,78.1,9.217647059,6,6,6,8,29,74,359,354,362,353,326,287,560,564,553,560,531,495,727,365,215,174,82,69,82,81,85,87,143,218,63,62,61,60,64,74,376,271,183,127,56,50
2007,LIRA,88.41176471,121.9470588,71.92352941,116.7529412,84.42941176,78.87647059,80.63529412,11.99588235,17.04352941,22.31882353,24.36647059,24.03411765,17.90470588,10.82823529,9.529411765,11.58823529,8.411764706,9,7.352941176,6.176470588,8.588235294,6.176470588,7.941176471,5.117647059,7.117647059,5.235294118,4.352941176,5.176470588,195.0882353,81.41176471,12.67647059,2.217647059,3.482352941,53.24117647,253.0294118,10.42352941,41.92941176,128.1176471,183.8176471,176.0411765,68.50588235,7.235294118,14.27247956,13.9373297,13.93051771,16.05040872,24.30517711,34.18256131,288.0217984,290.972752,305.8978202,319.5490463,316.2152589,288.8964578,487.5762943,485.9918256,476.1103542,465.5776567,448.5517711,431.5435967,454.619891,233.9114441,172.1553134,122.5776567,96.49182561,79.87874659,224.3719346,223.0122616,217.9564033,214.866485,235.1716621,279.5762943,63.57629428,63.73978202,63.69209809,64.5599455,67.00953678,70.52179837,384.1839237,223.3501362,153.9768392,102.3841962,59.81743869,44.06811989
2003,IARI,124,103.9,109.5,83.2,37.9,114.7411765,68.55294118,8.07,13.02,19.04,21.56,21.5,17.30882353,10.22823529,9,10,14,8,6,5,6.705882353,5,8,9,6,4,4,4.352941176,305.4,163.1,32.2,3.4,5,72.99411765,249.7117647,5.8,1.2,53.4,103.4,103.2,22.7,3.088235294,31,35,32,34,44,42,324,325,333,342,312,303,380,384,384,380,388,427,328,311,224,119,68,50,296,291,283,279,300,270,70,70,71,72,76,77,417,324,173,137,45,31
2005,IARI,78.6,237.1,94,92.3,57.4,118.7764706,66.24705882,10.2,13.06,21.59,22.79,20.24,17.92,10.80941176,10,13,19,10,5,11,7.882352941,6,12,10,8,3,8,5.176470588,244.4,162.6,5,5.9,14.8,57.25882353,238.7529412,0.3,1.7,102.6,139.4,73.8,53.4,4.3,31,35,32,34,44,42,324,325,333,342,312,303,380,384,384,380,388,427,328,311,224,119,68,50,296,291,283,279,300,270,70,70,71,72,76,77,417,324,173,137,45,31
2006,IARI,169.5,33.9,83.4,4.4,206.8,106,64.10588235,10.92,14.76,21.73941176,24.40823529,21.18,14.38,10.37647059,12,10,10,4,11,11,7,7,4,7,0,7,6,4.882352941,210.2,123.4,9.882352941,0.741176471,3.9,114.9,243.1882353,2.5,26.9,110.2117647,184.3470588,86.6,9.2,6.9,31,35,32,34,44,42,324,325,333,342,312,303,380,384,384,380,388,427,328,311,224,119,68,50,296,291,283,279,300,270,70,70,71,72,76,77,417,324,173,137,45,31
2000,MOMI,35.2,72.7,163.5,93.5,79.8,97.37647059,38.29411765,10.97,18.76,21.11,24.05,25.48,19.14235294,11.49352941,8,8,12,13,12,8,6.058823529,3,6,8,8,4,5,3.823529412,213.5,33.8,15.2,0,0.8,42.27058824,196.5,0,48.9,98.6,173.4,222.3,90.4,13.92941176,15,16,16,20,22,46,338,328,354,363,365,367,555,562,544,534,529,517,439,183,152,73,60,47,107,110,102,103,106,116,62,63,62,60,60,62,339,156,102,57,40,26
2001,MOMI,78.74117647,130.4352941,121.6294118,82.88235294,118.9882353,128.2,48.30588235,13.65647059,18.28294118,22.73647059,25.49176471,24.77352941,19.54352941,10.76294118,8.411764706,10.23529412,9.529411765,7.470588235,8.529411765,6.941176471,6.529411765,5.588235294,7.058823529,6.470588235,5.117647059,5.764705882,5.352941176,3.529411765,149.8294118,56.97647059,6.964705882,0.347058824,1.794117647,38.40588235,258.5882353,15.54117647,55.28823529,135.5470588,211.0882353,195,92.95882353,14.45882353,15,16,16,20,22,46,338,328,354,363,365,367,555,562,544,534,529,517,439,183,152,73,60,47,107,110,102,103,106,116,62,63,62,60,60,62,339,156,102,57,40,26
2002,MOMI,108.9,319.6,115.6,101.3,109.5,107.4882353,76.39411765,12.46,15.4,23.77,25.75,24,19.19764706,11.16588235,8,13,4,6,10,5,8.117647059,6,12,3,5,7,4,5.823529412,198.6,108.1,0.3,0,0.3,41.22941176,220.0235294,22.5,17.1,158.7,230,176.1,96.7,12.97647059,15,16,16,20,22,46,338,328,354,363,365,367,555,562,544,534,529,517,439,183,152,73,60,47,107,110,102,103,106,116,62,63,62,60,60,62,339,156,102,57,40,26
2003,MOMI,70.1,126.2,123.1,47.7,68.7,80.23529412,57.85294118,12.02,16.78,20.31,25.33,25.94,18.81176471,11.34352941,12,11,11,2,5,7,6.705882353,6,7,7,2,3,6,4.470588235,171.2,65.3,23.3,0,0,47.41176471,210.5588235,7.7,17.2,79.7,203.2,220.6,27.6,13.47058824,15,16,16,20,22,46,338,328,354,363,365,367,555,562,544,534,529,517,439,183,152,73,60,47,107,110,102,103,106,116,62,63,62,60,60,62,339,156,102,57,40,26
2004,MOMI,87.52352941,132.8058824,111.3176471,82.31176471,132.3235294,128.2,48.30588235,13.23058824,18.37941176,23.04588235,25.35235294,25.34470588,19.54352941,10.76294118,9,10.41176471,9.352941176,6.882352941,9.411764706,6.823529412,6.529411765,6.117647059,6.647058824,6.294117647,4.588235294,5.941176471,4.529411765,3.529411765,162.5294118,54.90588235,5.835294118,0.347058824,1.094117647,38.40588235,258.5882353,14.32352941,55.74117647,143.6705882,212.3176471,213.5647059,89.75882353,14.45882353,15,16,16,20,22,46,338,328,354,363,365,367,555,562,544,534,529,517,439,183,152,73,60,47,107,110,102,103,106,116,62,63,62,60,60,62,339,156,102,57,40,26
2005,MOMI,104.5,94.81176471,72.4,99.90588235,118.8529412,106.5411765,65.37058824,13.31352941,18.57764706,23.17117647,25.48176471,24.04235294,18.62941176,10.23588235,5,10.35294118,4,8.705882353,8.235294118,7.529411765,8.058823529,4,6.352941176,4,5.823529412,5.294117647,5.764705882,5.176470588,170.0941176,62.18823529,3.376470588,0.464705882,2.529411765,53.12941176,254.8,20.20588235,70.86470588,146.1352941,217.7941176,184.3294118,75.85882353,10.04705882,15,16,16,20,22,46,338,328,354,363,365,367,555,562,544,534,529,517,439,183,152,73,60,47,107,110,102,103,106,116,62,63,62,60,60,62,339,156,102,57,40,26
2006,MOMI,88.58235294,132.4235294,118.4588235,87.21764706,131.9588235,128.2,56.69411765,13.38529412,18.27235294,23.03352941,25.24588235,25.20941176,19.45,10.76294118,9.176470588,10.29411765,9.764705882,6.470588235,9.176470588,7.176470588,6.529411765,6.176470588,6.529411765,6.647058824,4.647058824,6.117647059,5,3.705882353,158.5058824,57.36470588,4.941176471,0.347058824,1.029411765,38.40588235,258.5882353,15.02941176,54.75294118,142.1411765,209.5941176,207.8411765,91.60588235,14.34705882,15,16,16,20,22,46,338,328,354,363,365,367,555,562,544,534,529,517,439,183,152,73,60,47,107,110,102,103,106,116,62,63,62,60,60,62,339,156,102,57,40,26
2007,MOMI,69.8,207.3,198.3,35.6,94.1,68.47058824,79.28823529,10.74,20.13,22.69,24.2,27.03,19.99705882,12.10235294,8,14,9,5,7,5,7.941176471,5,6,8,3,5,4,6,236.1,22.5,1.4,0,0,35.01176471,198.8352941,8.3,76.2,132,181.9,269.7,97.7,14.50588235,15,16,16,20,22,46,338,328,354,363,365,367,555,562,544,534,529,517,439,183,152,73,60,47,107,110,102,103,106,116,62,63,62,60,60,62,339,156,102,57,40,26
2004,MICL,54.91764706,116.2352941,87.62941176,88.14705882,83.67647059,95.75882353,71.88235294,9.665294118,14.57176471,20.19647059,21.51176471,21.64764706,17.55,10.82823529,9.235294118,13.64705882,11.29411765,10.52941176,9.529411765,7.411764706,8.823529412,5.235294118,8.823529412,6.588235294,6.470588235,5.882352941,5.058823529,5.823529412,253.2058824,127.9235294,26.67058824,6.835294118,9.017647059,57.14117647,247.6823529,3.641176471,16.32352941,80.8,103.3058824,100.7235294,47.38235294,6.205882353,68,61,62,64,55,70,207,200,210,211,214,197,327,327,325,320,273,270,821,368,375,384,339,324,466,473,465,468,513,533,64,65,65,65,67,72,441,286,210,165,150,153
2000,NDBA,90.68823529,107.7764706,114.1588235,134.7235294,113.5058824,82.61764706,64.35294118,14.59,18.80411765,23.16882353,25.64117647,24.05764706,20.12235294,10.46764706,9.764705882,9.823529412,10.94117647,12.11764706,10.70588235,9.647058824,6.588235294,5.823529412,6.058823529,7.176470588,7.647058824,6.058823529,6.058823529,3.647058824,135.3294118,57.01764706,10.79411765,1.3,5.976470588,33.70588235,247.4823529,25.61176471,71.85882353,155.1470588,225.1,180.9235294,111.5411765,13.14117647,3,3,1,1,2,4,196,196,211,248,269,254,348,347,342,337,384,452,365,213,176,116,95,70,457,457,447,415,346,294,67,70,71,79,81,82,433,272,184,73,33,20
2001,NDBA,85.65294118,107.7764706,114.1588235,134.7235294,121.1529412,82.61764706,64.35294118,14.59,18.87529412,23.28705882,25.60941176,24.02411765,20.12235294,10.46764706,9.764705882,9.823529412,10.94117647,12.11764706,10.58823529,9.411764706,6.588235294,5.764705882,6.058823529,7.176470588,7.647058824,6.117647059,5.705882353,3.647058824,135.3294118,56.18823529,8.635294118,1.3,5.994117647,33.70588235,247.4823529,25.61176471,73.22941176,156.8,224.7588235,179.5764706,109.7294118,13.14117647,3,3,1,1,2,4,196,196,211,248,269,254,348,347,342,337,384,452,365,213,176,116,95,70,457,457,447,415,346,294,67,70,71,79,81,82,433,272,184,73,33,20
2003,NDBA,85.24117647,101.4,103.1882353,125.8470588,123.7529412,82.61764706,64.35294118,13.96411765,18.60411765,23.04058824,25.56176471,23.97058824,20.12235294,10.46764706,9.588235294,9.529411765,10.70588235,11.76470588,10.64705882,9.764705882,6.588235294,5.941176471,5.588235294,7,7.411764706,6.058823529,5.764705882,3.647058824,148.5117647,59.46470588,8.8,1.3,5.994117647,33.70588235,247.4823529,20.16470588,68.21176471,149.5470588,222.8,178.7764706,105.2,13.14117647,3,3,1,1,2,4,196,196,211,248,269,254,348,347,342,337,384,452,365,213,176,116,95,70,457,457,447,415,346,294,67,70,71,79,81,82,433,272,184,73,33,20
2005,NDBA,86.51176471,118.3,107.1,113.7294118,112.5470588,82.61764706,64.35294118,13.21058824,17.74823529,22.60764706,25.53235294,23.99117647,20.12235294,10.46764706,8.882352941,10.17647059,11.52941176,10.82352941,9.941176471,9.411764706,6.529411765,5.823529412,6.117647059,7.117647059,6.529411765,5.529411765,5.352941176,3.647058824,169.6411765,71.96470588,9.288235294,1.3,5.305882353,33.70588235,247.4823529,18.55882353,54.82941176,137.0411765,221.5176471,173.8705882,95.15294118,13.14117647,3,3,1,1,2,4,196,196,211,248,269,254,348,347,342,337,384,452,365,213,176,116,95,70,457,457,447,415,346,294,67,70,71,79,81,82,433,272,184,73,33,20
2006,NDBA,84.84117647,107.5411765,104.5411765,112.1882353,114.1117647,82.61764706,64.35294118,13.10529412,17.77529412,22.53764706,25.43882353,23.83294118,19.88764706,10.46764706,8.705882353,9.823529412,11.41176471,10.58823529,10,8.823529412,6.823529412,5.882352941,5.764705882,7.176470588,6.588235294,5.705882353,5.176470588,4,170.3294118,72.74117647,8.8,1.564705882,5.994117647,33.70588235,247.4823529,15.90588235,56.45294118,134.3176471,218.8705882,167.0588235,94.78823529,13.14117647,3,3,1,1,2,4,196,196,211,248,269,254,348,347,342,337,384,452,365,213,176,116,95,70,457,457,447,415,346,294,67,70,71,79,81,82,433,272,184,73,33,20
2007,NDBA,84.84117647,107.5411765,104.5411765,112.1882353,112.1705882,82.61764706,64.35294118,13.10529412,17.77529412,22.53764706,25.41058824,23.95117647,19.88764706,10.46764706,8.705882353,9.823529412,11.41176471,10.58823529,10,8.823529412,6.823529412,5.882352941,5.764705882,7.176470588,6.588235294,5.705882353,5.176470588,4,170.3294118,72.74117647,8.8,1.564705882,5.994117647,33.70588235,247.4823529,15.90588235,56.45294118,134.3176471,217.9941176,167.0588235,101.6176471,13.14117647,3,3,1,1,2,4,196,196,211,248,269,254,348,347,342,337,384,452,365,213,176,116,95,70,457,457,447,415,346,294,67,70,71,79,81,82,433,272,184,73,33,20
2008,WIUI,109.5,70.8,65.6,100.3,40.9,34.9,40.6,8.931764706,14.42647059,19.90352941,22.65176471,21.21235294,18.41882353,11.17058824,12,12,11,11,4,9,6,8,7,6,9,4,5,5,282.9294118,144.5588235,32.24117647,4.694117647,15.01176471,57.52352941,226.1058824,7.670588235,24.81764706,79.57058824,137.1529412,115.1176471,38.64705882,13.83529412,31,32,35,36,74,107,157,158,161,194,250,189,654,650,652,591,312,298,606,237,97,49,52,51,189,191,187,215,438,513,54,54,52,50,50,53,653,198,84,53,12,9
2007,SDAB,86.9,310.9,61.7,20.3,83.58823529,65.48823529,83.27647059,5.19,15.76,20.51,23.28,20.28176471,18.67882353,10.13235294,10,11,10,10,7,6.823529412,7.705882353,8,6,5,2,3,4.470588235,6.117647059,394.3,97.5,18.9,0.5,22,53.87647059,264.9,0,17.8,84.2,153.9,73.1,40.21176471,7.4,14.27247956,13.9373297,13.93051771,16.05040872,24.30517711,34.18256131,288.0217984,290.972752,305.8978202,319.5490463,316.2152589,288.8964578,487.5762943,485.9918256,476.1103542,465.5776567,448.5517711,431.5435967,454.619891,233.9114441,172.1553134,122.5776567,96.49182561,79.87874659,224.3719346,223.0122616,217.9564033,214.866485,235.1716621,279.5762943,63.57629428,63.73978202,63.69209809,64.5599455,67.00953678,70.52179837,384.1839237,223.3501362,153.9768392,102.3841962,59.81743869,44.06811989
2000,ILNH,49.7,73.1,158.9,162.9,82.6,51.6,52.4,11.74,19.7,21.83,22.91117647,24.36,18.03352941,13.06529412,11,15,11,7,9,3,7,5,10,9,5,6,3,4,197.8,33.9,8.1,2.029411765,0,62.5,100.3,0,76.4,112.9,140.9,186.9,64.92352941,22.3,5,1,1,1,3,3,277,286,292,303,294,240,591,587,580,573,543,290,311,179,152,97,48,40,132,126,128,123,162,470,63,62,61,60,62,68,286,152,154,87,36,11
2002,ILNH,73.71176471,120.0058824,68.60588235,96.87058824,94.21176471,96.04705882,68.5,12.56647059,17.65941176,21.67176471,24.05176471,23.39117647,19.45941176,11.14588235,8.647058824,11.70588235,7.411764706,8.470588235,8.470588235,5.882352941,8,5.529411765,8,4.764705882,5.529411765,6.470588235,4.588235294,4.941176471,184.0764706,70.54705882,11.27647059,0.505882353,3.876470588,35.2,206.1,10.24117647,50.24117647,107.5588235,176.4882353,158.9882353,64.48235294,12.26470588,5,1,1,1,3,3,277,286,292,303,294,240,591,587,580,573,543,290,311,179,152,97,48,40,132,126,128,123,162,470,63,62,61,60,62,68,286,152,154,87,36,11
2003,ILNH,125.8,70.3,127.7,126.9823529,97.54117647,141.2,88.92941176,10.24647059,17.25411765,22.01647059,23.08294118,23.88058824,17.72470588,10.93470588,9.823529412,8.411764706,11.58823529,8,8.235294118,7.352941176,8.117647059,7,5.470588235,8.411764706,6.235294118,5.705882353,5.764705882,5.235294118,242.7882353,77.33529412,9.288235294,0.947058824,1.070588235,70.92941176,224.2294118,6.670588235,46.2,117.1235294,146.8588235,171.9,69.48823529,7.129411765,5,1,1,1,3,3,277,286,292,303,294,240,591,587,580,573,543,290,311,179,152,97,48,40,132,126,128,123,162,470,63,62,61,60,62,68,286,152,154,87,36,11
2005,ILNH,54.6,23.5,18.8,67.28235294,86,71.9,31.8,12.33529412,16.45529412,22.96176471,24.68529412,23.57705882,18.79176471,10.67529412,6,7.647058824,2,7.470588235,8.058823529,8.176470588,5.764705882,4,4.411764706,1,5.176470588,5.529411765,5.941176471,3.176470588,183.4705882,94.57058824,5.876470588,0.258823529,2.176470588,47.25882353,225.9294118,7.070588235,37.13529412,140.4705882,193.8588235,159.2529412,78.88235294,9.317647059,5,1,1,1,3,3,277,286,292,303,294,240,591,587,580,573,543,290,311,179,152,97,48,40,132,126,128,123,162,470,63,62,61,60,62,68,286,152,154,87,36,11
2007,ILNH,79.17647059,79.54705882,69.94705882,107.8823529,92.53529412,105.3647059,68.57058824,11.82588235,17.68941176,21.91529412,23.75352941,23.13470588,19.45941176,11.14588235,8.941176471,10.47058824,7.882352941,9.117647059,8.411764706,6.647058824,7.294117647,6,7.058823529,4.823529412,6.235294118,6.176470588,5,4.470588235,201.6176471,68.67647059,8.664705882,0.541176471,3.205882353,35.2,206.1,8.582352941,49.31176471,112.2882353,167.6529412,161.7705882,63.22352941,12.26470588,5,1,1,1,3,3,277,286,292,303,294,240,591,587,580,573,543,290,311,179,152,97,48,40,132,126,128,123,162,470,63,62,61,60,62,68,286,152,154,87,36,11
2000,IAML,80.28823529,120.0117647,117.4529412,90.28823529,94.52941176,82.02941176,64.51764706,10.53235294,15.73647059,21.07,23.60647059,22.41823529,16.79294118,11.66470588,8.823529412,11.94117647,9.647058824,8.117647059,8.352941176,6.823529412,7.529411765,6.588235294,8.176470588,6.764705882,5.411764706,5.882352941,4.823529412,4.588235294,236.6882353,107.3470588,17.01176471,1.111764706,4.647058824,82.21764706,208.7294118,7.729411765,28.38823529,94.58823529,160.6588235,128.7058824,49.82352941,3.135294118,14.27247956,13.9373297,13.93051771,16.05040872,24.30517711,34.18256131,288.0217984,290.972752,305.8978202,319.5490463,316.2152589,288.8964578,487.5762943,485.9918256,476.1103542,465.5776567,448.5517711,431.5435967,454.619891,233.9114441,172.1553134,122.5776567,96.49182561,79.87874659,224.3719346,223.0122616,217.9564033,214.866485,235.1716621,279.5762943,63.57629428,63.73978202,63.69209809,64.5599455,67.00953678,70.52179837,384.1839237,223.3501362,153.9768392,102.3841962,59.81743869,44.06811989
2000,WIWA,71.40588235,104.5058824,157.1764706,80.96470588,98.41176471,57.07647059,64.74117647,8.243529412,13.24470588,18.93705882,21.55058824,20.24235294,18.6,10.28941176,9.941176471,12.82352941,12.11764706,8.117647059,8.647058824,7.941176471,7.588235294,6,9.176470588,8.235294118,5.647058824,5.588235294,5.411764706,5.588235294,302.7058824,165.7,36.68235294,8.452941176,16.70588235,55.05882353,221.8176471,1.629411765,10.52352941,54.71176471,106.3176471,76.06470588,32.07058824,15.61176471,14.27247956,13.9373297,13.93051771,16.05040872,24.30517711,34.18256131,288.0217984,290.972752,305.8978202,319.5490463,316.2152589,288.8964578,487.5762943,485.9918256,476.1103542,465.5776567,448.5517711,431.5435967,454.619891,233.9114441,172.1553134,122.5776567,96.49182561,79.87874659,224.3719346,223.0122616,217.9564033,214.866485,235.1716621,279.5762943,63.57629428,63.73978202,63.69209809,64.5599455,67.00953678,70.52179837,384.1839237,223.3501362,153.9768392,102.3841962,59.81743869,44.06811989
2002,WIWA,78.07647059,98.51176471,157.1764706,88.43529412,98.41176471,53.22352941,64.74117647,8.059411765,12.85529412,18.95,21.49470588,20.15176471,18.6,10.28941176,9.941176471,12.17647059,12.11764706,8.294117647,8.647058824,8.352941176,7.588235294,6.294117647,9,8.235294118,6.058823529,5.470588235,5.705882353,5.588235294,308.1176471,175.1529412,35.40588235,7.994117647,17.11764706,55.05882353,221.8176471,1.517647059,7.894117647,53.97647059,104.8058824,70.54705882,30.41764706,15.61176471,14.27247956,13.9373297,13.93051771,16.05040872,24.30517711,34.18256131,288.0217984,290.972752,305.8978202,319.5490463,316.2152589,288.8964578,487.5762943,485.9918256,476.1103542,465.5776567,448.5517711,431.5435967,454.619891,233.9114441,172.1553134,122.5776567,96.49182561,79.87874659,224.3719346,223.0122616,217.9564033,214.866485,235.1716621,279.5762943,63.57629428,63.73978202,63.69209809,64.5599455,67.00953678,70.52179837,384.1839237,223.3501362,153.9768392,102.3841962,59.81743869,44.06811989
2008,WIWA,107.8,34.6,354.7,98.2,38.5,85.11176471,59.70588235,8.08,12.52,19.54,21.4,20.15,17.20058824,11.03705882,14,9,12,9,9,13,7.058823529,7,4,8,4,4,5,5.117647059,307.7,184.1,15.3,2.8,3.6,73.42352941,260.3294118,0,3.9,51.4,98,60,23.5,6.288235294,14.27247956,13.9373297,13.93051771,16.05040872,24.30517711,34.18256131,288.0217984,290.972752,305.8978202,319.5490463,316.2152589,288.8964578,487.5762943,485.9918256,476.1103542,465.5776567,448.5517711,431.5435967,454.619891,233.9114441,172.1553134,122.5776567,96.49182561,79.87874659,224.3719346,223.0122616,217.9564033,214.866485,235.1716621,279.5762943,63.57629428,63.73978202,63.69209809,64.5599455,67.00953678,70.52179837,384.1839237,223.3501362,153.9768392,102.3841962,59.81743869,44.06811989
2000,MOSC,69.6,123.7,223.2,54.7,97.9,74.6,60.22352941,10.97470588,19.23,21.46,25.14,23.86176471,20.48,11.99117647,10,6,10,7,7,7,5,6,5,8,5,6,7,4.352941176,219.8823529,37.3,8.1,0,4.105882353,34.4,193.2117647,3.523529412,60.7,101.9,189.7,178.8176471,97,27.6,14.27247956,13.9373297,13.93051771,16.05040872,24.30517711,34.18256131,288.0217984,290.972752,305.8978202,319.5490463,316.2152589,288.8964578,487.5762943,485.9918256,476.1103542,465.5776567,448.5517711,431.5435967,454.619891,233.9114441,172.1553134,122.5776567,96.49182561,79.87874659,224.3719346,223.0122616,217.9564033,214.866485,235.1716621,279.5762943,63.57629428,63.73978202,63.69209809,64.5599455,67.00953678,70.52179837,384.1839237,223.3501362,153.9768392,102.3841962,59.81743869,44.06811989
2001,MOSC,84.44117647,121.0882353,127.8117647,77.78823529,127.4235294,110.1,55.54117647,13.83294118,18.53,22.73176471,25.51764706,25.32882353,19.65058824,10.76294118,9,9.117647059,9.058823529,6.705882353,9,6.588235294,7,6.117647059,6.352941176,6.588235294,4.470588235,6.470588235,5.117647059,3.764705882,150.3058824,53.77647059,6.164705882,0.152941176,1.041176471,36.25294118,258.5882353,19.6,59.95882353,132.9647059,215.0529412,209.5941176,90.48823529,14.32941176,14.27247956,13.9373297,13.93051771,16.05040872,24.30517711,34.18256131,288.0217984,290.972752,305.8978202,319.5490463,316.2152589,288.8964578,487.5762943,485.9918256,476.1103542,465.5776567,448.5517711,431.5435967,454.619891,233.9114441,172.1553134,122.5776567,96.49182561,79.87874659,224.3719346,223.0122616,217.9564033,214.866485,235.1716621,279.5762943,63.57629428,63.73978202,63.69209809,64.5599455,67.00953678,70.52179837,384.1839237,223.3501362,153.9768392,102.3841962,59.81743869,44.06811989
2002,MOSC,132.8,218.6,125.5,7.9,115.3,73.9,83.97647059,11.55117647,16.45,24.02,26.42,25.29,21.37,11.64705882,9,12,7,3,6,4,7.764705882,9,8,6,1,5,4,6,213.1352941,86.9,1.7,0,0,17.8,215.4352941,11.58823529,28.4,159.5,219.4,194.1,108.9,22.4,14.27247956,13.9373297,13.93051771,16.05040872,24.30517711,34.18256131,288.0217984,290.972752,305.8978202,319.5490463,316.2152589,288.8964578,487.5762943,485.9918256,476.1103542,465.5776567,448.5517711,431.5435967,454.619891,233.9114441,172.1553134,122.5776567,96.49182561,79.87874659,224.3719346,223.0122616,217.9564033,214.866485,235.1716621,279.5762943,63.57629428,63.73978202,63.69209809,64.5599455,67.00953678,70.52179837,384.1839237,223.3501362,153.9768392,102.3841962,59.81743869,44.06811989
2008,MNAD,31.9,32.6,153,155.7,37.8,115.7294118,48.19411765,5.21,10.86,17.36,20.55,20.62,16.92411765,10.10823529,7,8,15,9,2,8.176470588,10,5,4,12,9,2,6,9,393.6,232.4,55.5,8.5,12.8,76.11176471,256.8470588,0,0.9,26.3,77.4,83.6,24.22352941,0,13,13,12,12,18,25,245,242,277,272,258,240,274,275,266,271,278,331,417,258,206,126,86,77,481,482,457,457,464,429,74,76,76,78,79,80,528,345,267,140,92,70
2007,IASK,105.2,151.9,44.3,34.6,269.3,70.22941176,94.04117647,8.24,18.27,21.82,23.59,23.11,17.60411765,10.28705882,9,11,6,5,10,6,9.588235294,8,7,4,3,8,3,6.352941176,299.1,49.8,2.5,0.2,0.6,61.8,246.1941176,6.4,47.7,107.2,163.3,142.2,69.2,5.247058824,14.27247956,13.9373297,13.93051771,16.05040872,24.30517711,34.18256131,288.0217984,290.972752,305.8978202,319.5490463,316.2152589,288.8964578,487.5762943,485.9918256,476.1103542,465.5776567,448.5517711,431.5435967,454.619891,233.9114441,172.1553134,122.5776567,96.49182561,79.87874659,224.3719346,223.0122616,217.9564033,214.866485,235.1716621,279.5762943,63.57629428,63.73978202,63.69209809,64.5599455,67.00953678,70.52179837,384.1839237,223.3501362,153.9768392,102.3841962,59.81743869,44.06811989
2008,IASK,89.1,131.2,223.2,132,30.5,115.4235294,55.19411765,7.18,14.26,20.83,23.12,21.67,17.30882353,10.11823529,6,8,12,10,4,11,5.882352941,5,6,8,6,3,7,4,328,132.5,1.1,0,1.1,72.26470588,238.8764706,0,6.4,70.7,148.5,99.9,26.5,4.576470588,14.27247956,13.9373297,13.93051771,16.05040872,24.30517711,34.18256131,288.0217984,290.972752,305.8978202,319.5490463,316.2152589,288.8964578,487.5762943,485.9918256,476.1103542,465.5776567,448.5517711,431.5435967,454.619891,233.9114441,172.1553134,122.5776567,96.49182561,79.87874659,224.3719346,223.0122616,217.9564033,214.866485,235.1716621,279.5762943,63.57629428,63.73978202,63.69209809,64.5599455,67.00953678,70.52179837,384.1839237,223.3501362,153.9768392,102.3841962,59.81743869,44.06811989
2007,ILML,115.5,21.3,82.4,145.9,92.4,93.73529412,68.92352941,8.94,19.3,22.02,21.7,24.46,17.97352941,10.56647059,9,5,12,9,9,4,8,8,4,8,7,5,3,4.588235294,283.8,33,5.3,0.6,0,60.11176471,229.1235294,2,60.8,110.9,104.9,190,86.1,6.882352941,14.27247956,13.9373297,13.93051771,16.05040872,24.30517711,34.18256131,288.0217984,290.972752,305.8978202,319.5490463,316.2152589,288.8964578,487.5762943,485.9918256,476.1103542,465.5776567,448.5517711,431.5435967,454.619891,233.9114441,172.1553134,122.5776567,96.49182561,79.87874659,224.3719346,223.0122616,217.9564033,214.866485,235.1716621,279.5762943,63.57629428,63.73978202,63.69209809,64.5599455,67.00953678,70.52179837,384.1839237,223.3501362,153.9768392,102.3841962,59.81743869,44.06811989
2008,ILML,87.63529412,80.37058824,84.95882353,104.8588235,98.87647059,106.5058824,50.42352941,11.72764706,17.50823529,22.01647059,23.89117647,23.35117647,19.45941176,11.14588235,9.941176471,11.11764706,10.76470588,9.470588235,9.058823529,7.588235294,7.294117647,6.764705882,6.411764706,6.411764706,6.176470588,6.117647059,5.176470588,4.235294118,199.4,76.21176471,8.917647059,0.541176471,3,38.81764706,211.9117647,8.041176471,42.64705882,110.5117647,169.1529412,150.9294118,71.93529412,12.27647059,14.27247956,13.9373297,13.93051771,16.05040872,24.30517711,34.18256131,288.0217984,290.972752,305.8978202,319.5490463,316.2152589,288.8964578,487.5762943,485.9918256,476.1103542,465.5776567,448.5517711,431.5435967,454.619891,233.9114441,172.1553134,122.5776567,96.49182561,79.87874659,224.3719346,223.0122616,217.9564033,214.866485,235.1716621,279.5762943,63.57629428,63.73978202,63.69209809,64.5599455,67.00953678,70.52179837,384.1839237,223.3501362,153.9768392,102.3841962,59.81743869,44.06811989
2000,ARPI,93.78235294,174,102.3,48.8,29.3,58.7,25.4,10.47058824,15.37117647,20.14705882,23.24411765,22.57117647,18.11529412,11.60470588,10.47058824,10,9,4,7,6,5,7.411764706,6,6,3,6,3,3,237.1588235,110.1058824,25.78235294,2.570588235,6.747058824,64.47647059,214.8647059,6.288235294,18.95294118,78.95294118,152.6588235,137.7470588,36.71764706,10.38823529,8,8,7,8,8,7,204,205,254,278,300,321,556,558,540,536,514,449,273,132,99,97,71,66,240,237,207,186,186,230,59,59,59,59,59,63,299,114,75,49,40,34
2001,ARPI,62.8,80.5,75.7,105.2,27.4,106.4,133.8,11.17705882,16.38117647,21.34529412,23.62941176,23.35941176,17.92647059,11.78647059,7,12,6,9,6,6,6,4,10,5,8,4,6,6,225.2823529,108.9117647,14.99411765,1.3,2.335294118,73.68823529,201.1941176,13.07058824,31.66470588,102.6176471,161.5823529,139.4117647,43.5,10.41176471,8,8,7,8,8,7,204,205,254,278,300,321,556,558,540,536,514,449,273,132,99,97,71,66,240,237,207,186,186,230,59,59,59,59,59,63,299,114,75,49,40,34
2002,ARPI,119.7,189,42.1,51.4,38.5,111.1,52.4,11.35294118,15.89294118,20.92647059,23.95588235,22.38,18.76764706,11.81588235,10,11,7,7,5,5,14,8,7,4,3,5,5,6,212.5529412,101.9411765,20.26470588,2.035294118,8.629411765,56.3,212.2,9.341176471,26.96470588,95.99411765,174.5352941,141.6470588,42.15882353,6.382352941,8,8,7,8,8,7,204,205,254,278,300,321,556,558,540,536,514,449,273,132,99,97,71,66,240,237,207,186,186,230,59,59,59,59,59,63,299,114,75,49,40,34
2003,ARPI,116.2,156.2,44.2,131.2,112.1,123.6,73.51764706,10.09647059,15.34823529,21.11588235,23.78588235,21.64529412,19.05764706,11.81588235,8,10,5,6,6,6,7.941176471,4,8,4,5,6,6,5,250.9,117.6411765,18.24705882,3.129411765,15.72941176,60.02352941,210.2588235,6.788235294,26.06470588,100.5705882,171.1529412,104.5,57.52941176,19.61764706,8,8,7,8,8,7,204,205,254,278,300,321,556,558,540,536,514,449,273,132,99,97,71,66,240,237,207,186,186,230,59,59,59,59,59,63,299,114,75,49,40,34
2004,ARPI,124.9,170,45.4,100.4823529,52.8,0.8,111,10.84352941,15.55823529,20.56058824,23.33588235,22.03705882,18.58176471,11.66352941,10,12,11,8.941176471,10,2,14,7,8,5,6.058823529,5,0,7,228.7705882,107.5823529,22.36470588,2.976470588,13.22941176,59.18235294,216.8058824,8.023529412,22.6,87.94117647,156.5411765,122.0764706,48.09411765,10.28823529,8,8,7,8,8,7,204,205,254,278,300,321,556,558,540,536,514,449,273,132,99,97,71,66,240,237,207,186,186,230,59,59,59,59,59,63,299,114,75,49,40,34
2005,ARPI,105.7058824,97.53529412,88.21764706,103.4529412,90.1,122.2058824,66.28235294,17.51823529,22.81823529,25.91235294,27.38117647,26.14058824,18.36823529,11.66470588,8.470588235,9,9.647058824,9.588235294,7.705882353,6.352941176,6.941176471,5.352941176,5.529411765,5.823529412,6.647058824,4.941176471,4.823529412,4.764705882,57.68235294,6.441176471,0.035294118,0,2.252941176,61.14705882,208.7294118,33.15294118,144.6058824,220.5529412,273.1176471,266.6235294,145.5588235,18.52941176,8,8,7,8,8,7,204,205,254,278,300,321,556,558,540,536,514,449,273,132,99,97,71,66,240,237,207,186,186,230,59,59,59,59,59,63,299,114,75,49,40,34
2006,ARPI,75.3,162.3,51.9,188,109.8,341,157,9.877058824,15.36470588,20.01529412,22.28294118,20.46294118,19.16470588,10.90705882,14,16,7,9,9,7,8,9,12,4,7,6,6,7,257.4647059,113.6882353,24.51764706,5.623529412,22.7,48.32941176,218.7882353,6.664705882,23.35882353,73.26470588,125.6647059,86.30588235,51.79411765,19.34705882,8,8,7,8,8,7,204,205,254,278,300,321,556,558,540,536,514,449,273,132,99,97,71,66,240,237,207,186,186,230,59,59,59,59,59,63,299,114,75,49,40,34
2007,ARPI,90.5,133.7,66.3,69.8,1.5,45.9,214.9,9.771764706,14.99705882,20.24529412,23.09823529,22.60058824,17.66294118,11.78647059,11,8,6,5,2,9,9,5,6,4,4,0,5,9,260.9352941,118.1882353,20.83529412,1.411764706,6.576470588,72.42941176,208.5352941,6.958823529,16.00588235,77.45882353,146.5058824,131.7058824,38.62352941,8.488235294,8,8,7,8,8,7,204,205,254,278,300,321,556,558,540,536,514,449,273,132,99,97,71,66,240,237,207,186,186,230,59,59,59,59,59,63,299,114,75,49,40,34
2007,NEPP,116.1,168.6,60.7,61.8,297.1,97.23529412,91.15882353,8.44,18.5,21.54,24.31,23.63,17.92352941,10.26529412,8,13,8,6,15,8,7.764705882,8,11,6,4,12,6,5.588235294,290.7,49.3,7.5,0.5,1.9,64.48823529,255.5705882,7.8,54.4,103.5,186,166.2,52.9,9.752941176,2,1,2,7,10,4,267,260,268,288,295,297,655,662,656,632,624,649,232,191,140,93,73,67,79,78,76,80,81,55,71,72,72,74,76,77,223,163,150,97,67,62
2008,NEPP,122,204.9,186.5,25.7,41.4,112.9,153.8,6.28,14.07,21,22.85764706,21.76,18.10529412,10.03176471,11,12,14,7,4,12,8,7,10,12,4,3,9,8,352.9,139.3,1.1,4.394117647,0,62.62352941,249.4,0,11.5,81.2,143.6705882,106.3,35.14117647,6.4,2,1,2,7,10,4,267,260,268,288,295,297,655,662,656,632,624,649,232,191,140,93,73,67,79,78,76,80,81,55,71,72,72,74,76,77,223,163,150,97,67,62
2004,NEGR,50.3,108.7,128.5,73.7,41.3,80.32941176,36.67058824,9.68,15.41,18.47,21.61,19.94,17.63529412,10.22176471,8,12,11,13,7,7,5.470588235,6,7,8,7,4,5,3.235294118,258.9,118.2,46,12.5,28.6,67.82941176,263.0294118,1.7,27.7,50.2,113,78.4,68.6,6.176470588,14.27247956,13.9373297,13.93051771,16.05040872,24.30517711,34.18256131,288.0217984,290.972752,305.8978202,319.5490463,316.2152589,288.8964578,487.5762943,485.9918256,476.1103542,465.5776567,448.5517711,431.5435967,454.619891,233.9114441,172.1553134,122.5776567,96.49182561,79.87874659,224.3719346,223.0122616,217.9564033,214.866485,235.1716621,279.5762943,63.57629428,63.73978202,63.69209809,64.5599455,67.00953678,70.52179837,384.1839237,223.3501362,153.9768392,102.3841962,59.81743869,44.06811989
2000,ILBE,91.95294118,107.6647059,81.52352941,111.4,125.3,123,83.9,10.66117647,16.18,20.96705882,23.69470588,22.22235294,19.27470588,11.27705882,9.588235294,11.88235294,10.52941176,9,12,10,6,6.764705882,7.588235294,6.058823529,7,8,10,4,233.2588235,102.3529412,14.07647059,1.241176471,7.417647059,52.8,210.2588235,5.747058824,37.68235294,89.77058824,165.9529412,125.8764706,45.6,15.71764706,5,4,5,5,12,24,309,318,353,367,356,284,580,572,537,529,528,417,252,151,111,86,60,52,111,110,109,104,116,299,60,60,59,60,65,73,277,164,121,80,44,23
2002,ILBE,166.1,316.9,65.2,47.3,40.3,75.9,80.9,11.61823529,16.29235294,21.83470588,24.54176471,23.12705882,19.17941176,11.05352941,8,15,10,6,7,6,11,8,13,8,4,5,4,7,204.9411765,94.41764706,13.82352941,0.505882353,1.758823529,40.94117647,245.3529412,9.864705882,31.35882353,114.9529412,189.5647059,145.2764706,59.75294118,9.823529412,5,4,5,5,12,24,309,318,353,367,356,284,580,572,537,529,528,417,252,151,111,86,60,52,111,110,109,104,116,299,60,60,59,60,65,73,277,164,121,80,44,23
2003,ILBE,76,145.5,89.9,77.7,9.1,162.7,56.7,10.22764706,14.82941176,20.10294118,23.21882353,22.87882353,17.70352941,11.56882353,8,13,9,8,4,6,7,6,8,7,6,1,4,4,242.5352941,119.5,24.24705882,1.247058824,3.347058824,71.44117647,200.8941176,7.411764706,12.71764706,75.13529412,149.9529412,137.2411765,37.01176471,4.711764706,5,4,5,5,12,24,309,318,353,367,356,284,580,572,537,529,528,417,252,151,111,86,60,52,111,110,109,104,116,299,60,60,59,60,65,73,277,164,121,80,44,23
2004,ILBE,28.7,136.1,78,86.6,110,0.8,147.1,10.49058824,16.48411765,20.36176471,22.69588235,20.82823529,18.17058824,11.24176471,4,17,12,15,9,1,13,3,12,7,7,7,0,9,238.7823529,92.94705882,21.59411765,3.194117647,16.75294118,49.12941176,219.9705882,8.170588235,36.57647059,80.52941176,135.4117647,91.31176471,47.76470588,9.623529412,5,4,5,5,12,24,309,318,353,367,356,284,580,572,537,529,528,417,252,151,111,86,60,52,111,110,109,104,116,299,60,60,59,60,65,73,277,164,121,80,44,23
2005,ILBE,61.4,110.5,54.4,81.8,80.3,97.3,45,11.08117647,16.15235294,21.21294118,23.82823529,22.63411765,18.46764706,11.34764706,11,7,7,9,11,8,5,6,4,4,9,6,5,2,218.5882353,99.89411765,16.76470588,1.788235294,5.252941176,55.40588235,211.2529412,7.064705882,33.17058824,99.78823529,168.3117647,128.6529412,52.25882353,7.488235294,5,4,5,5,12,24,309,318,353,367,356,284,580,572,537,529,528,417,252,151,111,86,60,52,111,110,109,104,116,299,60,60,59,60,65,73,277,164,121,80,44,23
2006,ILBE,155.5,75.9,58.7,96.7,66.6,25.2,103.7,11.27352941,15.95823529,21.17470588,23.87647059,23.07294118,18.75705882,11.24117647,8,12,10,11,10,5,8,7,6,4,8,5,2,6,213.8176471,104.9411765,15.67058824,0.735294118,2.317647059,51.7,214.1529412,5.747058824,33.72352941,98.77058824,170.5117647,146.7529412,42.09411765,5.670588235,5,4,5,5,12,24,309,318,353,367,356,284,580,572,537,529,528,417,252,151,111,86,60,52,111,110,109,104,116,299,60,60,59,60,65,73,277,164,121,80,44,23
2007,ILBE,59.2,55.7,117.2,63,83.2,162.1,115.2,11.41,16.86705882,22.12352941,23.61,23.79117647,17.89470588,12.06529412,9,8,9,8,10,5,9,8,4,7,4,4,4,6,209.8764706,86.98823529,10.65294118,1.017647059,1.405882353,73.79411765,206.6882353,6.541176471,42.18235294,121.8117647,163.2529412,168.7352941,78.25294118,11.78235294,5,4,5,5,12,24,309,318,353,367,356,284,580,572,537,529,528,417,252,151,111,86,60,52,111,110,109,104,116,299,60,60,59,60,65,73,277,164,121,80,44,23
2008,ILBE,94.7,107.6,221.4,205.2,14.4,227.1,73.8,9.414117647,15.52529412,20.98176471,22.86176471,22.14058824,18.01764706,11.70235294,13,15,9,11,5,10,4,6,10,8,10,2,9,4,265.6529412,105.1705882,10.51764706,1.311764706,2.170588235,61.77647059,192.7882353,2.664705882,20.04117647,87.98823529,137.9647059,121.0764706,52.12941176,13.08823529,5,4,5,5,12,24,309,318,353,367,356,284,580,572,537,529,528,417,252,151,111,86,60,52,111,110,109,104,116,299,60,60,59,60,65,73,277,164,121,80,44,23
2005,ILAB,32.3,46.4,6.7,57.5,75.4,46.6,9.3,12.18705882,15.98058824,22.71941176,24.21705882,23.07294118,19.38764706,11.15529412,9,7,5,10,6,9,4,5,5,1,6,4,6,2,187.0588235,104.1411765,6.541176471,1.023529412,4.352941176,48.62352941,217.2117647,6.358823529,32.47058824,134.4823529,180.3176471,141.2882353,70,9.417647059,14,14,16,22,60,71,340,342,342,361,375,292,602,600,600,582,542,534,876,299,169,125,68,51,59,59,57,57,84,175,63,62,62,62,64,70,433,236,129,101,70,86
2007,ILAB,91,54.9,96,154.7,210.9,10.9,59.3,9.781764706,16.38,21.27529412,23.33529412,22.43058824,19.25352941,10.98235294,10,9,11,9,14,3,10,8,7,8,9,12,2,6,257.9294118,98.26470588,12.11176471,0.447058824,4.229411765,49.8,234.3529412,6.141176471,38.34705882,99.57058824,153.4176471,133.7647059,51.42941176,20.57647059,14,14,16,22,60,71,340,342,342,361,375,292,602,600,600,582,542,534,876,299,169,125,68,51,59,59,57,57,84,175,63,62,62,62,64,70,433,236,129,101,70,86
2008,ILAB,91,146.6,103.4,178.8,67.3,317.3,62.8,10.47470588,14.98352941,20.45235294,22.92294118,22.11352941,19.13,10.85764706,14,15,11,9,6,9,8,8,8,9,7,4,7,4,233.3705882,112.7058824,21.92941176,2.176470588,7.735294118,45.71176471,224.5470588,6.805882353,13.36470588,81.97647059,141.0764706,124.0647059,43.52941176,11.46470588,14,14,16,22,60,71,340,342,342,361,375,292,602,600,600,582,542,534,876,299,169,125,68,51,59,59,57,57,84,175,63,62,62,62,64,70,433,236,129,101,70,86
2003,IAHL,63.3,55.9,135.4,118.6,16.4,98.7,54.01764706,9.85,14.37,19.93941176,22.07,22.67,16.15,11.03764706,7,10,13,10,6,6,5.941176471,5,6,12,6,2,6,3.823529412,251.6,119.1,23.33529412,0.8,0,95.9,216.4235294,5.7,8,69.92352941,105.4,130.2,30.4,2.2,5,5,5,6,7,11,414,425,422,420,422,365,483,480,480,486,473,495,431,256,156,130,92,62,103,94,98,94,105,141,62,62,62,59,63,68,284,217,156,124,33,22
2004,IAHL,30,154.2,51.8,102.7,170.8,73.34705882,93.17058824,10.37,16.4,19.63,20.92,18.81,17.75176471,10.41294118,3,9,9,9,12,2,8.529411765,2,9,6,8,9,2,5.411764706,248.7,96.5,25.8,5.8,28.3,61.82352941,245.8882353,9.7,36.7,61.3,85.9,44.2,45,4.123529412,5,5,5,6,7,11,414,425,422,420,422,365,483,480,480,486,473,495,431,256,156,130,92,62,103,94,98,94,105,141,62,62,62,59,63,68,284,217,156,124,33,22
2005,IAHL,96.34117647,135.0411765,94.84705882,101.3823529,99.96470588,87.74705882,50.24705882,9.823529412,14.95,20.74,22.82941176,21.40764706,17.39235294,11.66470588,8.529411765,11.52941176,9.882352941,8.294117647,8.529411765,6.411764706,6.294117647,6.823529412,7.647058824,7.117647059,6.058823529,5.588235294,4.352941176,4,257.4882353,123.3117647,17.01176471,2.676470588,10.88823529,72.41176471,208.7294118,5.711764706,20.73529412,87.88823529,140.2235294,104.8823529,40.26470588,8.764705882,5,5,5,6,7,11,414,425,422,420,422,365,483,480,480,486,473,495,431,256,156,130,92,62,103,94,98,94,105,141,62,62,62,59,63,68,284,217,156,124,33,22
2006,IAHL,88.1,54.5,34.5,111.6,103.3,85.02352941,53.67647059,12.06,15.65,20.87,24.14,22.17,17.14529412,11.37882353,9,11,11,8,10,8,5.647058824,7,6,3,7,8,5,3.529411765,192.2,124.2,17.6,0,3.3,74.98235294,214.6647059,3.8,42.2,85.9,174.2,114.6,13.7,3.411764706,5,5,5,6,7,11,414,425,422,420,422,365,483,480,480,486,473,495,431,256,156,130,92,62,103,94,98,94,105,141,62,62,62,59,63,68,284,217,156,124,33,22
2008,IAHL,236.3,149.1,170.7,137.0117647,78.78235294,131.6,28.6,8.17,14.47,20.99823529,23.07647059,21.57588235,17.55,9.94,11,9,10.35294118,8.588235294,8.705882353,7,10,11,8,8.235294118,6.235294118,5.411764706,6,4,294.7,118.1,9.711764706,0.370588235,4.711764706,60.04705882,263.3,0,6.7,89.24117647,144.8882353,104.4117647,37.62941176,3,5,5,5,6,7,11,414,425,422,420,422,365,483,480,480,486,473,495,431,256,156,130,92,62,103,94,98,94,105,141,62,62,62,59,63,68,284,217,156,124,33,22
2003,ILOR,100,126.6,70.2,140.1,91.27647059,127.6235294,85.23529412,11.38,15.21,20.19,23.71,23.43294118,17.36647059,10.69352941,12,11,9,11,5,9.705882353,9.352941176,8,8,5,7,3,5.941176471,5.529411765,220.7,107,27.7,0,0.852941176,69.05882353,220.9941176,12,10.3,83.4,166.6,186.3,44.33529412,3.070588235,5,5,6,7,9,12,301,316,327,346,343,288,676,664,654,636,640,691,710,285,168,112,90,71,23,20,19,18,17,22,63,62,61,59,60,66,406,285,173,155,104,95
2004,ILOR,48.4,232.1,53.9,43.2,106.9352941,52.55882353,85.57058824,11.71,17.76,21.08,22.8,20.75823529,18.36588235,10.58588235,6,14,7,6,11,4.529411765,9.352941176,4,14,4,5,9,3,6.411764706,212.2,68.7,10.5,1.1,19.33529412,48.65294118,239.5647059,13.6,50.8,93,139.5,78.3,46.31764706,6.052941176,5,5,6,7,9,12,301,316,327,346,343,288,676,664,654,636,640,691,710,285,168,112,90,71,23,20,19,18,17,22,63,62,61,59,60,66,406,285,173,155,104,95
2005,ILOR,25,72.7,35.8,35.6,83.81176471,78.58823529,65.64117647,12.87,15.3,24.5,25.11,23.46176471,19.44411765,10.46470588,7,8,5,4,8,7.823529412,6.941176471,2,4,3,3,4,5.764705882,4.235294118,170.8,114.3,0,0,0.976470588,37.14705882,232.3176471,6.8,20.3,185,210.1,171.7,78.91764706,10.41764706,5,5,6,7,9,12,301,316,327,346,343,288,676,664,654,636,640,691,710,285,168,112,90,71,23,20,19,18,17,22,63,62,61,59,60,66,406,285,173,155,104,95
2006,ILOR,129.1,43.6,54.4,118.8,109.9294118,84.42941176,76.54705882,13.16,16.83,21.62,26.21,23.31764706,18.74529412,11.33705882,14,9,8,12,12,8,7.647058824,7,4,5,8,9,4.941176471,4.823529412,160.6,98.4,12.8,0,0.629411765,50.67647059,218.0882353,5.3,51.9,111.4,244.3,164.2,42.96470588,10.07058824,5,5,6,7,9,12,301,316,327,346,343,288,676,664,654,636,640,691,710,285,168,112,90,71,23,20,19,18,17,22,63,62,61,59,60,66,406,285,173,155,104,95
2007,ILOR,71.8,43.7,147.1,217.7,107.6176471,113.6588235,80.44117647,9.38,20.18,22.44,23.48,24.13764706,18.10294118,11.09882353,7,7,10,8,13,7.470588235,7.411764706,6,3,8,8,10,5.294117647,5.117647059,279.1,18.4,1.6,0,0.535294118,57.6,208.4235294,10.6,75.7,124.8,159.6,210.2,74.92352941,6.435294118,5,5,6,7,9,12,301,316,327,346,343,288,676,664,654,636,640,691,710,285,168,112,90,71,23,20,19,18,17,22,63,62,61,59,60,66,406,285,173,155,104,95
2008,ILIO,116.3,166.2,146.9,95.6,32.7,239.3,49.2,9.895294118,14.72764706,20.87117647,22.99470588,22.12117647,17.96705882,11.66411765,13,12,12,9,5,10,6,10,11,9,7,5,7,5,251.8,121.1941176,13.91764706,1.164705882,1.923529412,54.51764706,220.3882353,4.976470588,11.91176471,88.21176471,143.3352941,118.3352941,38.75882353,11.81176471,8,8,8,8,9,15,318,314,342,353,348,297,661,664,639,628,634,684,620,234,171,133,79,54,22,21,19,19,17,19,64,64,62,61,62,71,366,303,181,103,43,26
2006,IAHY,144.9,51.6,75.6,8.6,181.8,106.5,69.29411765,10.38,15.33,20.93,24.21,21.78,17.32823529,10.24352941,13,7,14,4,12,12,7.117647059,8,5,8,2,10,5,4.647058824,242.5,134.1,14.2,0,2,64.04705882,239.9470588,3.9,40.9,91.9,182.3,108.7,10.2,5.6,14.27247956,13.9373297,13.93051771,16.05040872,24.30517711,34.18256131,288.0217984,290.972752,305.8978202,319.5490463,316.2152589,288.8964578,487.5762943,485.9918256,476.1103542,465.5776567,448.5517711,431.5435967,454.619891,233.9114441,172.1553134,122.5776567,96.49182561,79.87874659,224.3719346,223.0122616,217.9564033,214.866485,235.1716621,279.5762943,63.57629428,63.73978202,63.69209809,64.5599455,67.00953678,70.52179837,384.1839237,223.3501362,153.9768392,102.3841962,59.81743869,44.06811989
2002,IAOE,85,75.7,111.3,73.3,171.1,63.32941176,87.13529412,7.99,12.83,21.18,23.85,20.71,17.96764706,10.22352941,11,9,9,11,11,8,8.647058824,10,6,6,7,6,4,5.588235294,316.9,179.1,21.7,0.3,8.1,58.40588235,250.5294118,10.9,15,107.2,158.7,77.8,56.5,6.323529412,14.27247956,13.9373297,13.93051771,16.05040872,24.30517711,34.18256131,288.0217984,290.972752,305.8978202,319.5490463,316.2152589,288.8964578,487.5762943,485.9918256,476.1103542,465.5776567,448.5517711,431.5435967,454.619891,233.9114441,172.1553134,122.5776567,96.49182561,79.87874659,224.3719346,223.0122616,217.9564033,214.866485,235.1716621,279.5762943,63.57629428,63.73978202,63.69209809,64.5599455,67.00953678,70.52179837,384.1839237,223.3501362,153.9768392,102.3841962,59.81743869,44.06811989
2003,IAOE,64.8,145.6,109.6,151.7,11.7,61.6,28.5,9.736470588,14.55235294,20.41588235,22.94529412,23.1,17.36941176,11.60470588,9,15,11,12,4,7,6,7,10,8,8,3,6,3,253.5,123.0058824,17.36470588,1.141176471,0,75.08235294,201.1941176,6.511764706,9.5,77.28235294,140.8176471,124.2,38.81764706,7.317647059,14.27247956,13.9373297,13.93051771,16.05040872,24.30517711,34.18256131,288.0217984,290.972752,305.8978202,319.5490463,316.2152589,288.8964578,487.5762943,485.9918256,476.1103542,465.5776567,448.5517711,431.5435967,454.619891,233.9114441,172.1553134,122.5776567,96.49182561,79.87874659,224.3719346,223.0122616,217.9564033,214.866485,235.1716621,279.5762943,63.57629428,63.73978202,63.69209809,64.5599455,67.00953678,70.52179837,384.1839237,223.3501362,153.9768392,102.3841962,59.81743869,44.06811989
2005,IAOE,75.7,47.7,151.7,133.4,115.6,61.1,70.5,12,15.86705882,22.25,22.64,21.06,18.98,11.58235294,8,11.05882353,13,8,8,7,2,4,7.176470588,8,6,5,5,1,168.8,99.63529412,14.21176471,5.5,5.6,41.3,199.3529412,5.3,26.54705882,100.8882353,122.3,90.3,59.4,5.476470588,14.27247956,13.9373297,13.93051771,16.05040872,24.30517711,34.18256131,288.0217984,290.972752,305.8978202,319.5490463,316.2152589,288.8964578,487.5762943,485.9918256,476.1103542,465.5776567,448.5517711,431.5435967,454.619891,233.9114441,172.1553134,122.5776567,96.49182561,79.87874659,224.3719346,223.0122616,217.9564033,214.866485,235.1716621,279.5762943,63.57629428,63.73978202,63.69209809,64.5599455,67.00953678,70.52179837,384.1839237,223.3501362,153.9768392,102.3841962,59.81743869,44.06811989
2003,MNGI,68.24117647,85.17647059,120.7411765,69.23529412,83.56470588,94.82352941,55.35882353,6.941176471,13.19235294,18.98941176,22.04058824,20.04705882,16.64470588,10.68,7.235294118,10.76470588,12.94117647,9.176470588,8.058823529,9.529411765,6,5,7.705882353,8.588235294,6.588235294,5.117647059,6.529411765,3.941176471,340.6588235,166.8117647,35.78823529,6.388235294,20.50588235,81.41764706,245.8235294,1.311764706,9.076470588,54.93529412,120.0705882,73.51764706,32.84705882,5.205882353,14.27247956,13.9373297,13.93051771,16.05040872,24.30517711,34.18256131,288.0217984,290.972752,305.8978202,319.5490463,316.2152589,288.8964578,487.5762943,485.9918256,476.1103542,465.5776567,448.5517711,431.5435967,454.619891,233.9114441,172.1553134,122.5776567,96.49182561,79.87874659,224.3719346,223.0122616,217.9564033,214.866485,235.1716621,279.5762943,63.57629428,63.73978202,63.69209809,64.5599455,67.00953678,70.52179837,384.1839237,223.3501362,153.9768392,102.3841962,59.81743869,44.06811989
2007,MNGI,84,71.6,65.8,44,189.1,85.67647059,65.80588235,6.38,17.11,20.93,22.47,20.37,17.27882353,10.08882353,2,8,8,3,9,6,7.823529412,2,7,6,2,6,5,4.764705882,344,63.3,10.2,2.8,10,70.30588235,265.2117647,0,28.9,85.6,131.2,73.1,36.7,8.270588235,14.27247956,13.9373297,13.93051771,16.05040872,24.30517711,34.18256131,288.0217984,290.972752,305.8978202,319.5490463,316.2152589,288.8964578,487.5762943,485.9918256,476.1103542,465.5776567,448.5517711,431.5435967,454.619891,233.9114441,172.1553134,122.5776567,96.49182561,79.87874659,224.3719346,223.0122616,217.9564033,214.866485,235.1716621,279.5762943,63.57629428,63.73978202,63.69209809,64.5599455,67.00953678,70.52179837,384.1839237,223.3501362,153.9768392,102.3841962,59.81743869,44.06811989
2008,MNGI,80.4,72.9,130.9,50.6,73.76470588,83.4,56.5,5.02,12.95,19.56,22.96,20.85,16.31,8.62,8.294117647,9,10.58823529,7.764705882,6.352941176,8.882352941,7.352941176,6.058823529,6.117647059,7.411764706,5.882352941,4.411764706,6.352941176,4.117647059,399.5,170.3,13.6,0.8,3.5,83,301.1,0,3.4,50.3,144.3,81.6,22.4,0,14.27247956,13.9373297,13.93051771,16.05040872,24.30517711,34.18256131,288.0217984,290.972752,305.8978202,319.5490463,316.2152589,288.8964578,487.5762943,485.9918256,476.1103542,465.5776567,448.5517711,431.5435967,454.619891,233.9114441,172.1553134,122.5776567,96.49182561,79.87874659,224.3719346,223.0122616,217.9564033,214.866485,235.1716621,279.5762943,63.57629428,63.73978202,63.69209809,64.5599455,67.00953678,70.52179837,384.1839237,223.3501362,153.9768392,102.3841962,59.81743869,44.06811989
2001,ONMR,60.49411765,91.92352941,110.4941176,107.0176471,75.72941176,96.35882353,81.44117647,9.387058824,13.53647059,20.08705882,22.08294118,20.13352941,18.6,10.28941176,10.23529412,13.17647059,15.52941176,13.70588235,11.64705882,10.23529412,8.882352941,5.588235294,7.352941176,8.411764706,8,5.941176471,6.647058824,6.117647059,271.1882353,173.3705882,31.8,5.723529412,19.70588235,55.05882353,221.8176471,4.770588235,26.28823529,84.5,121.5176471,87.08823529,35.91764706,16.90588235,59,60,64,70,99,121,315,334,352,377,381,360,432,420,404,397,405,400,771,436,304,317,293,285,254,246,244,226,214,240,67,67,67,69,71,71,883,380,207,98,70,79
2008,ONMR,39.9,76.4,78.2,122.3,110.5,71.04117647,58,7.88,9.91,18,19.64,17.68,16.99411765,10.09,8,15,17,13,9,9,8.117647059,4,6,6,8,5,7,5.529411765,313.7,262.1,51.4,12.5,43.2,75.81176471,258.3529412,0,1,41.4,53.1,22.8,5.5,5.494117647,59,60,64,70,99,121,315,334,352,377,381,360,432,420,404,397,405,400,771,436,304,317,293,285,254,246,244,226,214,240,67,67,67,69,71,71,883,380,207,98,70,79
2006,ILWB,72.36470588,122.6764706,97.07647059,133.6647059,91.17647059,63.54117647,75.77058824,12.04764706,16.14764706,21.80176471,23.49411765,22.66764706,19.74941176,10.85588235,9.058823529,12.41176471,10.58823529,10.17647059,8.176470588,8.470588235,9.176470588,5.941176471,9.352941176,7.058823529,7.294117647,5.705882353,5.588235294,5.058823529,194.6823529,99.03529412,11.9,1.052941176,4.458823529,33.84705882,216.3941176,9.847058824,33.08235294,112.8764706,157.4823529,136.9529412,55.34705882,10.29411765,19,19,18,20,47,69,315,312,329,323,341,309,635,638,624,631,599,599,615,252,155,109,61,34,50,50,48,46,60,92,62,61,60,58,62,72,371,253,186,92,37,21
2007,NECA,75.13529412,99.80588235,93.00588235,71.21764706,92.51764706,86.15294118,72.80588235,10.85882353,16.76529412,21.86470588,24.68588235,22.98352941,20.15764706,10.49411765,8.529411765,9.235294118,9.588235294,7.529411765,8.529411765,6.352941176,6.470588235,6.117647059,5.823529412,6.352941176,5.705882353,6,4.470588235,3.941176471,230.0117647,90.06470588,9.105882353,0.947058824,4.641176471,34.46470588,247.4117647,6.382352941,42.18235294,114.8411765,197.5529412,144.7470588,54.43529412,12.4,10,10,9,11,15,10,225,232,274,273,264,236,394,384,367,359,352,343,296,163,97,71,53,40,381,384,359,367,384,421,68,69,69,74,77,79,277,135,78,48,32,31
2003,PALI,65.6,110.5,152.4,67,75.53529412,80.26470588,55.34117647,9.74,14.25,19.8,23.35,22.35941176,18.19764706,10.09941176,11,18,17,14,18,8.058823529,6.058823529,7,12,10,6,9,5.823529412,4.058823529,258,128.6,36.4,0,4.858823529,58.92941176,262.4705882,0.3,2,80.3,155.4,161.1,40.42352941,11.25294118,14.27247956,13.9373297,13.93051771,16.05040872,24.30517711,34.18256131,288.0217984,290.972752,305.8978202,319.5490463,316.2152589,288.8964578,487.5762943,485.9918256,476.1103542,465.5776567,448.5517711,431.5435967,454.619891,233.9114441,172.1553134,122.5776567,96.49182561,79.87874659,224.3719346,223.0122616,217.9564033,214.866485,235.1716621,279.5762943,63.57629428,63.73978202,63.69209809,64.5599455,67.00953678,70.52179837,384.1839237,223.3501362,153.9768392,102.3841962,59.81743869,44.06811989
2008,PALI,71.7,93.5,69.8,167.2,104.2764706,99.93529412,71.7,11.63,13.97,22.56,23.4,21.70882353,17.63176471,10.85470588,10,17,14,11,10,9.882352941,6.588235294,7,7,7,7,3,5.823529412,4.470588235,201.1,140.4,4.1,0,5.952941176,69.10588235,256.3117647,0,5.3,131.1,157,93.2,41.95294118,10.4,14.27247956,13.9373297,13.93051771,16.05040872,24.30517711,34.18256131,288.0217984,290.972752,305.8978202,319.5490463,316.2152589,288.8964578,487.5762943,485.9918256,476.1103542,465.5776567,448.5517711,431.5435967,454.619891,233.9114441,172.1553134,122.5776567,96.49182561,79.87874659,224.3719346,223.0122616,217.9564033,214.866485,235.1716621,279.5762943,63.57629428,63.73978202,63.69209809,64.5599455,67.00953678,70.52179837,384.1839237,223.3501362,153.9768392,102.3841962,59.81743869,44.06811989
2001,ILPA,63.9,120,45.8,201.5,109.4,118.0470588,109.9294118,14.61,18.84,21.29,24.22,23.84,18.78411765,11.98529412,10,13,7,9,11,7,9.235294118,5,8,4,7,6,4,6.411764706,142.1,49.7,21.9,0.8,0,47.98823529,208.7294118,30.2,65.4,110.7,183.4,170.6,53.1,11.94117647,14.27247956,13.9373297,13.93051771,16.05040872,24.30517711,34.18256131,288.0217984,290.972752,305.8978202,319.5490463,316.2152589,288.8964578,487.5762943,485.9918256,476.1103542,465.5776567,448.5517711,431.5435967,454.619891,233.9114441,172.1553134,122.5776567,96.49182561,79.87874659,224.3719346,223.0122616,217.9564033,214.866485,235.1716621,279.5762943,63.57629428,63.73978202,63.69209809,64.5599455,67.00953678,70.52179837,384.1839237,223.3501362,153.9768392,102.3841962,59.81743869,44.06811989
2003,ILPA,78.68235294,108.1352941,76.40588235,122.0352941,101.9294118,101.0941176,75.63529412,11.32117647,17.44,21.42823529,23.31764706,22.77117647,19.74058824,11.14588235,8,11.76470588,8.647058824,8.882352941,9.941176471,5.058823529,7.117647059,5.470588235,7.764705882,5.058823529,6.823529412,7,4,5.117647059,217.7,74.2,14.05882353,1.170588235,5.270588235,30.82352941,206.1,9.588235294,46.97647059,106.5823529,155.4941176,150.8294118,65.93529412,12.72352941,14.27247956,13.9373297,13.93051771,16.05040872,24.30517711,34.18256131,288.0217984,290.972752,305.8978202,319.5490463,316.2152589,288.8964578,487.5762943,485.9918256,476.1103542,465.5776567,448.5517711,431.5435967,454.619891,233.9114441,172.1553134,122.5776567,96.49182561,79.87874659,224.3719346,223.0122616,217.9564033,214.866485,235.1716621,279.5762943,63.57629428,63.73978202,63.69209809,64.5599455,67.00953678,70.52179837,384.1839237,223.3501362,153.9768392,102.3841962,59.81743869,44.06811989
2004,ILPA,31.5,147.7,57.5,106.3,92.6,26.2,94.60588235,12.51,19.5,21.36,23.1,21.68058824,20.02,10.87529412,5,16,7,11,8,5,10.11764706,3,12,5,7,7,3,6.647058824,187.3,46.9,12.5,1.1,11.80588235,15.5,223.4647059,12.5,83,103.2,148.7,113.6294118,62.7,3.3,14.27247956,13.9373297,13.93051771,16.05040872,24.30517711,34.18256131,288.0217984,290.972752,305.8978202,319.5490463,316.2152589,288.8964578,487.5762943,485.9918256,476.1103542,465.5776567,448.5517711,431.5435967,454.619891,233.9114441,172.1553134,122.5776567,96.49182561,79.87874659,224.3719346,223.0122616,217.9564033,214.866485,235.1716621,279.5762943,63.57629428,63.73978202,63.69209809,64.5599455,67.00953678,70.52179837,384.1839237,223.3501362,153.9768392,102.3841962,59.81743869,44.06811989
2007,ILPA,94.6,27.2,107.6,104.3,155.9,72.55294118,85.15882353,10.17,20.41,23.53,23.08,26.13,19.39411765,11.00352941,9,7,8,10,10,4,8.294117647,8,3,6,7,8,4,5.176470588,248,22.8,0.3,0,0,41.52352941,218.8764706,3.1,87.2,156.2,147.2,241.7,110,13.12941176,14.27247956,13.9373297,13.93051771,16.05040872,24.30517711,34.18256131,288.0217984,290.972752,305.8978202,319.5490463,316.2152589,288.8964578,487.5762943,485.9918256,476.1103542,465.5776567,448.5517711,431.5435967,454.619891,233.9114441,172.1553134,122.5776567,96.49182561,79.87874659,224.3719346,223.0122616,217.9564033,214.866485,235.1716621,279.5762943,63.57629428,63.73978202,63.69209809,64.5599455,67.00953678,70.52179837,384.1839237,223.3501362,153.9768392,102.3841962,59.81743869,44.06811989
2000,TXDU,11.2,23.6,81.9,19.8,2,8.9,131.9,11.69529412,17.46294118,21.97235294,24.73705882,27.5,19.34058824,15.14,3,1,5,3,1,2,7,2,1,4,1,0,2,4,209.5529412,72.87058824,12.85294118,1.529411765,0,45.33529412,115,13.47647059,45.91764706,119.8470588,197.8529412,256.7,85.57647059,25.1,14.27247956,13.9373297,13.93051771,16.05040872,24.30517711,34.18256131,288.0217984,290.972752,305.8978202,319.5490463,316.2152589,288.8964578,487.5762943,485.9918256,476.1103542,465.5776567,448.5517711,431.5435967,454.619891,233.9114441,172.1553134,122.5776567,96.49182561,79.87874659,224.3719346,223.0122616,217.9564033,214.866485,235.1716621,279.5762943,63.57629428,63.73978202,63.69209809,64.5599455,67.00953678,70.52179837,384.1839237,223.3501362,153.9768392,102.3841962,59.81743869,44.06811989
2006,TXDU,105.9,112.3411765,120.0058824,100.6941176,122.5882353,74.03529412,64.74117647,12.98764706,18.11823529,22.75588235,24.96294118,24.35941176,18.6,10.28941176,9.882352941,9.764705882,9.647058824,9,8.176470588,8.411764706,6.764705882,7,7.705882353,6.882352941,6.176470588,5.823529412,6.117647059,4.882352941,178.0882353,70.98823529,8.352941176,0.847058824,3.129411765,55.05882353,221.8176471,21.06470588,63.09411765,137.4,202.6352941,188.4176471,82.15294118,15.61176471,14.27247956,13.9373297,13.93051771,16.05040872,24.30517711,34.18256131,288.0217984,290.972752,305.8978202,319.5490463,316.2152589,288.8964578,487.5762943,485.9918256,476.1103542,465.5776567,448.5517711,431.5435967,454.619891,233.9114441,172.1553134,122.5776567,96.49182561,79.87874659,224.3719346,223.0122616,217.9564033,214.866485,235.1716621,279.5762943,63.57629428,63.73978202,63.69209809,64.5599455,67.00953678,70.52179837,384.1839237,223.3501362,153.9768392,102.3841962,59.81743869,44.06811989
2008,KSSC,41.2,58.9,28,32,32,23.9,125.2,10.02117647,16.46470588,21.99235294,25.03470588,24.64647059,18.29764706,10.87647059,4,5,3,5,8,2,8,4,4,2,4,6,2,7,251.2235294,90.02352941,15.40588235,2.005882353,2.582352941,59.53529412,223.7941176,4.276470588,32.42352941,123.2588235,208.1647059,201.6352941,79.04117647,6.217647059,15,17,17,16,21,26,294,310,322,333,330,320,562,554,549,547,533,522,170,148,106,70,51,45,144,137,128,120,137,158,72,74,77,80,82,82,160,142,83,56,34,22
2000,MNGL,39.4,70.4,318.8,85.76470588,97.4,109.8,56.75882353,6.25,14.56,17.8,22.16764706,21.05,14.9,10.69235294,9,13,16,8.647058824,8,10,10,7,9,11,5.823529412,6,5,6,362.4,127.5,57.1,5.164705882,12.2,107.1,252.7058824,0,10.6,41.1,121.2,96.3,12.6,0,4,3,2,3,4,3,317,315,296,289,302,332,329,329,335,342,344,337,439,279,159,93,64,50,355,356,369,370,353,330,75,77,78,80,81,81,667,325,284,192,164,149
2001,MNGL,72.8,76,62.7,88,56.1,85.36470588,73.81176471,6.87,14.86,19.08,22.74,22.06,17.28117647,9.945882353,8,13,14,11,8,10,7.941176471,6,7,6,9,5,6,4.941176471,348.9,119.5,39.4,6.1,9.9,72.12941176,262.6941176,5,11.9,62.7,142.6,125.5,27.5,5.311764706,4,3,2,3,4,3,317,315,296,289,302,332,329,329,335,342,344,337,439,279,159,93,64,50,355,356,369,370,353,330,75,77,78,80,81,81,667,325,284,192,164,149
2005,MNGL,24.2,121.4529412,101.8,92.58823529,81.09411765,96.58823529,56.07647059,9.71,13.44588235,19.32529412,21.43470588,19.28529412,17.53705882,11.17941176,4,11.52941176,10.88235294,9.235294118,8,7.294117647,7,2,8.529411765,6.882352941,6.941176471,5.235294118,5.764705882,4.058823529,262.2,158.1470588,31.92941176,8.911764706,33.64705882,66.68823529,212.7235294,3.6,11.47058824,61.2,103.5647059,61.4,46.99411765,7.747058824,4,3,2,3,4,3,317,315,296,289,302,332,329,329,335,342,344,337,439,279,159,93,64,50,355,356,369,370,353,330,75,77,78,80,81,81,667,325,284,192,164,149
2006,MNGL,37.7,57.1,29.4,88.65882353,70.00588235,75.1,27.7,10.15,14.98,20.25,22.91058824,21.87,17.53058824,6.1,7,13,10,9.352941176,7.470588235,8.411764706,5,3,4,4,6.529411765,4.823529412,5.529411765,3,245.7,133,15.6,2.652941176,6.894117647,73.01764706,383,0.3,29.2,73,141.6352941,114.4764706,44.29411765,3.6,4,3,2,3,4,3,317,315,296,289,302,332,329,329,335,342,344,337,439,279,159,93,64,50,355,356,369,370,353,330,75,77,78,80,81,81,667,325,284,192,164,149
2008,MNGL,59.4,64,173.8,53.7,71.8,69.4,53.05294118,4.91,12.41,17.72,21.65,21.15,17.20529412,9.945882353,7,11,15,9,8,12,7.941176471,7,6,11,5,5,10,5.058823529,402.7,186.2,52.7,2.5,8.4,73.8,251.9117647,0,2.5,34.2,105.5,95.8,19,4.294117647,4,3,2,3,4,3,317,315,296,289,302,332,329,329,335,342,344,337,439,279,159,93,64,50,355,356,369,370,353,330,75,77,78,80,81,81,667,325,284,192,164,149
2000,NEHE,64.44705882,85.78235294,78.18823529,61,61.99411765,71.84705882,88.1,10.65647059,15.93235294,21.00764706,24.61411765,23.21294118,20.15764706,10.28941176,7.764705882,9.705882353,7.941176471,7.941176471,6.705882353,6.235294118,6.705882353,4.705882353,6.117647059,5.470588235,4.823529412,4.411764706,4.647058824,4.705882353,230.3235294,101.5647059,23.66470588,1.652941176,5.3,34.46470588,231.5235294,5.111764706,28.71176471,103.7117647,192.8941176,152.9235294,55.18823529,11.71764706,14.27247956,13.9373297,13.93051771,16.05040872,24.30517711,34.18256131,288.0217984,290.972752,305.8978202,319.5490463,316.2152589,288.8964578,487.5762943,485.9918256,476.1103542,465.5776567,448.5517711,431.5435967,454.619891,233.9114441,172.1553134,122.5776567,96.49182561,79.87874659,224.3719346,223.0122616,217.9564033,214.866485,235.1716621,279.5762943,63.57629428,63.73978202,63.69209809,64.5599455,67.00953678,70.52179837,384.1839237,223.3501362,153.9768392,102.3841962,59.81743869,44.06811989
2001,NEHE,64.44705882,85.78235294,78.18823529,61,65.13529412,71.84705882,88.1,10.65647059,15.88529412,21.00764706,24.61411765,23.21294118,20.15764706,10.28941176,7.764705882,9.705882353,7.941176471,7.941176471,6.705882353,5.764705882,6.705882353,4.705882353,6.117647059,5.470588235,4.823529412,4.411764706,4.352941176,4.705882353,230.3235294,102.7823529,23.66470588,1.652941176,5.3,34.46470588,231.5235294,5.111764706,28.29411765,103.7117647,192.8941176,152.9235294,58.05294118,11.71764706,14.27247956,13.9373297,13.93051771,16.05040872,24.30517711,34.18256131,288.0217984,290.972752,305.8978202,319.5490463,316.2152589,288.8964578,487.5762943,485.9918256,476.1103542,465.5776567,448.5517711,431.5435967,454.619891,233.9114441,172.1553134,122.5776567,96.49182561,79.87874659,224.3719346,223.0122616,217.9564033,214.866485,235.1716621,279.5762943,63.57629428,63.73978202,63.69209809,64.5599455,67.00953678,70.52179837,384.1839237,223.3501362,153.9768392,102.3841962,59.81743869,44.06811989
2002,NEHE,64.44705882,85.78235294,78.18823529,61,65.13529412,71.84705882,88.1,10.65647059,15.88529412,21.00764706,24.61411765,23.21294118,20.15764706,10.28941176,7.764705882,9.705882353,7.941176471,7.941176471,6.705882353,5.764705882,6.705882353,4.705882353,6.117647059,5.470588235,4.823529412,4.411764706,4.352941176,4.705882353,230.3235294,102.7823529,23.66470588,1.652941176,5.3,34.46470588,231.5235294,5.111764706,28.29411765,103.7117647,192.8941176,152.9235294,58.05294118,11.71764706,14.27247956,13.9373297,13.93051771,16.05040872,24.30517711,34.18256131,288.0217984,290.972752,305.8978202,319.5490463,316.2152589,288.8964578,487.5762943,485.9918256,476.1103542,465.5776567,448.5517711,431.5435967,454.619891,233.9114441,172.1553134,122.5776567,96.49182561,79.87874659,224.3719346,223.0122616,217.9564033,214.866485,235.1716621,279.5762943,63.57629428,63.73978202,63.69209809,64.5599455,67.00953678,70.52179837,384.1839237,223.3501362,153.9768392,102.3841962,59.81743869,44.06811989
2008,INHE,76.6,169.1,216.3,97.6,68.3,84.39411765,62.47058824,11.57,14.93,22.35,23,21.43,18.17882353,11.29058824,10,14,12,8,2,8,7.764705882,8,8,10,7,2,7,5.058823529,208.6,118.3,0,0,1.1,55.84117647,217.5647059,5.9,12.8,120.6,144.8,97.1,50.5,9.170588235,18,18,19,23,40,54,301,321,346,364,361,232,558,546,535,518,475,463,366,202,148,89,70,62,141,132,119,118,163,305,64,63,63,65,71,77,332,181,119,82,49,36
2001,INFL,77.7,88.7,120.3,150.9,145.6,61.4,192.3,11.31235294,17.27705882,21.10588235,23.01411765,22.31941176,17.66882353,11.31117647,10,12,13,10,8,7,12,7,8,11,9,5,4,11,220.4352941,77.77058824,15.90588235,1.694117647,6.152941176,64.07058824,194.2764706,9.082352941,45.61176471,97.4,143.4529412,135.7352941,50.18235294,8.388235294,10,10,10,12,33,75,244,247,270,311,296,167,633,632,610,582,541,402,312,205,180,124,65,52,123,121,120,107,163,430,62,62,62,64,67,77,361,184,175,91,48,41
2004,INFL,30.4,156.4,158,157.3,153.7,34.4,107.7,10.84058824,16.19529412,20.04941176,22.19941176,21.16117647,17.60764706,11.17647059,4,17,13,13,12,4,12,2,13,6,7,9,2,7,222.3529412,101.6235294,22.22941176,3.582352941,14.98235294,56.82352941,213.0647059,6.782352941,36.06470588,72.47058824,121.2941176,100.3411765,38.70588235,9.070588235,10,10,10,12,33,75,244,247,270,311,296,167,633,632,610,582,541,402,312,205,180,124,65,52,123,121,120,107,163,430,62,62,62,64,67,77,361,184,175,91,48,41
2005,INFL,67.5,39.7,92.9,157.7,55.9,177.3,33.1,10.72588235,15.96294118,21.84058824,23.42058824,22.68647059,18.03882353,11.96294118,11,5,9,12,8,9,7,6,3,6,8,4,7,1,222.8411765,105.4470588,12.72352941,2.229411765,2.394117647,65.33529412,206.7058824,5.476470588,35.51176471,114.8647059,157.5058824,135.8058824,58.68235294,8.576470588,10,10,10,12,33,75,244,247,270,311,296,167,633,632,610,582,541,402,312,205,180,124,65,52,123,121,120,107,163,430,62,62,62,64,67,77,361,184,175,91,48,41
2003,ONLO,86.1,104.7,69.2,67.8,42,74.7,51.55882353,6.19,11.68,17.99,22.13,22.13,17.14764706,10.24,12,16,12,13,8,12,6.352941176,5,9,4,4,5,6,4.058823529,364.4,206.3,57.8,2.8,1.6,71.76470588,244.2411765,0,0,47.5,116.1,119.2,36.3,5.329411765,14.27247956,13.9373297,13.93051771,16.05040872,24.30517711,34.18256131,288.0217984,290.972752,305.8978202,319.5490463,316.2152589,288.8964578,487.5762943,485.9918256,476.1103542,465.5776567,448.5517711,431.5435967,454.619891,233.9114441,172.1553134,122.5776567,96.49182561,79.87874659,224.3719346,223.0122616,217.9564033,214.866485,235.1716621,279.5762943,63.57629428,63.73978202,63.69209809,64.5599455,67.00953678,70.52179837,384.1839237,223.3501362,153.9768392,102.3841962,59.81743869,44.06811989
2004,ONLO,34.1,203.5,85.6,140.4,77.3,68.17647059,69.14705882,7.93,13.37,18.49,21.2,19.67,17.59176471,9.97,13,18,13,15,13,4,7.470588235,6,11,9,9,8,2,5.176470588,313.3,163.3,38.6,8.1,22.2,67.35294118,271.3294118,1.1,13.9,43.4,96.9,61.3,64.7,6.682352941,14.27247956,13.9373297,13.93051771,16.05040872,24.30517711,34.18256131,288.0217984,290.972752,305.8978202,319.5490463,316.2152589,288.8964578,487.5762943,485.9918256,476.1103542,465.5776567,448.5517711,431.5435967,454.619891,233.9114441,172.1553134,122.5776567,96.49182561,79.87874659,224.3719346,223.0122616,217.9564033,214.866485,235.1716621,279.5762943,63.57629428,63.73978202,63.69209809,64.5599455,67.00953678,70.52179837,384.1839237,223.3501362,153.9768392,102.3841962,59.81743869,44.06811989
2004,MNCS,24.1,165.9,103.6,119.7,81.7,81.83529412,68.69411765,9.2,13.04,17.74,21.04,17.78,17.46235294,10.31941176,3,8,11,11,10,8,7.529411765,3,8,8,9,6,8,4.647058824,275.6,169.9,51.8,13.8,48,64.52941176,250.0882353,1.6,4.5,34,97.7,30.9,61.8,7.676470588,38,39,39,41,45,69,364,366,375,380,361,357,377,378,377,375,388,389,391,249,252,137,99,85,260,257,249,245,252,254,69,70,70,71,75,77,418,322,212,156,88,48
2008,MNCS,67,80.3,86,23.3,124.1,86.02352941,86.64117647,5.74,12.96,19,22.34,20.43,17.16647059,9.945882353,6,8,5,3,7,10,9.058823529,5,7,4,3,5,8,6.058823529,350.8,164.8,21.4,2,6.9,75.01764706,260.6941176,0,3.9,41.3,122.6,71.9,18.8,5.670588235,38,39,39,41,45,69,364,366,375,380,361,357,377,378,377,375,388,389,391,249,252,137,99,85,260,257,249,245,252,254,69,70,70,71,75,77,418,322,212,156,88,48
2000,IAAM,14.9,98.2,121.9,79.7,74.8,90.78823529,72.47647059,10.33,17.62,20.02,22.13,22.47176471,16.97647059,11.10647059,9,10,18,16,16,6.176470588,7.058823529,2,6,10,6,5,3.764705882,5,240.3,64.6,19.4,5.1,2.976470588,75.54705882,210.5294118,0.3,42.5,70.1,122.7,132.9,48.43529412,4.376470588,25,25,25,32,36,38,285,292,307,312,286,278,447,445,439,436,467,463,289,188,155,98,60,52,268,263,255,252,247,259,66,66,66,66,70,74,288,208,148,82,42,30
2002,IAAM,92.5,98,77.1,119.4,106.3764706,85.45882353,75.55882353,9.41,14.81,22.68,24.42,21.44705882,17.35235294,10.50882353,11,12,7,12,15,7.235294118,7.352941176,7,8,4,8,7,4.705882353,5,278.9,134.5,5.9,0,5.888235294,75.69411765,224.3411765,11.1,25.3,136.2,188.7,76.3,54.02352941,5.611764706,25,25,25,32,36,38,285,292,307,312,286,278,447,445,439,436,467,463,289,188,155,98,60,52,268,263,255,252,247,259,66,66,66,66,70,74,288,208,148,82,42,30
2003,IAAM,115.6,112.3,118.2,165.5,45.98235294,119.6529412,68.32352941,10.21,14.97,20.17,22.62,22.76823529,17.12823529,10.98294118,12,14,13,11,11,6.823529412,5.705882353,10,6,8,6,4,5.117647059,4.058823529,251.1,112.9,20.5,0,2.164705882,76.67647059,210.2588235,7.5,8.6,75.5,128.6,141.3,33.47647059,2.676470588,25,25,25,32,36,38,285,292,307,312,286,278,447,445,439,436,467,463,289,188,155,98,60,52,268,263,255,252,247,259,66,66,66,66,70,74,288,208,148,82,42,30
2006,IAAM,93.5,27.5,35.2,120.7,138.9470588,94.58823529,47.04705882,12.49,16.45,21.6,24.15,22.48411765,17.51705882,11.02176471,10,13,10,12,15,8.823529412,5.294117647,9,3,5,8,9,5.823529412,3.294117647,180,99.3,10,0,2.117647059,73.38235294,222.0058824,4.8,41.1,108,180.4,122.5,21.39411765,7.082352941,25,25,25,32,36,38,285,292,307,312,286,278,447,445,439,436,467,463,289,188,155,98,60,52,268,263,255,252,247,259,66,66,66,66,70,74,288,208,148,82,42,30
2006,KYBG,91.9,103.2,56.9,122.9,116.2,206.4,100.1,9.585882353,15.25705882,20.48764706,23.04411765,21.01176471,18.36,10.57647059,10,11,7,6,11,8,9,9,8,5,6,10,7,6,264.6882353,120.8647059,20.3,2.358823529,14.45882353,54.31176471,237.5,5.511764706,24.27647059,84.44705882,148.1176471,112.5117647,42.17058824,9.852941176,14.27247956,13.9373297,13.93051771,16.05040872,24.30517711,34.18256131,288.0217984,290.972752,305.8978202,319.5490463,316.2152589,288.8964578,487.5762943,485.9918256,476.1103542,465.5776567,448.5517711,431.5435967,454.619891,233.9114441,172.1553134,122.5776567,96.49182561,79.87874659,224.3719346,223.0122616,217.9564033,214.866485,235.1716621,279.5762943,63.57629428,63.73978202,63.69209809,64.5599455,67.00953678,70.52179837,384.1839237,223.3501362,153.9768392,102.3841962,59.81743869,44.06811989
2007,KYBG,92.5,66.3,59.7,78.5,28.4,27.6,195.5,8.920588235,15.26941176,20.82235294,23.33941176,23.30529412,18.09705882,11.27294118,8,6,12,6,4,5,9,8,5,6,6,3,3,8,280.4941176,117.8823529,18.67058824,1.605882353,3.841176471,58.32941176,221.5470588,3.488235294,24.14117647,92.2,152.7705882,156.6,69.96470588,4.976470588,14.27247956,13.9373297,13.93051771,16.05040872,24.30517711,34.18256131,288.0217984,290.972752,305.8978202,319.5490463,316.2152589,288.8964578,487.5762943,485.9918256,476.1103542,465.5776567,448.5517711,431.5435967,454.619891,233.9114441,172.1553134,122.5776567,96.49182561,79.87874659,224.3719346,223.0122616,217.9564033,214.866485,235.1716621,279.5762943,63.57629428,63.73978202,63.69209809,64.5599455,67.00953678,70.52179837,384.1839237,223.3501362,153.9768392,102.3841962,59.81743869,44.06811989
2008,KYBG,146.6,163.1,24.2,140.4,37.1,47.5,100.9,10.84,16.20705882,20.87823529,23.35176471,22.11823529,18.50411765,10.50529412,12,11,3,9,5,3,4,9,9,3,8,3,3,4,223.8352941,100.2352941,17.85294118,1.829411765,6.041176471,49.3,230.0588235,7.017647059,32.75882353,89.98235294,154.0764706,128.5529412,44.14117647,6.547058824,14.27247956,13.9373297,13.93051771,16.05040872,24.30517711,34.18256131,288.0217984,290.972752,305.8978202,319.5490463,316.2152589,288.8964578,487.5762943,485.9918256,476.1103542,465.5776567,448.5517711,431.5435967,454.619891,233.9114441,172.1553134,122.5776567,96.49182561,79.87874659,224.3719346,223.0122616,217.9564033,214.866485,235.1716621,279.5762943,63.57629428,63.73978202,63.69209809,64.5599455,67.00953678,70.52179837,384.1839237,223.3501362,153.9768392,102.3841962,59.81743869,44.06811989
2002,IAWE,130.6,159,84.7,64.5,84,99.41764706,88.22352941,9.68,14.05,22.54,24.77,22.4,17.93705882,11.00411765,13,13,8,7,8,5,8.823529412,11,9,5,6,5,5,6.176470588,275.6,149.2,4.4,0,2.2,52.21764706,228.2529412,15.8,16.3,130.7,199.7,128.4,55.6,5.776470588,10,9,8,10,12,17,368,371,384,414,432,354,539,539,529,509,490,523,511,241,142,108,100,82,92,90,87,77,78,123,63,62,60,58,59,64,294,197,106,95,58,44
2003,IAWE,89.4,75.3,97.7,107.1,30.4,95.27058824,69.26470588,10.33,14.85,19.85,22.97,23.67,16.89411765,10.91176471,11,13,9,8,5,6,6.235294118,7,7,8,5,3,5,4.352941176,249.6,114.1,26.3,0.8,0,81.2,218.3294118,9.5,6.2,71.7,144.6,165.6,33.3,2.958823529,10,9,8,10,12,17,368,371,384,414,432,354,539,539,529,509,490,523,511,241,142,108,100,82,92,90,87,77,78,123,63,62,60,58,59,64,294,197,106,95,58,44
2004,IAWE,103.3647059,117.7352941,100.9117647,87.24705882,95.18235294,71.74117647,68.77647059,10.86529412,15.62411765,21.55588235,23.87352941,23.06352941,17.65647059,11.66470588,11.29411765,12.52941176,9.941176471,8,8.705882353,7.529411765,7.058823529,8.176470588,8,6.352941176,5.588235294,5.764705882,5.235294118,4.647058824,228.7,108.5058824,12.41176471,0.470588235,0.976470588,72.34117647,208.7294118,8.205882353,25.82352941,107.4647059,170.2352941,146.8058824,48.88235294,6.370588235,10,9,8,10,12,17,368,371,384,414,432,354,539,539,529,509,490,523,511,241,142,108,100,82,92,90,87,77,78,123,63,62,60,58,59,64,294,197,106,95,58,44
2005,IAWE,70.1,37.2,83,63.3,71.8,78.14705882,53.87647059,12.84,14.74,23.39,24,22.87,18.4,11.17529412,8,9,9,5,8,6,5.941176471,4,4,7,4,5,5,3.647058824,171.6,125.8,0.3,0.6,0,61.90588235,212.2705882,6.7,14.5,152,176.3,140.7,90.5,8.2,10,9,8,10,12,17,368,371,384,414,432,354,539,539,529,509,490,523,511,241,142,108,100,82,92,90,87,77,78,123,63,62,60,58,59,64,294,197,106,95,58,44
2006,IAWE,80,64.8,49.2,107.4,171.6,82.88235294,68.95882353,12.51,16.36,20.92,24.81,22.91,18.09352941,11.08176471,10,13,13,10,12,10,8.176470588,8,5,5,7,10,5,4.470588235,175.6,109,11.9,0,1.7,61.15882353,226.5411765,4.5,47.7,82.9,200.9,143.6,19.1,8.629411765,10,9,8,10,12,17,368,371,384,414,432,354,539,539,529,509,490,523,511,241,142,108,100,82,92,90,87,77,78,123,63,62,60,58,59,64,294,197,106,95,58,44
2007,IAWE,136,113.8,195.5,152.1,215.3,90.94705882,82.10588235,8.67,18.84,21.81,22.85,24.59,17.80117647,11.05588235,9,11,10,7,13,8,8.823529412,7,9,6,4,10,4,4.823529412,282.1,38.3,2.5,0.6,0,60.3,225.7764706,5.9,54.7,103.5,131.6,194.1,65.2,8.247058824,10,9,8,10,12,17,368,371,384,414,432,354,539,539,529,509,490,523,511,241,142,108,100,82,92,90,87,77,78,123,63,62,60,58,59,64,294,197,106,95,58,44
2008,IAWE,176.2,146.1,208,113.9,85.1,129.3529412,61.95882353,9.23,14.36,21.53,22.28,21.28,17.31470588,10.51411765,16,11,14,13,13,14,7.117647059,9,9,11,10,7,9,4.647058824,273,125.4,2.6,2.3,0,71.53529412,245.3,0,10.3,95.2,119.8,91.4,42.6,3.741176471,10,9,8,10,12,17,368,371,384,414,432,354,539,539,529,509,490,523,511,241,142,108,100,82,92,90,87,77,78,123,63,62,60,58,59,64,294,197,106,95,58,44
2003,KSJO,33.9,30,115.6,31.8,43.5,77.79411765,84.88823529,12.8,17.92,20.99,27.6,25.88,19.22176471,11.06529412,4,3,13,2,7,3,7.352941176,4,2,10,2,6,3,4.882352941,171,52.4,21.9,0,3.6,41.93529412,210.6764706,5,36.1,101.5,287.3,230.4,46.5,13.21176471,10,11,7,6,7,18,194,212,244,269,266,263,363,352,347,358,396,379,154,96,75,64,51,44,443,436,409,373,338,358,71,72,70,79,81,82,143,82,64,47,32,20
2004,KSJO,58.3,27,123.4,78.3,61.7,94.94117647,81.55294118,11.89,19.56,22.01,23.72,22.1,18.85882353,11.13176471,8,5,10,10,5,5,7.882352941,5,5,9,7,5,5,4.823529412,191.6,49.8,9.5,6.6,4.4,42.71764706,219.6529412,3.9,87.9,119.7,173.6,121.2,95.3,10.88235294,10,11,7,6,7,18,194,212,244,269,266,263,363,352,347,358,396,379,154,96,75,64,51,44,443,436,409,373,338,358,71,72,70,79,81,82,143,82,64,47,32,20
2005,KSJO,47.57647059,47.05294118,83.95294118,65.57647059,73.64117647,101.1,87.36470588,11.95882353,17.91823529,22.63058824,25.92117647,24.66352941,18.49058824,10.75352941,6.235294118,6.117647059,8.352941176,6,7.823529412,4.411764706,7.823529412,4.058823529,3.705882353,5.882352941,4.529411765,5.352941176,2.941176471,5.235294118,198.6470588,68.21176471,8.905882353,1.505882353,2.058823529,44.75882353,237.7882353,9.170588235,55.20588235,137.1352941,234.3411765,196.3294118,70.87058824,7.935294118,10,11,7,6,7,18,194,212,244,269,266,263,363,352,347,358,396,379,154,96,75,64,51,44,443,436,409,373,338,358,71,72,70,79,81,82,143,82,64,47,32,20
2006,KSJO,11.4,31.5,71.9,55,120.1,87.51176471,65.72941176,14.14,18.96,24.49,26.45,24.04,19.00705882,11.34352941,2,3,6,7,10,3,6.294117647,2,2,5,6,7,1,3.882352941,143.7,59.4,0,0,0,46.23529412,216.6058824,17.7,79.2,177.6,242,176.8,46.6,12.56470588,10,11,7,6,7,18,194,212,244,269,266,263,363,352,347,358,396,379,154,96,75,64,51,44,443,436,409,373,338,358,71,72,70,79,81,82,143,82,64,47,32,20
2007,KSJO,61.5,10.4,29,75.7,47.8,81.39411765,67.40588235,9.66,18.14,22.4,25.99,27.32,19.51294118,10.85352941,7,4,5,5,4,5,6.411764706,4,2,3,4,2,2,4.176470588,253.6,38.5,6.9,0,0,38.23529412,222.8588235,2,32.8,124.9,214.5,269.7,129.7,11.95882353,10,11,7,6,7,18,194,212,244,269,266,263,363,352,347,358,396,379,154,96,75,64,51,44,443,436,409,373,338,358,71,72,70,79,81,82,143,82,64,47,32,20
2004,MIFA,48.3,178.3,92.6,73,112.1,16.3,86.32941176,8.12,14.25117647,17.85,20.18,19.05,17.59823529,10.02647059,11,19,12,10,10,4,9.882352941,5,13,9,8,7,1,6.117647059,286.1,142.5294118,52.2,12.7,30.6,36.1,254.0823529,1.4,14.32941176,34.1,66.2,51.4,51.6,5.064705882,16,19,14,12,21,25,331,345,354,362,355,365,464,452,444,444,446,413,1191,431,347,332,305,298,205,204,202,194,199,222,73,74,75,77,77,78,471,353,393,197,173,190
2005,MIFA,33.4,71,114.3,85.6,40.7,96.05882353,78.48235294,7.96,12.62,22.02,22.19,21.54,17.23882353,10.01647059,7,11,11,8,6,9,7.705882353,4,7,7,7,5,6,4.823529412,272.4,160.5,11.4,9.8,7.7,71.95882353,260.6470588,2.8,4.6,115.7,126.2,91.1,43.3,7.888235294,16,19,14,12,21,25,331,345,354,362,355,365,464,452,444,444,446,413,1191,431,347,332,305,298,205,204,202,194,199,222,73,74,75,77,77,78,471,353,393,197,173,190
2007,MIFA,87.6,83.3,100.0823529,79.11176471,107.1411765,82.3,77.7,7.945882353,14.20058824,20.25058824,23.23,21.64,18.21,14.69,11,12,10.64705882,7.588235294,7.882352941,7,10,9,8,7.235294118,5.647058824,5.411764706,5,5,310.1470588,144.7058824,22.89411765,2.629411765,7.7,44.2,122.7,4.947058824,18.72352941,79.61764706,153.8352941,109.7294118,39,25.6,16,19,14,12,21,25,331,345,354,362,355,365,464,452,444,444,446,413,1191,431,347,332,305,298,205,204,202,194,199,222,73,74,75,77,77,78,471,353,393,197,173,190
2003,NEAL,150.6,75.8,84.8,9.4,78.55294118,20.3,42.9,9.66,13.48,18.54,24.18,22.49529412,17.50176471,12.44,11,8,12,5,8,4,3,11,5,6,1,5.117647059,3,1,235.7,152.1,36.4,0,3.252941176,73.4,182.5,1.4,4.7,42,169.5,133.4529412,32.15294118,5.6,18,18,19,24,27,25,223,228,207,194,189,179,311,308,310,313,307,292,223,137,80,69,51,43,465,464,483,492,504,529,67,67,68,72,75,76,258,125,83,55,37,28
2004,NEAL,46.1,43,59.5,105.5,41.5,106.1,18.4,9.978235294,15.39,19.94764706,22.73764706,19.55,18.34,10.71,8,9,8,12,7,7,5,4,5,6,10,4,7,2,254.3705882,103.4,26.77058824,4.123529412,36.3,54.9,213.4,4.994117647,21.1,74.88823529,139.8235294,74.1,55,0,18,18,19,24,27,25,223,228,207,194,189,179,311,308,310,313,307,292,223,137,80,69,51,43,465,464,483,492,504,529,67,67,68,72,75,76,258,125,83,55,37,28
2005,NEAL,55.6,77.6,133.2,28.7,108.7,14.6,65.61764706,8.39,14.97941176,20.49,23.83,21.93,18.85,10.01294118,6,8,10,5,8,4,6.705882353,4,4,7,4,4,4,4.764705882,288.4,129.3470588,22.7,6.9,5.6,48.1,268.9,0,26.01176471,87.4,169.9,117.1,64.3,3.9,18,18,19,24,27,25,223,228,207,194,189,179,311,308,310,313,307,292,223,137,80,69,51,43,465,464,483,492,504,529,67,67,68,72,75,76,258,125,83,55,37,28
2006,NEAL,31.9,1.8,93.8,53.5,61.5,35.6,44.23529412,11.09,15.86,21.86,24.81,22.05,17.87529412,10.90470588,7,2,8,8,6,4,6.470588235,3,0,7,4,5,1,4,220.6,117.5,5.3,0,10,64.35294118,247.0764706,3.3,40.8,111.2,200.8,125.2,67.14117647,3.1,18,18,19,24,27,25,223,228,207,194,189,179,311,308,310,313,307,292,223,137,80,69,51,43,465,464,483,492,504,529,67,67,68,72,75,76,258,125,83,55,37,28
2000,ILJA,57.9,68.7,237.1,119.1,81.6,105.0647059,68.20588235,10.29,18.46,20.62,22.64,23.89,17.94,11.51705882,10,8,12,10,13,9,7.058823529,5,5,8,9,8,7,4.647058824,223,47.5,18.3,1.6,0.3,62.71176471,201.7470588,0,54,87,126.6,167,83.5,9.864705882,17,16,15,19,23,38,374,385,408,418,433,361,528,522,506,500,473,514,359,164,113,93,73,57,99,93,86,82,95,125,63,63,62,61,62,66,374,160,108,77,45,30
2004,NCFA,89.9,129.1,79.8,76.9,229.7,93.56470588,93.05882353,16.35,23.37,25.07,26.81,24.66,20.52235294,12.26411765,6,9,11,14,12,10,9.117647059,6,7,9,9,10,8,6.058823529,93.5,10,0,0,0,28.69411765,176.7,34.1,166.3,202,262.9,188.3,130.8,25.11176471,14.27247956,13.9373297,13.93051771,16.05040872,24.30517711,34.18256131,288.0217984,290.972752,305.8978202,319.5490463,316.2152589,288.8964578,487.5762943,485.9918256,476.1103542,465.5776567,448.5517711,431.5435967,454.619891,233.9114441,172.1553134,122.5776567,96.49182561,79.87874659,224.3719346,223.0122616,217.9564033,214.866485,235.1716621,279.5762943,63.57629428,63.73978202,63.69209809,64.5599455,67.00953678,70.52179837,384.1839237,223.3501362,153.9768392,102.3841962,59.81743869,44.06811989
2008,KSDO,45.5,98.7,39.6,29,69.92941176,71.71176471,96.15294118,10.8,17.35,23.91,26.87,25.06,19.16411765,10.35882353,8,9,8,6,11,6.235294118,8.470588235,5,6,5,4,3,4.294117647,5.764705882,234.2,81.5,0.3,0,0.705882353,40.06470588,238.1352941,8.3,51.2,167.4,264.7,217.9,79.87647059,10.13529412,14.27247956,13.9373297,13.93051771,16.05040872,24.30517711,34.18256131,288.0217984,290.972752,305.8978202,319.5490463,316.2152589,288.8964578,487.5762943,485.9918256,476.1103542,465.5776567,448.5517711,431.5435967,454.619891,233.9114441,172.1553134,122.5776567,96.49182561,79.87874659,224.3719346,223.0122616,217.9564033,214.866485,235.1716621,279.5762943,63.57629428,63.73978202,63.69209809,64.5599455,67.00953678,70.52179837,384.1839237,223.3501362,153.9768392,102.3841962,59.81743869,44.06811989
2002,ILSU,77.05882353,130.6235294,95.55294118,94.97647059,93.24117647,66.57058824,71.30588235,12.09529412,16.84529412,22.16470588,24.02470588,23.50647059,19.82764706,10.85588235,9.352941176,12.52941176,10,8.058823529,7.647058824,6,8.882352941,5.823529412,9.176470588,6.823529412,6.117647059,5.411764706,4.588235294,5.352941176,195,82.27058824,11.41176471,0.594117647,1.852941176,29.38235294,213.9411765,10.91764706,37.98823529,122.6823529,174.3764706,160.8529412,69.27647059,11.78823529,17,17,18,23,32,38,304,302,320,316,313,299,641,643,628,634,629,618,538,202,158,111,62,39,55,55,53,50,58,83,62,62,59,60,62,70,364,228,156,81,38,19
2003,ILSU,45.4,113.4,52.5,137.9,7.3,56.3,42.8,10.89470588,16.04411765,21.33411765,23.39588235,22.62411765,17.81117647,11.24176471,9,15,10,11,3,10,9,3,7,5,9,2,5,6,221.8058824,95.28235294,14.54705882,1.970588235,6.035294118,70.86470588,226.4117647,6.835294118,28.37647059,101.3411765,156.6058824,143.3235294,60.74705882,8.041176471,17,17,18,23,32,38,304,302,320,316,313,299,641,643,628,634,629,618,538,202,158,111,62,39,55,55,53,50,58,83,62,62,59,60,62,70,364,228,156,81,38,19
2003,IASA,63.3,55.9,135.4,118.6,16.4,98.7,58.85294118,9.85,14.37,20.19058824,22.07,22.67,16.15,10.82058824,7,10,13,10,6,6,5.941176471,5,6,12,6,2,6,3.529411765,251.6,119.1,21.51764706,0.8,0,95.9,214.0588235,5.7,8,75.42352941,105.4,130.2,30.4,2.2,5,5,5,6,7,11,414,425,422,420,422,365,483,480,480,486,473,495,431,256,156,130,92,62,103,94,98,94,105,141,62,62,62,59,63,68,284,217,156,124,33,22
2004,IASA,30,154.2,51.8,102.7,170.8,81.97647059,99.84117647,10.37,16.4,19.63,20.92,18.81,17.81,10.27294118,3,9,9,9,12,2,9,2,9,6,8,9,2,5.411764706,248.7,96.5,25.8,5.8,28.3,57.03529412,241.1647059,9.7,36.7,61.3,85.9,44.2,45,3.547058824,5,5,5,6,7,11,414,425,422,420,422,365,483,480,480,486,473,495,431,256,156,130,92,62,103,94,98,94,105,141,62,62,62,59,63,68,284,217,156,124,33,22
2005,IASA,100.9705882,120.5529412,108.1235294,104.0176471,110.0058824,89.45882353,71.55882353,9.443529412,14.85529412,20.78588235,22.78411765,21.51529412,16.91,11.66470588,8.647058824,9.823529412,10.47058824,7.882352941,7.823529412,7,7.529411765,7,7.117647059,7.529411765,5.941176471,5.647058824,5.117647059,4.764705882,263.1705882,122.9705882,15.62352941,2.264705882,8.635294118,76.87647059,208.7294118,4.364705882,19.97058824,87.47647059,136.6117647,101.8705882,38.37647059,4.917647059,5,5,5,6,7,11,414,425,422,420,422,365,483,480,480,486,473,495,431,256,156,130,92,62,103,94,98,94,105,141,62,62,62,59,63,68,284,217,156,124,33,22
2006,IASA,88.1,54.5,34.5,111.6,103.3,78.25882353,53.54705882,12.06,15.65,20.87,24.14,22.17,17.41352941,10.82882353,9,11,11,8,10,8,6.882352941,7,6,3,7,8,5,3.588235294,192.2,124.2,17.6,0,3.3,66.31176471,217.8470588,3.8,42.2,85.9,174.2,114.6,13.7,4.6,5,5,5,6,7,11,414,425,422,420,422,365,483,480,480,486,473,495,431,256,156,130,92,62,103,94,98,94,105,141,62,62,62,59,63,68,284,217,156,124,33,22
2007,IASA,100.8,106.9,168.4,106.9,180.5,82.29411765,90.38235294,8.84,18.83,21.13,22.31,23.72,17.85764706,10.64764706,5,8,7,4,12,6,9.294117647,5,5,6,4,11,3,5.647058824,283,37.6,4.4,0.3,0,56.94117647,222.5764706,7.8,52.6,82.8,123.6,161.5,63.5,5.611764706,5,5,5,6,7,11,414,425,422,420,422,365,483,480,480,486,473,495,431,256,156,130,92,62,103,94,98,94,105,141,62,62,62,59,63,68,284,217,156,124,33,22
2008,IASA,236.3,149.1,167.6294118,135.2294118,61.01764706,131.6,28.6,8.17,14.47,21.07764706,23.18764706,21.72705882,17.31529412,9.94,11,9,10.35294118,8.647058824,8.117647059,7,10,11,8,8.235294118,6.117647059,4.764705882,6,4,294.7,118.1,10.15882353,0.370588235,4.576470588,63.24117647,263.3,0,6.7,92.08235294,148.3411765,108.3823529,38.82941176,3,5,5,5,6,7,11,414,425,422,420,422,365,483,480,480,486,473,495,431,256,156,130,92,62,103,94,98,94,105,141,62,62,62,59,63,68,284,217,156,124,33,22
2006,MNMY,218.7,57.4,112.2,45.2,170.1,103.8235294,60.11764706,10.23,15.01,20.11,24.12,21.5,17.29411765,9.659411765,15,8,11,6,13,14,7.823529412,10,5,9,2,7,7,5,243.2,143.4,20.3,0,1.1,79.77647059,265.4,0,40.2,73.7,179.4,99.1,10,9.288235294,4,4,4,9,37,60,320,317,330,338,250,225,504,507,503,498,340,316,491,259,183,103,72,39,177,176,166,163,410,459,69,69,69,69,70,72,387,311,201,111,35,23
2007,MNMY,86.98823529,89.4,120.3411765,79.82352941,103.8411765,104.1,49.11176471,8.005294118,13.74823529,19.69235294,22.51764706,20.99411765,17.35117647,10.43588235,8.647058824,9.941176471,11.52941176,7.294117647,8.647058824,8.882352941,6.352941176,6.117647059,6.764705882,8,5.117647059,5.470588235,5.529411765,3.941176471,306.6529412,155.6823529,22.14117647,2.770588235,9.470588235,73.37647059,252.0647059,2.317647059,16.21176471,62.93529412,130.9176471,90.23529412,32.82941176,9.458823529,4,4,4,9,37,60,320,317,330,338,250,225,504,507,503,498,340,316,491,259,183,103,72,39,177,176,166,163,410,459,69,69,69,69,70,72,387,311,201,111,35,23
2007,ILFC,79.09411765,35.2,133.6,61,37.5,34.6,119.2,10.71058824,16.85294118,21.52058824,23.08588235,23.59529412,17.30764706,11.41705882,8.647058824,10,13,11,6,4,9,5.882352941,4,9,6,5,4,8,234.0352941,85.35294118,11.91176471,1.629411765,3.782352941,73.87058824,223.5411765,5.8,40.55294118,104.8352941,146.3647059,159.3058824,69.93529412,8.782352941,9,9,9,11,23,33,301,303,331,357,353,273,627,628,604,583,582,491,407,227,169,115,74,49,72,70,65,60,65,236,63,63,63,63,67,74,311,219,172,123,81,90
2008,ILFC,64.9,107.1352941,116.8764706,173.3,13.4,190.1,66,10.36647059,15.47411765,21.00764706,23.14588235,22.09294118,18.46,11.52176471,12,11.29411765,10.76470588,15,6,10,5,6,8.529411765,7.176470588,9,1,7,4,238.0411765,102.7117647,17.35294118,1.817647059,8.570588235,65.10588235,199.1470588,6.552941176,18.40588235,93.04705882,149.1058824,130.1,54.91176471,7.082352941,9,9,9,11,23,33,301,303,331,357,353,273,627,628,604,583,582,491,407,227,169,115,74,49,72,70,65,60,65,236,63,63,63,63,67,74,311,219,172,123,81,90
2001,INVI,80.95294118,119.8294118,115.4058824,114.0588235,97.49411765,101.0117647,84.27058824,11.25117647,17.06235294,21.16705882,23.62470588,22.95529412,18.80176471,10.75352941,9.352941176,11.88235294,10.88235294,9.823529412,8.823529412,7.470588235,8.882352941,6.470588235,8.882352941,7.705882353,7,6,5.058823529,5.705882353,212.0764706,84.13529412,16.15882353,1.741176471,6.664705882,40.77058824,237.7882353,5.676470588,45.17058824,100.1941176,163.5411765,142.3,56.64117647,9.1,14.27247956,13.9373297,13.93051771,16.05040872,24.30517711,34.18256131,288.0217984,290.972752,305.8978202,319.5490463,316.2152589,288.8964578,487.5762943,485.9918256,476.1103542,465.5776567,448.5517711,431.5435967,454.619891,233.9114441,172.1553134,122.5776567,96.49182561,79.87874659,224.3719346,223.0122616,217.9564033,214.866485,235.1716621,279.5762943,63.57629428,63.73978202,63.69209809,64.5599455,67.00953678,70.52179837,384.1839237,223.3501362,153.9768392,102.3841962,59.81743869,44.06811989
2002,INVI,83.31764706,118.7,113.4588235,112.9882353,101.9529412,101.0117647,84.27058824,11.14352941,17.04647059,21.19470588,23.46705882,22.95529412,18.80176471,10.75352941,9.117647059,11.64705882,10.82352941,9.529411765,8.882352941,7.647058824,8.882352941,6.529411765,8.941176471,7.705882353,7,6.235294118,5.235294118,5.705882353,212.0764706,85.10588235,16.08235294,1.888235294,6.664705882,40.77058824,237.7882353,5.676470588,45.65882353,100.9411765,158.7941176,149.8117647,56.64117647,9.1,14.27247956,13.9373297,13.93051771,16.05040872,24.30517711,34.18256131,288.0217984,290.972752,305.8978202,319.5490463,316.2152589,288.8964578,487.5762943,485.9918256,476.1103542,465.5776567,448.5517711,431.5435967,454.619891,233.9114441,172.1553134,122.5776567,96.49182561,79.87874659,224.3719346,223.0122616,217.9564033,214.866485,235.1716621,279.5762943,63.57629428,63.73978202,63.69209809,64.5599455,67.00953678,70.52179837,384.1839237,223.3501362,153.9768392,102.3841962,59.81743869,44.06811989
2003,INVI,84.95882353,119.9235294,100.4705882,117.7235294,103.1705882,101.0117647,91.63529412,11.14352941,17.04647059,21.19470588,23.46705882,22.95529412,18.80176471,10.75352941,9.352941176,11.52941176,10.35294118,9.705882353,8.823529412,7.882352941,8.882352941,6.588235294,9,7.352941176,7,6.176470588,5.470588235,5.705882353,211.4117647,85.10588235,16.08235294,1.888235294,6.664705882,40.77058824,237.7882353,6.588235294,45.65882353,100.9411765,158.7941176,149.1294118,56.28823529,9.1,14.27247956,13.9373297,13.93051771,16.05040872,24.30517711,34.18256131,288.0217984,290.972752,305.8978202,319.5490463,316.2152589,288.8964578,487.5762943,485.9918256,476.1103542,465.5776567,448.5517711,431.5435967,454.619891,233.9114441,172.1553134,122.5776567,96.49182561,79.87874659,224.3719346,223.0122616,217.9564033,214.866485,235.1716621,279.5762943,63.57629428,63.73978202,63.69209809,64.5599455,67.00953678,70.52179837,384.1839237,223.3501362,153.9768392,102.3841962,59.81743869,44.06811989
2004,INVI,84.95882353,119.9235294,100.4705882,117.7235294,109.8176471,101.0117647,91.63529412,11.12352941,16.99058824,21.27,23.50882353,22.95529412,18.80176471,10.75352941,9.352941176,11.52941176,10.35294118,9.705882353,9,7.882352941,8.882352941,6.588235294,9,7.352941176,7,6.352941176,5.470588235,5.705882353,212.4352941,85.64117647,15.73529412,1.888235294,6.664705882,40.77058824,237.7882353,7.029411765,44.48235294,103.1117647,160.0882353,138.2,56.28823529,9.1,14.27247956,13.9373297,13.93051771,16.05040872,24.30517711,34.18256131,288.0217984,290.972752,305.8978202,319.5490463,316.2152589,288.8964578,487.5762943,485.9918256,476.1103542,465.5776567,448.5517711,431.5435967,454.619891,233.9114441,172.1553134,122.5776567,96.49182561,79.87874659,224.3719346,223.0122616,217.9564033,214.866485,235.1716621,279.5762943,63.57629428,63.73978202,63.69209809,64.5599455,67.00953678,70.52179837,384.1839237,223.3501362,153.9768392,102.3841962,59.81743869,44.06811989
2007,INVI,82.61176471,107.8176471,91.31176471,110.6529412,104.1647059,101.0117647,91.63529412,11.21882353,17.26176471,21.55411765,23.77411765,22.89882353,18.80176471,10.75352941,9.352941176,10.29411765,9.941176471,9.117647059,9,7.294117647,8.882352941,6.470588235,8.117647059,6.705882353,6.588235294,6.176470588,5,5.705882353,217.7882353,82.4,13.62352941,1.952941176,6.764705882,40.77058824,237.7882353,6.723529412,49.50588235,109.8235294,168.3941176,148.7470588,58.46470588,9.1,14.27247956,13.9373297,13.93051771,16.05040872,24.30517711,34.18256131,288.0217984,290.972752,305.8978202,319.5490463,316.2152589,288.8964578,487.5762943,485.9918256,476.1103542,465.5776567,448.5517711,431.5435967,454.619891,233.9114441,172.1553134,122.5776567,96.49182561,79.87874659,224.3719346,223.0122616,217.9564033,214.866485,235.1716621,279.5762943,63.57629428,63.73978202,63.69209809,64.5599455,67.00953678,70.52179837,384.1839237,223.3501362,153.9768392,102.3841962,59.81743869,44.06811989
2003,MOKI,132.8,62.4,158.5,32,42.3,90.79411765,54.48235294,12.6,16.7,19.9,24.89,26.17,18.74529412,11.71882353,8,9,9,4,8,9,6.647058824,7,4,7,3,5,8,3.823529412,182.9,57.1,27.1,0,0,49.33529412,203.9470588,10.9,13.1,74.1,203.3,243,28.8,11.79411765,7,6,6,7,11,19,294,325,389,438,391,331,611,590,543,504,530,510,479,170,112,87,66,46,95,86,67,58,79,159,61,61,58,56,58,63,408,141,86,61,29,17
2005,NEAI,100.4,121.1,74.8,39.7,90.02941176,77.94117647,64.07058824,12.34,16.39,23.61,25.1,23.59235294,18.87470588,11.09235294,9,10,13,11,12,6.705882353,7.117647059,7,6,8,2,2,4.294117647,4.647058824,185.1,96.2,0.8,2.3,0.629411765,50.17058824,233.8352941,5.3,36.1,159.1,212,134.3,61.62941176,11.57647059,1,0,0,0,4,4,276,273,280,293,292,317,614,616,611,592,592,608,258,188,146,94,68,69,110,111,109,115,116,76,65,65,65,72,76,78,284,173,137,82,59,36
2005,IABO,74.1,83.2,102.3,77.1,174.6,80.31176471,78.10588235,11.98,14.14,22.12,23.76,21.79,17.27882353,11.09941176,11,10,16,8,10,8,7.882352941,5,5,9,6,7,7,5.176470588,195.9,142.7,1.9,3.3,2.7,72.95882353,214.9647059,5.3,12.7,115.7,171.5,108.4,73.8,6.229411765,14.27247956,13.9373297,13.93051771,16.05040872,24.30517711,34.18256131,288.0217984,290.972752,305.8978202,319.5490463,316.2152589,288.8964578,487.5762943,485.9918256,476.1103542,465.5776567,448.5517711,431.5435967,454.619891,233.9114441,172.1553134,122.5776567,96.49182561,79.87874659,224.3719346,223.0122616,217.9564033,214.866485,235.1716621,279.5762943,63.57629428,63.73978202,63.69209809,64.5599455,67.00953678,70.52179837,384.1839237,223.3501362,153.9768392,102.3841962,59.81743869,44.06811989
2007,IABO,176.1,152.2,74.6,58.8,333.2,89.97647059,80.85882353,7.7,17.88,20.84,23.11,23.46,17.33470588,10.28294118,9,12,8,6,17,8,8.647058824,8,8,6,5,12,5,5.470588235,322.4,56.3,5.9,0.3,0.9,67.41176471,250.1176471,3.4,42.2,81,148.4,159.7,50.8,5.623529412,14.27247956,13.9373297,13.93051771,16.05040872,24.30517711,34.18256131,288.0217984,290.972752,305.8978202,319.5490463,316.2152589,288.8964578,487.5762943,485.9918256,476.1103542,465.5776567,448.5517711,431.5435967,454.619891,233.9114441,172.1553134,122.5776567,96.49182561,79.87874659,224.3719346,223.0122616,217.9564033,214.866485,235.1716621,279.5762943,63.57629428,63.73978202,63.69209809,64.5599455,67.00953678,70.52179837,384.1839237,223.3501362,153.9768392,102.3841962,59.81743869,44.06811989
2001,NEOX,75.59411765,88.21176471,71.95294118,69.50588235,62.85294118,65.83529412,93.78823529,11.27529412,16.75294118,21.63588235,24.81411765,23.67,20.37647059,10.28941176,7.588235294,8.882352941,7.882352941,7.588235294,6.470588235,5.529411765,7.117647059,5.235294118,5.588235294,5,5.294117647,4.058823529,4.294117647,5.294117647,212.0647059,89.44705882,14.4,1.482352941,2.835294118,31.84117647,229.0941176,7.535294118,39.2,111.6647059,199.1411765,163.1705882,62.51764706,18.9,14.27247956,13.9373297,13.93051771,16.05040872,24.30517711,34.18256131,288.0217984,290.972752,305.8978202,319.5490463,316.2152589,288.8964578,487.5762943,485.9918256,476.1103542,465.5776567,448.5517711,431.5435967,454.619891,233.9114441,172.1553134,122.5776567,96.49182561,79.87874659,224.3719346,223.0122616,217.9564033,214.866485,235.1716621,279.5762943,63.57629428,63.73978202,63.69209809,64.5599455,67.00953678,70.52179837,384.1839237,223.3501362,153.9768392,102.3841962,59.81743869,44.06811989
2002,NEOX,11.7,40.8,35.6,11.4,48.8,71.76470588,48.79411765,12.3,16.05,22.32705882,25.89,22.84,18.54,6.58,7,6,2,2,6,5.117647059,6.647058824,1,3,2,2,4,3,3.882352941,176.5,103.9294118,11.74117647,0,5.5,59.3,318.4,8.9,33.85294118,131.1294118,215.8,133.2,65.7,0,14.27247956,13.9373297,13.93051771,16.05040872,24.30517711,34.18256131,288.0217984,290.972752,305.8978202,319.5490463,316.2152589,288.8964578,487.5762943,485.9918256,476.1103542,465.5776567,448.5517711,431.5435967,454.619891,233.9114441,172.1553134,122.5776567,96.49182561,79.87874659,224.3719346,223.0122616,217.9564033,214.866485,235.1716621,279.5762943,63.57629428,63.73978202,63.69209809,64.5599455,67.00953678,70.52179837,384.1839237,223.3501362,153.9768392,102.3841962,59.81743869,44.06811989
2003,NEOX,108.4,75.4,152.9,25.7,26.9,35.3,44.39411765,10.07,13.95,19.43,24.97,24.18,18.34235294,10.40529412,10,6,10,6,3,3,5.470588235,7,5,9,4,3,2,3.294117647,230.9,142.7,27.3,0,2.8,54.48235294,253.6823529,8.9,7,57.1,197.9,172.4,60.64117647,12.5,14.27247956,13.9373297,13.93051771,16.05040872,24.30517711,34.18256131,288.0217984,290.972752,305.8978202,319.5490463,316.2152589,288.8964578,487.5762943,485.9918256,476.1103542,465.5776567,448.5517711,431.5435967,454.619891,233.9114441,172.1553134,122.5776567,96.49182561,79.87874659,224.3719346,223.0122616,217.9564033,214.866485,235.1716621,279.5762943,63.57629428,63.73978202,63.69209809,64.5599455,67.00953678,70.52179837,384.1839237,223.3501362,153.9768392,102.3841962,59.81743869,44.06811989
2004,NEOX,34.9,39.1,45.9,163.5,1,72.46470588,45.27647059,12.59,18.65,21.21,22.14,21.69,17.77529412,11.16705882,8,10,8,12,1,7,7.058823529,5,5,5,11,0,7,4.176470588,182.4,60.8,17.2,7.7,7.4,65.20588235,231.0294118,10.1,70.5,100.8,119.5,96.8,63.6,9.276470588,14.27247956,13.9373297,13.93051771,16.05040872,24.30517711,34.18256131,288.0217984,290.972752,305.8978202,319.5490463,316.2152589,288.8964578,487.5762943,485.9918256,476.1103542,465.5776567,448.5517711,431.5435967,454.619891,233.9114441,172.1553134,122.5776567,96.49182561,79.87874659,224.3719346,223.0122616,217.9564033,214.866485,235.1716621,279.5762943,63.57629428,63.73978202,63.69209809,64.5599455,67.00953678,70.52179837,384.1839237,223.3501362,153.9768392,102.3841962,59.81743869,44.06811989
2005,NEOX,42.5,59.7,120.1,37.6,74.33529412,13.2,68.49411765,11.28,15.71,20.4,25.28,23.27411765,20.23,11.08058824,5,6,10,5,7.882352941,1,3,3,5,6,5,5.823529412,1,3,210.9,115.3,20,2.2,3.082352941,34,251.5,4.1,34,81.9,217.7,156.9764706,90.7,19.8,14.27247956,13.9373297,13.93051771,16.05040872,24.30517711,34.18256131,288.0217984,290.972752,305.8978202,319.5490463,316.2152589,288.8964578,487.5762943,485.9918256,476.1103542,465.5776567,448.5517711,431.5435967,454.619891,233.9114441,172.1553134,122.5776567,96.49182561,79.87874659,224.3719346,223.0122616,217.9564033,214.866485,235.1716621,279.5762943,63.57629428,63.73978202,63.69209809,64.5599455,67.00953678,70.52179837,384.1839237,223.3501362,153.9768392,102.3841962,59.81743869,44.06811989
2007,NEOX,132.7,97.7,87.2,123.5,72.9,100.9235294,44.6,8.89,17.79,21.29,24.53,25.25,19.06235294,10.76588235,8,10,6,11,8,5,6.882352941,7,7,5,7,4,4,3.764705882,286.3,45.9,12.6,0,0,44.74705882,224.7352941,3.1,28.6,101.4,192.2,214.3,69.7,15.53529412,14.27247956,13.9373297,13.93051771,16.05040872,24.30517711,34.18256131,288.0217984,290.972752,305.8978202,319.5490463,316.2152589,288.8964578,487.5762943,485.9918256,476.1103542,465.5776567,448.5517711,431.5435967,454.619891,233.9114441,172.1553134,122.5776567,96.49182561,79.87874659,224.3719346,223.0122616,217.9564033,214.866485,235.1716621,279.5762943,63.57629428,63.73978202,63.69209809,64.5599455,67.00953678,70.52179837,384.1839237,223.3501362,153.9768392,102.3841962,59.81743869,44.06811989
2008,ILNM,47.8,75.3,107,182.1,10.4,229.5,48.2,10.61,15.67470588,21.57117647,23.21352941,22.34235294,17.73294118,11.77294118,11,9,10.29411765,9,2,9,5,4,9,6.705882353,9,2,9,5,231.3294118,99.65882353,14.25294118,1.464705882,4.423529412,62.24117647,197.4647059,5.741176471,21.77058824,107.0588235,150.0352941,136.4823529,60.94117647,4.5,14,14,10,11,17,31,295,293,311,340,370,273,542,546,541,530,469,347,382,178,148,98,74,58,163,161,148,130,161,380,58,58,56,56,65,74,328,170,139,83,42,27
2008,ONEM,34.4,54.1,160.6,115.2,56.1,69.23529412,46.83529412,9.86,12.25,20.49,22.5,21.06,17.70294118,10.18117647,9,13,20,11,13,12,6.470588235,6,7,13,10,5,9,4.764705882,254.3,186.9,18.4,3.3,3.1,66.81764706,273.4176471,0,5.2,83.4,132.5,87.5,37.7,6.782352941,60,68,70,75,96,121,242,251,262,290,289,296,487,486,479,447,445,405,551,243,163,162,310,252,272,263,259,262,266,299,70,70,71,74,76,77,581,245,148,73,59,77
2007,ILBN,76.6,69.2,160.9,67.4,53.6,117.9,105.8,10.14352941,16.12058824,21.48176471,22.94117647,23.41411765,17.27705882,11.83411765,9,7,8,5,7,5,8,8,5,7,5,4,2,7,246.8647059,96.56470588,12.01764706,0.858823529,1.094117647,75.37647059,203.3823529,5.335294118,30.12352941,103.6235294,140.0764706,154.6235294,65.02352941,13.81764706,14.27247956,13.9373297,13.93051771,16.05040872,24.30517711,34.18256131,288.0217984,290.972752,305.8978202,319.5490463,316.2152589,288.8964578,487.5762943,485.9918256,476.1103542,465.5776567,448.5517711,431.5435967,454.619891,233.9114441,172.1553134,122.5776567,96.49182561,79.87874659,224.3719346,223.0122616,217.9564033,214.866485,235.1716621,279.5762943,63.57629428,63.73978202,63.69209809,64.5599455,67.00953678,70.52179837,384.1839237,223.3501362,153.9768392,102.3841962,59.81743869,44.06811989
2008,ILBN,88.7,130.5,197.9,307.7,12.2,173,89.8,9.143529412,15.11411765,21.00647059,23.15235294,21.75,17.77764706,11.82411765,8,13,9,12,3,9,5,5,10,5,11,3,8,4,273.7235294,113.2647059,13.12941176,0.847058824,2.929411765,68.60588235,198.9352941,3.988235294,17.02352941,90.65882353,146.2823529,114.3,46.11176471,7.382352941,14.27247956,13.9373297,13.93051771,16.05040872,24.30517711,34.18256131,288.0217984,290.972752,305.8978202,319.5490463,316.2152589,288.8964578,487.5762943,485.9918256,476.1103542,465.5776567,448.5517711,431.5435967,454.619891,233.9114441,172.1553134,122.5776567,96.49182561,79.87874659,224.3719346,223.0122616,217.9564033,214.866485,235.1716621,279.5762943,63.57629428,63.73978202,63.69209809,64.5599455,67.00953678,70.52179837,384.1839237,223.3501362,153.9768392,102.3841962,59.81743869,44.06811989
2002,ILRO,122.6,256.7,45,48.2,26.2,93.14117647,70.24705882,12.56,15.42,23.83,25.61,24.15,19.33058824,11.15294118,10,11,8,5,6,5,8.470588235,10,9,6,5,2,4,6.235294118,196.9,116.1,4.2,0,0,39.61764706,220.8176471,23.6,25.9,162.2,225.5,180.2,99.8,9.205882353,25,24,27,29,30,58,275,269,289,302,311,252,544,554,541,535,507,393,383,128,98,54,53,63,181,178,169,164,182,355,62,62,62,61,62,65,279,133,107,62,47,35
2006,KSKI,55.9,65.6,98,46.8,189.6,80.78823529,77.36470588,15.5,19.09,25.04,27.82,25.92,19.27588235,11.19470588,4,10,7,4,10,6,7.235294118,2,5,6,2,8,4,4.823529412,120.3,66.2,0,0,0,45.35882353,220.8411765,35.4,89.8,201.1,294.2,235.3,36.4,16.97058824,14.27247956,13.9373297,13.93051771,16.05040872,24.30517711,34.18256131,288.0217984,290.972752,305.8978202,319.5490463,316.2152589,288.8964578,487.5762943,485.9918256,476.1103542,465.5776567,448.5517711,431.5435967,454.619891,233.9114441,172.1553134,122.5776567,96.49182561,79.87874659,224.3719346,223.0122616,217.9564033,214.866485,235.1716621,279.5762943,63.57629428,63.73978202,63.69209809,64.5599455,67.00953678,70.52179837,384.1839237,223.3501362,153.9768392,102.3841962,59.81743869,44.06811989
2002,NEPO,42.6,104.7,37.1,37.1,70.3,42.1,75.6,11.08176471,16.81235294,21.31941176,24.32294118,23.41705882,18.26176471,10.75705882,5,11,6,5,9,5,9,4,7,2,2,7,4,9,226.3235294,89.83529412,19.67058824,2.829411765,4.958823529,57.86470588,234.7705882,11.66470588,43.22941176,107.2058824,186.6294118,164.8705882,69.45882353,7.129411765,14.27247956,13.9373297,13.93051771,16.05040872,24.30517711,34.18256131,288.0217984,290.972752,305.8978202,319.5490463,316.2152589,288.8964578,487.5762943,485.9918256,476.1103542,465.5776567,448.5517711,431.5435967,454.619891,233.9114441,172.1553134,122.5776567,96.49182561,79.87874659,224.3719346,223.0122616,217.9564033,214.866485,235.1716621,279.5762943,63.57629428,63.73978202,63.69209809,64.5599455,67.00953678,70.52179837,384.1839237,223.3501362,153.9768392,102.3841962,59.81743869,44.06811989
2003,NEPO,61.2,96.6,104.2,30.8,16.2,136.9,18.1,10.37235294,15.80470588,21.06647059,24.11,22.97647059,17.55529412,11.22941176,6,7,10,5,3,6,3,5,6,7,4,3,6,2,241.4058824,108.2470588,18.04117647,2.805882353,5.211764706,70.23529412,231.9705882,4.276470588,30.12352941,100.0411765,179.8941176,147.1941176,65.41176471,8.3,14.27247956,13.9373297,13.93051771,16.05040872,24.30517711,34.18256131,288.0217984,290.972752,305.8978202,319.5490463,316.2152589,288.8964578,487.5762943,485.9918256,476.1103542,465.5776567,448.5517711,431.5435967,454.619891,233.9114441,172.1553134,122.5776567,96.49182561,79.87874659,224.3719346,223.0122616,217.9564033,214.866485,235.1716621,279.5762943,63.57629428,63.73978202,63.69209809,64.5599455,67.00953678,70.52179837,384.1839237,223.3501362,153.9768392,102.3841962,59.81743869,44.06811989
2004,NEPO,18,68.8,36.6,77.8,21.9,76.7,33.3,10.91,16.70529412,20.26588235,23.47588235,22.70588235,17.65882353,11.51411765,2,8,6,14,4,4,4,2,6,3,9,3,3,3,229.7823529,85.01176471,26.88235294,4.182352941,11.83529412,68.19411765,234.7705882,9.129411765,35.74705882,83.2,162,131.4235294,77.72941176,6.311764706,14.27247956,13.9373297,13.93051771,16.05040872,24.30517711,34.18256131,288.0217984,290.972752,305.8978202,319.5490463,316.2152589,288.8964578,487.5762943,485.9918256,476.1103542,465.5776567,448.5517711,431.5435967,454.619891,233.9114441,172.1553134,122.5776567,96.49182561,79.87874659,224.3719346,223.0122616,217.9564033,214.866485,235.1716621,279.5762943,63.57629428,63.73978202,63.69209809,64.5599455,67.00953678,70.52179837,384.1839237,223.3501362,153.9768392,102.3841962,59.81743869,44.06811989
2005,NEPO,85.6,73.9,120,78.6,80.7,39.1,67.1,10.77235294,15.68058824,21.59882353,24.24352941,23.18235294,18.37176471,10.72823529,7,6,13,4,7,3,5,6,4,8,4,6,2,3,229.5941176,112.4058824,13.38235294,2.2,3.752941176,59.74705882,234.3411765,6.535294118,30.78235294,111.2705882,184.7176471,152.3,71.37647059,13.54117647,14.27247956,13.9373297,13.93051771,16.05040872,24.30517711,34.18256131,288.0217984,290.972752,305.8978202,319.5490463,316.2152589,288.8964578,487.5762943,485.9918256,476.1103542,465.5776567,448.5517711,431.5435967,454.619891,233.9114441,172.1553134,122.5776567,96.49182561,79.87874659,224.3719346,223.0122616,217.9564033,214.866485,235.1716621,279.5762943,63.57629428,63.73978202,63.69209809,64.5599455,67.00953678,70.52179837,384.1839237,223.3501362,153.9768392,102.3841962,59.81743869,44.06811989
2007,NEPO,125.7,131.8,149.9,93.5,166.3,29.8,158.4,11.16941176,14.82,21.21352941,23.74235294,22.41941176,19.07058824,11.47705882,6,9,10,7,7,6,11,5,8,6,5,6,4,10,215.5411765,129.1235294,18.23529412,2.688235294,3.711764706,46.86470588,224.4294118,5.247058824,21.29411765,103.3764706,169.2235294,139.7941176,39.3,15.45294118,14.27247956,13.9373297,13.93051771,16.05040872,24.30517711,34.18256131,288.0217984,290.972752,305.8978202,319.5490463,316.2152589,288.8964578,487.5762943,485.9918256,476.1103542,465.5776567,448.5517711,431.5435967,454.619891,233.9114441,172.1553134,122.5776567,96.49182561,79.87874659,224.3719346,223.0122616,217.9564033,214.866485,235.1716621,279.5762943,63.57629428,63.73978202,63.69209809,64.5599455,67.00953678,70.52179837,384.1839237,223.3501362,153.9768392,102.3841962,59.81743869,44.06811989
2008,NEPO,76.4,214.9,286.6,115.5,21.6,92.11176471,162.1,8.551176471,15.07235294,20.24647059,22.13352941,21.19117647,18.31058824,11.67823529,7,10,11,5,3,6.352941176,7,7,9,8,5,1,4.176470588,4,290.9470588,118.0823529,19.65294118,7.229411765,17.99411765,54.90588235,207.8117647,1.464705882,17.49411765,76.49411765,123.3,105.9117647,51.70588235,8.664705882,14.27247956,13.9373297,13.93051771,16.05040872,24.30517711,34.18256131,288.0217984,290.972752,305.8978202,319.5490463,316.2152589,288.8964578,487.5762943,485.9918256,476.1103542,465.5776567,448.5517711,431.5435967,454.619891,233.9114441,172.1553134,122.5776567,96.49182561,79.87874659,224.3719346,223.0122616,217.9564033,214.866485,235.1716621,279.5762943,63.57629428,63.73978202,63.69209809,64.5599455,67.00953678,70.52179837,384.1839237,223.3501362,153.9768392,102.3841962,59.81743869,44.06811989
2004,INLE,87.7,155.1,109.1,98.8,67.6,11.2,97.1,10.39352941,15.43647059,20.00352941,22.11235294,20.83647059,17.95882353,10.86352941,13,17,12,14,8,3,12,6,11,8,9,5,2,7,238.2941176,112.0294118,24,6.058823529,15.54705882,59.24705882,217.8588235,4.982352941,24.95882353,72.00588235,122.5823529,94.16470588,41.28235294,5.523529412,14.27247956,13.9373297,13.93051771,16.05040872,24.30517711,34.18256131,288.0217984,290.972752,305.8978202,319.5490463,316.2152589,288.8964578,487.5762943,485.9918256,476.1103542,465.5776567,448.5517711,431.5435967,454.619891,233.9114441,172.1553134,122.5776567,96.49182561,79.87874659,224.3719346,223.0122616,217.9564033,214.866485,235.1716621,279.5762943,63.57629428,63.73978202,63.69209809,64.5599455,67.00953678,70.52179837,384.1839237,223.3501362,153.9768392,102.3841962,59.81743869,44.06811989
2004,FLGR,102.1,20.3,157.8,99.6,98.25882353,116.1647059,62.43529412,18.19,24.52,26.99,27.89,27.21941176,21.28294118,12.15235294,6,6,15,10,11,7.764705882,6.882352941,3,3,8,8,5,6.235294118,4.764705882,50,2.3,0,0,0,27.89411765,178.1764706,45.7,187.9,259.7,296.2,265.1,147.1411765,30.25294118,15,16,15,18,18,18,113,116,137,166,218,283,99,98,98,95,88,72,693,101,74,65,39,27,788,787,765,739,695,645,54,54,54,53,53,53,599,101,61,39,14,8
2005,FLGR,195.9,15.3,119.5,0,106.1058824,100.7823529,57.41176471,17.67,22.82,26.76,28.47,27.11882353,20.15176471,12.05764706,11,3,11,0,9,6.764705882,6.352941176,8,3,8,0,8,5.352941176,4.352941176,39.7,2.7,0,0,0,41.15882353,188.7,20.6,141.8,235.8,293.9,292.7,145.5705882,31.37058824,15,16,15,18,18,18,113,116,137,166,218,283,99,98,98,95,88,72,693,101,74,65,39,27,788,787,765,739,695,645,54,54,54,53,53,53,599,101,61,39,14,8
2003,OHPC,51.6,140.2,68.2,217.1,156.9,109.5411765,86.60588235,10.36,15.68,18.94,21.74,22.25,17.27470588,10.13235294,9,13,14,15,9,11,8.294117647,4,11,8,12,5,7,5.882352941,242.1,99.6,41.1,0.8,0,73.22941176,235.3058824,2.8,17.2,59.4,106.4,121.6,18.1,6.5,17,17,18,18,45,68,280,280,327,361,322,244,522,521,491,449,445,430,319,212,164,93,71,69,198,199,181,191,232,325,66,66,65,67,73,78,337,168,115,64,70,67
2005,OHPC,139.3,56.8,116,55.2,152.5,84.54117647,55.91764706,11.79,14.03,22.78,22.92,22.89,17.81588235,10.75882353,12,6,8,11,12,8,7.529411765,10,4,6,6,6,6,4.647058824,189.1,138.5,4.2,0.8,1.1,63.64705882,262.6470588,2.6,11.8,137.6,139.5,137.6,57.2,9.711764706,17,17,18,18,45,68,280,280,327,361,322,244,522,521,491,449,445,430,319,212,164,93,71,69,198,199,181,191,232,325,66,66,65,67,73,78,337,168,115,64,70,67
2006,OHPC,83.5,133.3,131,93.4,87.6,74.17647059,72.78235294,11.94,14.84,19.92,23.47,22.58,17.86352941,10.97058824,12,12,13,8,7,11,7.176470588,8,9,13,6,6,8,5.117647059,192.1,137.6,18.6,1.4,1.1,66.07058824,265.1294118,0.3,29.5,64.7,160.7,127.2,11.2,10.5,17,17,18,18,45,68,280,280,327,361,322,244,522,521,491,449,445,430,319,212,164,93,71,69,198,199,181,191,232,325,66,66,65,67,73,78,337,168,115,64,70,67
2007,OHPC,102.7,67.3,47.4,116.6,114.3,89.65882353,70.17058824,8.44,18.24,21.39,21.04,23.7,17.89647059,10.76588235,11,4,12,8,10,5,8.235294118,8,3,7,5,8,3,5.176470588,296.9,54.6,6.5,3.6,1.7,68.86470588,254.6588235,0,51.9,93.6,84.7,168,69.9,7.923529412,17,17,18,18,45,68,280,280,327,361,322,244,522,521,491,449,445,430,319,212,164,93,71,69,198,199,181,191,232,325,66,66,65,67,73,78,337,168,115,64,70,67
2008,OHPC,77.8,112.5,230.3,134.3,49.8,98.95294118,67.6,10.65,13.8,21.88,22.19,21.14,17.97352941,10.95411765,12,16,14,6,5,7,6.058823529,8,9,11,6,4,2,4,223.3,144.7,3.3,3.9,2.5,60.04117647,237.0176471,1.4,4.2,109.8,123.5,89.5,49.4,7.547058824,17,17,18,18,45,68,280,280,327,361,322,244,522,521,491,449,445,430,319,212,164,93,71,69,198,199,181,191,232,325,66,66,65,67,73,78,337,168,115,64,70,67
2006,NEBT,129.6,81.6,76.1,114.3,229.2,84.20588235,81.48235294,13.32,17.36,23.35,26.04,24.27,19.09705882,10.71764706,12,8,9,7,11,7,8.411764706,11,6,6,7,9,6,5.529411765,161.1,89.2,3.6,0,0.3,45.52352941,229.3176471,10.6,59,154.1,239,184.4,21.2,15.49411765,14.27247956,13.9373297,13.93051771,16.05040872,24.30517711,34.18256131,288.0217984,290.972752,305.8978202,319.5490463,316.2152589,288.8964578,487.5762943,485.9918256,476.1103542,465.5776567,448.5517711,431.5435967,454.619891,233.9114441,172.1553134,122.5776567,96.49182561,79.87874659,224.3719346,223.0122616,217.9564033,214.866485,235.1716621,279.5762943,63.57629428,63.73978202,63.69209809,64.5599455,67.00953678,70.52179837,384.1839237,223.3501362,153.9768392,102.3841962,59.81743869,44.06811989
2006,IAMO,86.8,39.6,30.2,28.3,169.9,130.4,60.27647059,11.81,17.15,21.26117647,25.14,22.46,15.29,10.62705882,10,10,9,8,13,10,6.647058824,8,4,5,6,13,6,3.882352941,192.7,81.7,12.87058824,0,3.8,109.1,226.5411765,6.7,48,97.41176471,202,126.9,17.7,12.8,14.27247956,13.9373297,13.93051771,16.05040872,24.30517711,34.18256131,288.0217984,290.972752,305.8978202,319.5490463,316.2152589,288.8964578,487.5762943,485.9918256,476.1103542,465.5776567,448.5517711,431.5435967,454.619891,233.9114441,172.1553134,122.5776567,96.49182561,79.87874659,224.3719346,223.0122616,217.9564033,214.866485,235.1716621,279.5762943,63.57629428,63.73978202,63.69209809,64.5599455,67.00953678,70.52179837,384.1839237,223.3501362,153.9768392,102.3841962,59.81743869,44.06811989
2008,IAER,48.3,91.4,102.7,94.1,84.56470588,91.77058824,79.44117647,6.4,13.37,19.44,22.72,21.55764706,17.16058824,10.24823529,7,9,15,12,10,7.941176471,6.529411765,5,6,9,6,5,5.411764706,4.647058824,358,160.2,7.6,0.6,4.505882353,75.69411765,243.7647059,0,6.5,40.9,133,71.7,37.50588235,3.235294118,3,2,2,3,7,32,330,329,308,291,315,282,452,459,470,480,410,456,314,251,201,112,69,43,218,212,223,229,275,263,62,62,62,66,76,80,372,289,177,93,33,18
2001,OHPI,91.7,149.2,82.4,124.4,165.6,105.1,120.5,11.45,16.27764706,21.37470588,24.13352941,22.63235294,18.39647059,10.55470588,13,12,11,12,12,11,9,6,10,8,10,11,6,8,214.5352941,108.5941176,13.84117647,1.870588235,2.829411765,61.21176471,216.3647059,11.23529412,43.93529412,103.9117647,180.1352941,137.0470588,39.54117647,14.74117647,25,26,25,31,57,107,287,284,320,345,338,258,483,487,464,442,405,388,279,188,133,94,69,52,231,229,216,213,257,354,63,63,63,64,70,75,313,170,99,65,49,42
2003,OHPI,91.27058824,110.4235294,97.22352941,123.4764706,120.6411765,97.56470588,83.97058824,10.52705882,14.91117647,20.64117647,21.96352941,21.82176471,19.3,10.28941176,12.29411765,12.52941176,11.70588235,11.05882353,9.352941176,8.823529412,9.117647059,7.705882353,8.705882353,7.529411765,7.647058824,6,4.764705882,5.647058824,233.9823529,137.7588235,21.02352941,4.488235294,7.488235294,44.52941176,221.8176471,2.929411765,23.53529412,89.71176471,116.4647059,113.7117647,41.89411765,16.74705882,25,26,25,31,57,107,287,284,320,345,338,258,483,487,464,442,405,388,279,188,133,94,69,52,231,229,216,213,257,354,63,63,63,64,70,75,313,170,99,65,49,42
2004,OHPI,94.6,195.7,102.2,102.5,112.3,28.5,68.2,9.438235294,14.88,20.12941176,22.79882353,20.62764706,18.38529412,10.71411765,12,17,11,11,7,4,12,7,12,6,7,4,1,8,269.5647059,128.7588235,20.18235294,5.147058824,21.2,58.28823529,227.4529412,4.005882353,22.93529412,73.82941176,143.5823529,100.0176471,38.26470588,6.235294118,25,26,25,31,57,107,287,284,320,345,338,258,483,487,464,442,405,388,279,188,133,94,69,52,231,229,216,213,257,354,63,63,63,64,70,75,313,170,99,65,49,42
2003,IAHU,120.1,153.3,110.6,116.8,41.2,131.8470588,65.15294118,10.53,14.59,19.82,22.69,23.34,17.10529412,10.79647059,11,14,12,6,5,6,6.058823529,9,7,8,4,3,4,3.823529412,227.3,120.3,21.2,0.8,0.8,75.4,231.6058824,10.6,4.2,63.9,131.3,151.5,21.1,2.729411765,14.27247956,13.9373297,13.93051771,16.05040872,24.30517711,34.18256131,288.0217984,290.972752,305.8978202,319.5490463,316.2152589,288.8964578,487.5762943,485.9918256,476.1103542,465.5776567,448.5517711,431.5435967,454.619891,233.9114441,172.1553134,122.5776567,96.49182561,79.87874659,224.3719346,223.0122616,217.9564033,214.866485,235.1716621,279.5762943,63.57629428,63.73978202,63.69209809,64.5599455,67.00953678,70.52179837,384.1839237,223.3501362,153.9768392,102.3841962,59.81743869,44.06811989
2004,IAHU,59.1,274.4,110.5,124.2,124.3,109.2235294,91.00588235,9.95,15.81,19.33,21.38,18.9,17.81941176,10.80941176,4,14,12,10,10,6,8.117647059,4,11,8,7,7,2,5.529411765,246,108.9,25.7,4.2,36.8,56.55294118,227.3,5.6,34.1,51.2,98.7,53,51.84705882,3.6,14.27247956,13.9373297,13.93051771,16.05040872,24.30517711,34.18256131,288.0217984,290.972752,305.8978202,319.5490463,316.2152589,288.8964578,487.5762943,485.9918256,476.1103542,465.5776567,448.5517711,431.5435967,454.619891,233.9114441,172.1553134,122.5776567,96.49182561,79.87874659,224.3719346,223.0122616,217.9564033,214.866485,235.1716621,279.5762943,63.57629428,63.73978202,63.69209809,64.5599455,67.00953678,70.52179837,384.1839237,223.3501362,153.9768392,102.3841962,59.81743869,44.06811989
2005,IAHU,111.4,117.8,138.1,98,220.6,56.55882353,91.31764706,11.98,14.17,22.73,23.52,21.64,17.45823529,10.64,9,11,14,8,10,6,8.588235294,7,4,9,5,6,5,6.117647059,194.5,136.3,0.6,3,1.7,63.88235294,226.4176471,6.5,11.2,132.4,163.9,104.1,67.7,6.570588235,14.27247956,13.9373297,13.93051771,16.05040872,24.30517711,34.18256131,288.0217984,290.972752,305.8978202,319.5490463,316.2152589,288.8964578,487.5762943,485.9918256,476.1103542,465.5776567,448.5517711,431.5435967,454.619891,233.9114441,172.1553134,122.5776567,96.49182561,79.87874659,224.3719346,223.0122616,217.9564033,214.866485,235.1716621,279.5762943,63.57629428,63.73978202,63.69209809,64.5599455,67.00953678,70.52179837,384.1839237,223.3501362,153.9768392,102.3841962,59.81743869,44.06811989
2008,IACJ,88.01176471,130.0235294,106.2764706,120.7882353,136.4470588,236.2,71.27647059,9.441176471,16.25470588,20.77470588,23.11882353,21.70352941,18.53,12.00588235,9.823529412,12.11764706,10.11764706,8.058823529,10.11764706,6,5.352941176,6.941176471,8.588235294,6.705882353,5.941176471,6.882352941,6,4,269.9058824,94.43529412,14.92941176,2.5,8.970588235,36.8,213.7705882,5.829411765,31.04705882,86.95294118,147.7705882,114.0823529,43.2,11.37647059,14.27247956,13.9373297,13.93051771,16.05040872,24.30517711,34.18256131,288.0217984,290.972752,305.8978202,319.5490463,316.2152589,288.8964578,487.5762943,485.9918256,476.1103542,465.5776567,448.5517711,431.5435967,454.619891,233.9114441,172.1553134,122.5776567,96.49182561,79.87874659,224.3719346,223.0122616,217.9564033,214.866485,235.1716621,279.5762943,63.57629428,63.73978202,63.69209809,64.5599455,67.00953678,70.52179837,384.1839237,223.3501362,153.9768392,102.3841962,59.81743869,44.06811989
2005,ILMI,63.5,32.1,78.1,141.5,62.5,104.7,51.8,11.74647059,16.28823529,22.10529412,23.60588235,23.35,18.01823529,11.34764706,10,10,16,11,10,11,6,6,4,7,7,7,9,2,199.1882353,95.53529412,10.08235294,1.064705882,1.129411765,70.50588235,211.1176471,6.394117647,34.71764706,119.1588235,162.2,155.5764706,65.61176471,8.605882353,7,7,7,10,22,47,313,318,342,338,311,296,471,469,454,451,479,452,547,249,134,82,47,40,216,214,204,211,210,252,62,62,62,62,65,70,501,223,142,72,47,40
2006,ILMI,123.9,84.3,40.6,138.2,156.1,87,101.3,11.68764706,16.23176471,21.54117647,24.47941176,22.17823529,19.12117647,10.85882353,12,18,12,13,13,14,13,7,9,5,11,8,6,7,202.7823529,105.1235294,13.24705882,0.147058824,3.752941176,54.47058824,227.3117647,7.194117647,40.78235294,106.8588235,188.7647059,125.6352941,35.71176471,8.947058824,7,7,7,10,22,47,313,318,342,338,311,296,471,469,454,451,479,452,547,249,134,82,47,40,216,214,204,211,210,252,62,62,62,62,65,70,501,223,142,72,47,40
2007,ILMI,87.63529412,80.37058824,84.95882353,104.8588235,98.87647059,101.5117647,50.42352941,11.53058824,17.69117647,21.78823529,23.62294118,23.35117647,19.45941176,11.14588235,9.941176471,11.11764706,10.76470588,9.470588235,9.058823529,7.588235294,7.294117647,6.764705882,6.411764706,6.411764706,6.176470588,6.117647059,5.176470588,4.235294118,202.4705882,72.28235294,9.852941176,0.635294118,3,38.81764706,211.9117647,7.641176471,44.62941176,105.9176471,160.4176471,150.6529412,70.37647059,11.81764706,7,7,7,10,22,47,313,318,342,338,311,296,471,469,454,451,479,452,547,249,134,82,47,40,216,214,204,211,210,252,62,62,62,62,65,70,501,223,142,72,47,40
2008,ILMI,71,198,126.5,150.2,15.8,268.1,61.9,10.31235294,14.78647059,20.50470588,22.82941176,21.78176471,18.08294118,11.15764706,15,15,17,14,4,11,10,7,10,10,9,1,9,5,242.2882353,118.9647059,21.33529412,2.588235294,9.7,56.1,213.6588235,6.347058824,12.82941176,83.14117647,139.0235294,115.7941176,40.54117647,11.6,7,7,7,10,22,47,313,318,342,338,311,296,471,469,454,451,479,452,547,249,134,82,47,40,216,214,204,211,210,252,62,62,62,62,65,70,501,223,142,72,47,40
2000,IAAT,45.2,79.1,173.1,88.4,53.7,100.4470588,61.32941176,10.34,18.53,20.68,23.08,24.1,17.52823529,11.74058824,8,10,15,12,9,7,6.470588235,3,5,8,9,4,2,4.470588235,236.6,47.5,16,2,0.8,71.65294118,205.6764706,0.9,53.4,86.5,149.1,179.7,87.2,8.282352941,14.27247956,13.9373297,13.93051771,16.05040872,24.30517711,34.18256131,288.0217984,290.972752,305.8978202,319.5490463,316.2152589,288.8964578,487.5762943,485.9918256,476.1103542,465.5776567,448.5517711,431.5435967,454.619891,233.9114441,172.1553134,122.5776567,96.49182561,79.87874659,224.3719346,223.0122616,217.9564033,214.866485,235.1716621,279.5762943,63.57629428,63.73978202,63.69209809,64.5599455,67.00953678,70.52179837,384.1839237,223.3501362,153.9768392,102.3841962,59.81743869,44.06811989
2001,IAAT,103.9,226.7,71.3,64.3,55.3,101.9647059,68.02352941,12.43,16.66,21.17,25.16,23.23,18.83235294,11.4,17,17,9,8,6,9,8.117647059,9,12,5,5,3,7,5,185.1,82.9,21.3,0,0.6,39.6,217.9647059,8.1,28.6,101.7,211.6,152.3,30.9,6.952941176,14.27247956,13.9373297,13.93051771,16.05040872,24.30517711,34.18256131,288.0217984,290.972752,305.8978202,319.5490463,316.2152589,288.8964578,487.5762943,485.9918256,476.1103542,465.5776567,448.5517711,431.5435967,454.619891,233.9114441,172.1553134,122.5776567,96.49182561,79.87874659,224.3719346,223.0122616,217.9564033,214.866485,235.1716621,279.5762943,63.57629428,63.73978202,63.69209809,64.5599455,67.00953678,70.52179837,384.1839237,223.3501362,153.9768392,102.3841962,59.81743869,44.06811989
2002,IAAT,84.1,95.4,21.4,57.1,124.1,86.62352941,52.89411765,10.53,14.66,24.05,25.8,22.6,18.55941176,10.86529412,12,12,2,10,10,7,5.588235294,8,7,1,8,6,4,3.588235294,235.6,137.8,2.2,0,5,49.97647059,216.1705882,10.3,26.1,173.6,231.3,134.9,77.6,8.364705882,14.27247956,13.9373297,13.93051771,16.05040872,24.30517711,34.18256131,288.0217984,290.972752,305.8978202,319.5490463,316.2152589,288.8964578,487.5762943,485.9918256,476.1103542,465.5776567,448.5517711,431.5435967,454.619891,233.9114441,172.1553134,122.5776567,96.49182561,79.87874659,224.3719346,223.0122616,217.9564033,214.866485,235.1716621,279.5762943,63.57629428,63.73978202,63.69209809,64.5599455,67.00953678,70.52179837,384.1839237,223.3501362,153.9768392,102.3841962,59.81743869,44.06811989
2004,IAAT,42.8,181.3,50.5,122.6,107.8,95.21764706,71.41176471,11.41,17.35,19.9,21.96,19.75,17.72294118,10.92294118,6,16,9,15,10,4,7.941176471,2,12,6,11,9,2,5.117647059,216.4,77,24.1,5.6,30.8,62.98823529,213.2882353,8.6,46.7,71,117.7,75.4,64.7,4.211764706,14.27247956,13.9373297,13.93051771,16.05040872,24.30517711,34.18256131,288.0217984,290.972752,305.8978202,319.5490463,316.2152589,288.8964578,487.5762943,485.9918256,476.1103542,465.5776567,448.5517711,431.5435967,454.619891,233.9114441,172.1553134,122.5776567,96.49182561,79.87874659,224.3719346,223.0122616,217.9564033,214.866485,235.1716621,279.5762943,63.57629428,63.73978202,63.69209809,64.5599455,67.00953678,70.52179837,384.1839237,223.3501362,153.9768392,102.3841962,59.81743869,44.06811989
2005,IAAT,98.6,132.5,129.1,78.5,73.7,97.72352941,68.21764706,12.08,15.4,23.18,24.21,22.85,17.39117647,11.4,8,9,12,7,6,7,7.411764706,7,6,11,5,3,3,4.705882353,192.5,108.6,0,1.4,0,61.86470588,205.9176471,5,17.8,145.5,183.5,140.1,96,4.688235294,14.27247956,13.9373297,13.93051771,16.05040872,24.30517711,34.18256131,288.0217984,290.972752,305.8978202,319.5490463,316.2152589,288.8964578,487.5762943,485.9918256,476.1103542,465.5776567,448.5517711,431.5435967,454.619891,233.9114441,172.1553134,122.5776567,96.49182561,79.87874659,224.3719346,223.0122616,217.9564033,214.866485,235.1716621,279.5762943,63.57629428,63.73978202,63.69209809,64.5599455,67.00953678,70.52179837,384.1839237,223.3501362,153.9768392,102.3841962,59.81743869,44.06811989
2008,SDBO,68.1,84.7,100.5,64.1,76.3,88.51176471,54.41176471,6.29,13.55,20.1,23.64,21.39941176,17.49941176,10.38235294,8,14,13,12,3,6.705882353,6.764705882,3,9,6,5,2,4.529411765,4.470588235,361.3,156,3.3,1.1,6.970588235,72.63529412,253.7764706,0,7.8,56.3,165.7,113.9,35.77058824,6.188235294,4,1,2,2,3,4,358,358,355,351,335,333,468,464,459,455,461,409,322,232,148,111,66,52,174,179,186,194,204,259,64,64,67,71,77,82,307,250,149,92,40,21
2000,MNBI,64.78823529,116.7,102.3941176,89.37647059,77.04705882,108.5705882,63.18235294,8.587647059,13.55411765,19.80352941,22.28352941,20.36705882,16.82,10.68,7.823529412,13,11.58823529,9.529411765,8.588235294,7.294117647,8,5.235294118,8.647058824,7.588235294,6.176470588,4.941176471,5.529411765,5.352941176,284.3647059,158.8823529,28.9,5.3,20.01764706,77.04117647,247.6823529,2.929411765,13.72352941,72.04117647,126.2235294,87.41764706,37.65882353,5.123529412,14.27247956,13.9373297,13.93051771,16.05040872,24.30517711,34.18256131,288.0217984,290.972752,305.8978202,319.5490463,316.2152589,288.8964578,487.5762943,485.9918256,476.1103542,465.5776567,448.5517711,431.5435967,454.619891,233.9114441,172.1553134,122.5776567,96.49182561,79.87874659,224.3719346,223.0122616,217.9564033,214.866485,235.1716621,279.5762943,63.57629428,63.73978202,63.69209809,64.5599455,67.00953678,70.52179837,384.1839237,223.3501362,153.9768392,102.3841962,59.81743869,44.06811989
2001,MNBI,67.15294118,110.6176471,102.6882353,87.46470588,77.04705882,108.5705882,63.18235294,8.587647059,13.63,19.60529412,22.30294118,20.30588235,16.82,10.68,7.588235294,12.47058824,11.47058824,9.117647059,8.588235294,6.941176471,8,5.352941176,8.176470588,7.529411765,6,4.941176471,5.352941176,5.352941176,284.3647059,158.3176471,29.39411765,5.235294118,19.77058824,81.42352941,247.6823529,2.929411765,15.5,66.57647059,126.7588235,87.41764706,37.65882353,5.123529412,14.27247956,13.9373297,13.93051771,16.05040872,24.30517711,34.18256131,288.0217984,290.972752,305.8978202,319.5490463,316.2152589,288.8964578,487.5762943,485.9918256,476.1103542,465.5776567,448.5517711,431.5435967,454.619891,233.9114441,172.1553134,122.5776567,96.49182561,79.87874659,224.3719346,223.0122616,217.9564033,214.866485,235.1716621,279.5762943,63.57629428,63.73978202,63.69209809,64.5599455,67.00953678,70.52179837,384.1839237,223.3501362,153.9768392,102.3841962,59.81743869,44.06811989
2002,MNBI,57.8,61.2,129.4,93.9,137.7,105.5058824,69.3,6.47,11.33,21.81,23.85,19.99,17.33470588,10.18058824,9,5,12,9,6,4,7.411764706,8,5,12,7,4,3,4.705882353,360.7,217.2,13,1.7,18.4,68.41176471,258.5117647,4.7,5.6,113.3,172.8,69.7,55.7,8.670588235,14.27247956,13.9373297,13.93051771,16.05040872,24.30517711,34.18256131,288.0217984,290.972752,305.8978202,319.5490463,316.2152589,288.8964578,487.5762943,485.9918256,476.1103542,465.5776567,448.5517711,431.5435967,454.619891,233.9114441,172.1553134,122.5776567,96.49182561,79.87874659,224.3719346,223.0122616,217.9564033,214.866485,235.1716621,279.5762943,63.57629428,63.73978202,63.69209809,64.5599455,67.00953678,70.52179837,384.1839237,223.3501362,153.9768392,102.3841962,59.81743869,44.06811989
2003,MNBI,39.4,94.4,87.4,64.8,16.8,85.42352941,87.54117647,9.04,13.75,19.06,21.68,21.72,17.33176471,9.938823529,3,11,11,11,4,6,7.764705882,3,9,5,6,2,5,4.941176471,272.4,149.4,30.8,1.4,10.2,68.04705882,253.7352941,3.1,10.9,52.7,105,113.6,32,6.970588235,14.27247956,13.9373297,13.93051771,16.05040872,24.30517711,34.18256131,288.0217984,290.972752,305.8978202,319.5490463,316.2152589,288.8964578,487.5762943,485.9918256,476.1103542,465.5776567,448.5517711,431.5435967,454.619891,233.9114441,172.1553134,122.5776567,96.49182561,79.87874659,224.3719346,223.0122616,217.9564033,214.866485,235.1716621,279.5762943,63.57629428,63.73978202,63.69209809,64.5599455,67.00953678,70.52179837,384.1839237,223.3501362,153.9768392,102.3841962,59.81743869,44.06811989
2004,MNBI,37.9,183.6,96.8,61.5,78,85.75294118,66.8,8.57,12.92,17.47,20.53,17.27,17.26647059,10.02647059,3,8,10,11,9,9,8.529411765,3,8,7,9,6,8,5.647058824,293.7,175.5,53.1,15,59.1,72.55294118,255.0058824,0.8,12.5,27.2,83.3,28.3,53.1,7.894117647,14.27247956,13.9373297,13.93051771,16.05040872,24.30517711,34.18256131,288.0217984,290.972752,305.8978202,319.5490463,316.2152589,288.8964578,487.5762943,485.9918256,476.1103542,465.5776567,448.5517711,431.5435967,454.619891,233.9114441,172.1553134,122.5776567,96.49182561,79.87874659,224.3719346,223.0122616,217.9564033,214.866485,235.1716621,279.5762943,63.57629428,63.73978202,63.69209809,64.5599455,67.00953678,70.52179837,384.1839237,223.3501362,153.9768392,102.3841962,59.81743869,44.06811989
2005,MNBI,89.4,101.7,155,98.5,82.44117647,175.4,73.89411765,9.95,11.98,21.51,22.71,21.52705882,17.82,10.22705882,8,14,15,5,7.588235294,8,4,6,11,11,5,4.941176471,8,3,253.1,187,2.5,6.9,6.982352941,57.2,251.4529412,1.7,0,92,142.7,104.4176471,41.7,7.5,14.27247956,13.9373297,13.93051771,16.05040872,24.30517711,34.18256131,288.0217984,290.972752,305.8978202,319.5490463,316.2152589,288.8964578,487.5762943,485.9918256,476.1103542,465.5776567,448.5517711,431.5435967,454.619891,233.9114441,172.1553134,122.5776567,96.49182561,79.87874659,224.3719346,223.0122616,217.9564033,214.866485,235.1716621,279.5762943,63.57629428,63.73978202,63.69209809,64.5599455,67.00953678,70.52179837,384.1839237,223.3501362,153.9768392,102.3841962,59.81743869,44.06811989
2006,MNBI,113.5,30.8,108.7,29.6,106.4,102.3235294,58.39411765,10.13,15.31,20.14,23.27,20.97,17.42882353,9.854117647,11,6,8,3,9,7,7.176470588,10,3,8,3,9,6,4.235294118,246.9,136.2,16.4,0.3,6.7,72.72941176,266.1058824,0.9,42.4,70.5,147.6,88.5,14.9,9.670588235,14.27247956,13.9373297,13.93051771,16.05040872,24.30517711,34.18256131,288.0217984,290.972752,305.8978202,319.5490463,316.2152589,288.8964578,487.5762943,485.9918256,476.1103542,465.5776567,448.5517711,431.5435967,454.619891,233.9114441,172.1553134,122.5776567,96.49182561,79.87874659,224.3719346,223.0122616,217.9564033,214.866485,235.1716621,279.5762943,63.57629428,63.73978202,63.69209809,64.5599455,67.00953678,70.52179837,384.1839237,223.3501362,153.9768392,102.3841962,59.81743869,44.06811989
2007,MNBI,66.68235294,100.0294118,95.42352941,83.84117647,94.27647059,112.4529412,63.18235294,7.801764706,13.38882353,19.46470588,22.14941176,20.30882353,16.86235294,10.68,7.058823529,11.35294118,11.52941176,7.764705882,8.470588235,7.882352941,8,4.705882353,7.235294118,7.176470588,5.882352941,5.411764706,5.647058824,5.294117647,307.8941176,165.1294118,25.92941176,4.917647059,16.74117647,81.42352941,247.6823529,0.894117647,13.53529412,59.3,122.1352941,76.96470588,32.61176471,5.011764706,14.27247956,13.9373297,13.93051771,16.05040872,24.30517711,34.18256131,288.0217984,290.972752,305.8978202,319.5490463,316.2152589,288.8964578,487.5762943,485.9918256,476.1103542,465.5776567,448.5517711,431.5435967,454.619891,233.9114441,172.1553134,122.5776567,96.49182561,79.87874659,224.3719346,223.0122616,217.9564033,214.866485,235.1716621,279.5762943,63.57629428,63.73978202,63.69209809,64.5599455,67.00953678,70.52179837,384.1839237,223.3501362,153.9768392,102.3841962,59.81743869,44.06811989
2008,MNBI,81.5,68.5,100.8,90.7,66,80.84705882,62.72941176,4.94,12.16,18.51,21.56,20.09,17.40352941,9.945882353,6,8,8,7,4,5,8.352941176,5,7,6,6,4,5,5.117647059,401.8,193.6,24.2,3.4,7.5,67.51764706,260.6941176,0,2.2,29.4,103.5,59.6,17.8,5.605882353,14.27247956,13.9373297,13.93051771,16.05040872,24.30517711,34.18256131,288.0217984,290.972752,305.8978202,319.5490463,316.2152589,288.8964578,487.5762943,485.9918256,476.1103542,465.5776567,448.5517711,431.5435967,454.619891,233.9114441,172.1553134,122.5776567,96.49182561,79.87874659,224.3719346,223.0122616,217.9564033,214.866485,235.1716621,279.5762943,63.57629428,63.73978202,63.69209809,64.5599455,67.00953678,70.52179837,384.1839237,223.3501362,153.9768392,102.3841962,59.81743869,44.06811989
2003,MNMO,79.58823529,92.62941176,139.0058824,78.04117647,94.31764706,101.2882353,49.11176471,8.285882353,13.03117647,20.11882353,22.71470588,20.75764706,17.35117647,10.43588235,9.411764706,10.29411765,12.82352941,8.176470588,8.588235294,7.823529412,6.352941176,6.647058824,7.352941176,9.294117647,5.705882353,6.058823529,5.352941176,3.941176471,298.1764706,174.9705882,24.95294118,2.847058824,15.17647059,73.37647059,252.0647059,2.852941176,13.09411765,77.57058824,134.5,88.43529412,41.22352941,9.458823529,28,27,27,31,45,59,286,303,304,302,299,306,443,433,429,424,412,404,472,296,271,238,192,185,271,264,267,274,289,290,69,69,70,71,74,76,499,347,261,169,137,111
2006,MNMO,105,49.8,110.0235294,40.4,107.5,79.8,11.1,9.67,15.39058824,21.36588235,23.99588235,22.19411765,17.11117647,10.43235294,11,10,9.764705882,5,7,9.117647059,4,9,6,7.176470588,2,6,6.411764706,3,261.5352941,125.0764706,14.77647059,0.582352941,4.9,77.46470588,248.3764706,6.176470588,35.23529412,103.9764706,172.1058824,134.8529412,48.25294118,8.158823529,28,27,27,31,45,59,286,303,304,302,299,306,443,433,429,424,412,404,472,296,271,238,192,185,271,264,267,274,289,290,69,69,70,71,74,76,499,347,261,169,137,111
2008,MNMO,85.7,111.6,73.3,97.6,54.3,68.1,65.47647059,6.345882353,12.95,19.37,22.66,20.64,16.90764706,10.09294118,8,9,11,8,5,9,7.823529412,5,6,6,8,5,7,4.411764706,357.7294118,145.9,12.7,1.9,6.7,96.4,254.0470588,1.147058824,1.1,44,136.1,78.2,16.7,4.523529412,28,27,27,31,45,59,286,303,304,302,299,306,443,433,429,424,412,404,472,296,271,238,192,185,271,264,267,274,289,290,69,69,70,71,74,76,499,347,261,169,137,111
2002,IARU,109.2,56.4,99,170.2,143.3,86.56470588,83.28235294,7.8,12.43,21.52,23.95,20.58,17.19941176,10.65882353,10,6,9,9,11,5,8.647058824,10,6,9,8,9,5,5.411764706,298.3,194,16.7,1.1,8.1,68.92941176,239.9882353,7.2,12.3,112.3,168.6,66.4,43.6,3.052941176,9,9,10,14,64,89,285,285,300,320,335,267,436,437,427,383,311,263,383,237,156,87,62,49,279,278,273,297,354,470,64,64,64,64,67,69,359,236,176,112,38,18
2008,ILLE,178.7,129,191.4,102.8,63.1,134.7411765,62.23529412,9,13.63,20.49,21.81,19.66,17.09294118,10.34294118,14,13,16,12,8,12,7.352941176,9,8,11,8,4,7,5.117647059,258.5,146.2,6.7,0.6,8.9,75.16470588,242.2941176,0,5.3,67.8,104.5,48.2,23.7,4.576470588,14.27247956,13.9373297,13.93051771,16.05040872,24.30517711,34.18256131,288.0217984,290.972752,305.8978202,319.5490463,316.2152589,288.8964578,487.5762943,485.9918256,476.1103542,465.5776567,448.5517711,431.5435967,454.619891,233.9114441,172.1553134,122.5776567,96.49182561,79.87874659,224.3719346,223.0122616,217.9564033,214.866485,235.1716621,279.5762943,63.57629428,63.73978202,63.69209809,64.5599455,67.00953678,70.52179837,384.1839237,223.3501362,153.9768392,102.3841962,59.81743869,44.06811989
2005,INWL,55.6,15,49,151.7,70.1,163,18.8,10.54823529,16.31823529,22.07882353,23.94176471,23.50882353,18.95058824,11.41882353,8,3,6,9,10,10,4,5,1,4,8,6,6,2,228.7764706,98.75882353,12.84117647,1.729411765,1.952941176,49.98235294,220.8941176,4.670588235,37.95882353,122.3058824,172.5470588,159.7411765,80.94705882,9.305882353,14.27247956,13.9373297,13.93051771,16.05040872,24.30517711,34.18256131,288.0217984,290.972752,305.8978202,319.5490463,316.2152589,288.8964578,487.5762943,485.9918256,476.1103542,465.5776567,448.5517711,431.5435967,454.619891,233.9114441,172.1553134,122.5776567,96.49182561,79.87874659,224.3719346,223.0122616,217.9564033,214.866485,235.1716621,279.5762943,63.57629428,63.73978202,63.69209809,64.5599455,67.00953678,70.52179837,384.1839237,223.3501362,153.9768392,102.3841962,59.81743869,44.06811989
2006,INWL,104.4,125.3,63.5,169.6,72.6,106.4,84.9,11.29411765,15.73235294,20.96294118,23.33823529,22.25705882,18.43823529,10.69117647,10,13,8,10,8,11,9,8,10,6,8,4,4,4,213.2941176,98.98823529,17.95882353,2.2,5.211764706,61.54117647,226.8235294,7.635294118,27.05882353,94.18823529,156.5882353,129.2823529,45.95882353,8.911764706,14.27247956,13.9373297,13.93051771,16.05040872,24.30517711,34.18256131,288.0217984,290.972752,305.8978202,319.5490463,316.2152589,288.8964578,487.5762943,485.9918256,476.1103542,465.5776567,448.5517711,431.5435967,454.619891,233.9114441,172.1553134,122.5776567,96.49182561,79.87874659,224.3719346,223.0122616,217.9564033,214.866485,235.1716621,279.5762943,63.57629428,63.73978202,63.69209809,64.5599455,67.00953678,70.52179837,384.1839237,223.3501362,153.9768392,102.3841962,59.81743869,44.06811989
2006,SCSN,91.5,72.4,177.8,106.6,116.8,138.5,72.7,15.26117647,21.34,25.58,27.71,25.99058824,22.76,17.11,5,9,11.35294118,4,9.470588235,6,7,5,9,8.176470588,4,6.470588235,6,7,116.6647059,16.3,0,0,0.4,1.7,73.3,26.65882353,100.6,188.5,243.6,225.3529412,116.9,36.6,7,5,5,5,5,8,239,229,294,329,350,342,257,245,225,216,187,150,494,95,100,36,49,48,504,527,480,455,463,508,50,51,51,50,49,49,516,118,104,73,24,21
2007,MOTH,89.1,116.6,190.6,12.2,97.8,97.31764706,50.65294118,10.54,20.24,22.93,24.09,27.23,19.76058824,12.01294118,7,10,7,4,7,3,6.117647059,7,7,7,3,7,3,4.352941176,233.6,21.1,0.3,0,0,36.81176471,181.2647059,6.2,80.3,138.1,178.4,275.8,105.7,16.11176471,14,13,13,15,18,22,272,308,333,341,330,329,544,518,498,487,497,486,428,222,142,95,85,80,183,174,169,172,173,186,65,65,63,63,62,65,333,166,103,72,60,46
2000,WIAR,85.7,265.8,182.1,86.6,84.1,57.67647059,76.85294118,6.96,15.71,18.49,20.67,21.38,17.52647059,10.58470588,8,10,8,6,5,7,7.647058824,8,8,8,4,5,7,5.941176471,302.5,91.1,38.3,11.1,5.6,65.92352941,258.8882353,0,19.4,44.5,83.6,100.1,35.5,6.611764706,14.27247956,13.9373297,13.93051771,16.05040872,24.30517711,34.18256131,288.0217984,290.972752,305.8978202,319.5490463,316.2152589,288.8964578,487.5762943,485.9918256,476.1103542,465.5776567,448.5517711,431.5435967,454.619891,233.9114441,172.1553134,122.5776567,96.49182561,79.87874659,224.3719346,223.0122616,217.9564033,214.866485,235.1716621,279.5762943,63.57629428,63.73978202,63.69209809,64.5599455,67.00953678,70.52179837,384.1839237,223.3501362,153.9768392,102.3841962,59.81743869,44.06811989
2001,WIAR,79.7,119.3,177.4,74.2,135.4,61.18235294,73.15294118,10.09,15.06,19.18,22.44,21.34,17.95882353,10.07294118,9,13,10,5,8,11,7.647058824,7,11,9,5,8,9,5.823529412,246.5,119.7,43.8,8.6,6.4,60.01764706,255.8588235,3.6,22.6,74.1,135.9,99.6,11.7,8.388235294,14.27247956,13.9373297,13.93051771,16.05040872,24.30517711,34.18256131,288.0217984,290.972752,305.8978202,319.5490463,316.2152589,288.8964578,487.5762943,485.9918256,476.1103542,465.5776567,448.5517711,431.5435967,454.619891,233.9114441,172.1553134,122.5776567,96.49182561,79.87874659,224.3719346,223.0122616,217.9564033,214.866485,235.1716621,279.5762943,63.57629428,63.73978202,63.69209809,64.5599455,67.00953678,70.52179837,384.1839237,223.3501362,153.9768392,102.3841962,59.81743869,44.06811989
2002,WIAR,82.4,74.6,109.7,73.6,73.3,101.8529412,54.62941176,7.81,11.94,20.45,23.34,20.72,17.58823529,9.824117647,9,7,10,5,6,8,6.764705882,7,7,9,5,6,6,4.352941176,291.6,203.7,32.2,2.5,5.3,68.81764706,270.5588235,10.3,13.3,95.6,153,79.4,43.1,7.994117647,14.27247956,13.9373297,13.93051771,16.05040872,24.30517711,34.18256131,288.0217984,290.972752,305.8978202,319.5490463,316.2152589,288.8964578,487.5762943,485.9918256,476.1103542,465.5776567,448.5517711,431.5435967,454.619891,233.9114441,172.1553134,122.5776567,96.49182561,79.87874659,224.3719346,223.0122616,217.9564033,214.866485,235.1716621,279.5762943,63.57629428,63.73978202,63.69209809,64.5599455,67.00953678,70.52179837,384.1839237,223.3501362,153.9768392,102.3841962,59.81743869,44.06811989
2003,WIAR,51.1,96.3,84.8,82.5,45.5,52.12941176,51.78823529,7.02,12.83,18.49,21.33,22,17.14764706,9.824117647,7,10,10,10,3,8.235294118,6.176470588,3,10,10,9,3,5.058823529,4.647058824,333.2,171.8,38.4,4.5,4.4,70.44117647,260.6058824,2,1.1,43,97.5,117.9,35,6.258823529,14.27247956,13.9373297,13.93051771,16.05040872,24.30517711,34.18256131,288.0217984,290.972752,305.8978202,319.5490463,316.2152589,288.8964578,487.5762943,485.9918256,476.1103542,465.5776567,448.5517711,431.5435967,454.619891,233.9114441,172.1553134,122.5776567,96.49182561,79.87874659,224.3719346,223.0122616,217.9564033,214.866485,235.1716621,279.5762943,63.57629428,63.73978202,63.69209809,64.5599455,67.00953678,70.52179837,384.1839237,223.3501362,153.9768392,102.3841962,59.81743869,44.06811989
2002,INPO,177.5,176.5,119.3,82.7,16.6,163,109.9,9.425294118,14.74705882,21.01058824,23.38,22.19823529,18.33882353,10.88705882,11,12,7,9,5,5,12,10,11,6,6,3,4,11,261.9117647,128.4352941,13.45294118,1.423529412,4.511764706,48.4,238.9529412,3.505882353,17.68823529,92.25294118,155.5411765,122.4,45.92941176,6.388235294,6,5,5,6,6,12,333,323,358,384,379,364,485,493,474,451,459,406,325,155,167,87,91,94,182,184,167,165,163,231,63,63,62,62,63,65,310,112,77,48,33,20
2003,INPO,82.7,154.5,89.9,64.7,71.1,74.9,51.8,9.552941176,15.31,19.63470588,22.10352941,20.51176471,18.58941176,10.86647059,9,14,7,11,8,8,8,8,12,3,6,6,4,6,277.6352941,118.9235294,28.74117647,6.270588235,20.84117647,56.41764706,229.8470588,3.241176471,22,66.77647059,121.4176471,87.82941176,41.53529412,7.635294118,6,5,5,6,6,12,333,323,358,384,379,364,485,493,474,451,459,406,325,155,167,87,91,94,182,184,167,165,163,231,63,63,62,62,63,65,310,112,77,48,33,20
2006,INPO,65.4,130.4,67.6,134.9,163.6,235.8,171.8,11.39882353,17.01470588,20.61882353,22.73882353,21.01823529,18.34470588,11.01470588,15,11,9.823529412,8,9,10,10,6,9,5.941176471,6,7,8,7,214.5882353,82.74117647,21.91176471,2.647058824,18.22941176,56.9,231.1058824,11.09411765,42.59411765,88.70588235,137.2,110.1647059,50.80588235,7.235294118,6,5,5,6,6,12,333,323,358,384,379,364,485,493,474,451,459,406,325,155,167,87,91,94,182,184,167,165,163,231,63,63,62,62,63,65,310,112,77,48,33,20
2000,MOBR,35.2,72.7,163.5,93.5,79.8,93.51764706,44.37647059,10.97,18.76,21.11,24.05,25.48,19.16764706,12.06411765,8,8,12,13,12,8,7.294117647,3,6,8,8,4,5,4,213.5,33.8,15.2,0,0.8,42.21176471,196.5,0,48.9,98.6,173.4,222.3,90.4,12.85294118,19,19,19,25,27,35,296,313,349,357,354,350,625,612,583,579,578,543,449,191,132,73,56,53,80,76,68,64,68,107,63,63,62,58,58,59,371,152,108,58,32,20
2003,IABR,87.9,135.7,120.2,146,12.9,94.04705882,68.77058824,10.01,14.19,19.49,23.04,23.55,17.20352941,11.13941176,12,14,12,9,3,5,5.470588235,8,9,8,6,1,3,4.117647059,260.6,128.2,26.1,0.5,0.8,74.54705882,216.8058824,10.9,5.6,60.7,139.4,162.5,31.9,4.023529412,14.27247956,13.9373297,13.93051771,16.05040872,24.30517711,34.18256131,288.0217984,290.972752,305.8978202,319.5490463,316.2152589,288.8964578,487.5762943,485.9918256,476.1103542,465.5776567,448.5517711,431.5435967,454.619891,233.9114441,172.1553134,122.5776567,96.49182561,79.87874659,224.3719346,223.0122616,217.9564033,214.866485,235.1716621,279.5762943,63.57629428,63.73978202,63.69209809,64.5599455,67.00953678,70.52179837,384.1839237,223.3501362,153.9768392,102.3841962,59.81743869,44.06811989
2004,IABR,68.1,172.7,67.2,67.4,85.5,76.04117647,71.01176471,10.31,15.64,19.26,21.48,19.26,17.13470588,10.57470588,7,15,13,11,7,4,7.764705882,4,12,8,4,7,4,4.823529412,245.7,114.6,34,8.9,36.7,74.24705882,231.7823529,5,31.1,61.8,106.5,65.5,73,2.394117647,14.27247956,13.9373297,13.93051771,16.05040872,24.30517711,34.18256131,288.0217984,290.972752,305.8978202,319.5490463,316.2152589,288.8964578,487.5762943,485.9918256,476.1103542,465.5776567,448.5517711,431.5435967,454.619891,233.9114441,172.1553134,122.5776567,96.49182561,79.87874659,224.3719346,223.0122616,217.9564033,214.866485,235.1716621,279.5762943,63.57629428,63.73978202,63.69209809,64.5599455,67.00953678,70.52179837,384.1839237,223.3501362,153.9768392,102.3841962,59.81743869,44.06811989
2007,IAES,42.3,76.1,47.3,69.9,197.9,74.8,66.52352941,6.64,16.88,20.53,21.88,21,17.11352941,9.988823529,8,9,8,6,7,9,7.882352941,4,7,5,4,7,7,5.058823529,337.8,75.9,14.1,1.4,4.7,72.47058824,241.5176471,4.4,29.3,73.4,98.5,82.1,44.8,5.705882353,14.27247956,13.9373297,13.93051771,16.05040872,24.30517711,34.18256131,288.0217984,290.972752,305.8978202,319.5490463,316.2152589,288.8964578,487.5762943,485.9918256,476.1103542,465.5776567,448.5517711,431.5435967,454.619891,233.9114441,172.1553134,122.5776567,96.49182561,79.87874659,224.3719346,223.0122616,217.9564033,214.866485,235.1716621,279.5762943,63.57629428,63.73978202,63.69209809,64.5599455,67.00953678,70.52179837,384.1839237,223.3501362,153.9768392,102.3841962,59.81743869,44.06811989
2000,INOX,92.65882353,133.7176471,92.36470588,101.6823529,90.29411765,104.6705882,87.74705882,11.18352941,16.88235294,21.13,22.97823529,22.20588235,18.93117647,10.91588235,10.41176471,12.05882353,9.294117647,10,8.294117647,6.588235294,8.647058824,6.647058824,8.941176471,6.352941176,6.176470588,5.529411765,4.411764706,5.647058824,212.8176471,86.67647059,14.7,1.923529412,9.017647059,40.77058824,230.1764706,6.5,42.12941176,96.59411765,143.1529412,128.9294118,54.02352941,9.135294118,13,13,13,18,42,76,335,335,348,367,348,247,514,514,504,482,466,419,376,180,146,98,66,55,152,150,148,151,186,333,64,64,63,63,67,76,343,191,120,72,44,35
2001,INOX,92.65882353,138.3470588,92.35294118,104.1941176,90.29411765,104.6705882,87.74705882,11.18352941,16.88235294,21.13,22.97823529,22.20588235,18.93117647,10.91588235,10.41176471,12.05882353,9.294117647,9.823529412,8.294117647,6.588235294,8.647058824,6.647058824,8.941176471,6.352941176,6.058823529,5.529411765,4.411764706,5.647058824,212.8176471,86.67647059,14.7,1.923529412,9.017647059,40.77058824,230.1764706,6.5,42.12941176,96.59411765,143.1529412,128.9294118,54.02352941,9.135294118,13,13,13,18,42,76,335,335,348,367,348,247,514,514,504,482,466,419,376,180,146,98,66,55,152,150,148,151,186,333,64,64,63,63,67,76,343,191,120,72,44,35
2002,INOX,95.87647059,138.3470588,92.35294118,104.1941176,90.29411765,104.6705882,87.74705882,11.26176471,16.94352941,21.04823529,23.06352941,22.20588235,18.93117647,10.91588235,10.58823529,11.70588235,9,9.823529412,8.294117647,6.411764706,8.647058824,6.882352941,8.882352941,6.058823529,6.058823529,5.529411765,4.294117647,5.647058824,212.6294118,86.39411765,15.31764706,1.923529412,9.017647059,40.77058824,230.1764706,6.794117647,43.75882353,95.02352941,145.7882353,117.1823529,51.62941176,9.135294118,13,13,13,18,42,76,335,335,348,367,348,247,514,514,504,482,466,419,376,180,146,98,66,55,152,150,148,151,186,333,64,64,63,63,67,76,343,191,120,72,44,35
2003,INOX,95.87647059,138.3470588,92.35294118,104.1941176,90.29411765,104.6705882,87.74705882,11.26176471,16.94352941,21.04823529,23.06352941,22.05705882,18.93117647,10.91588235,10.58823529,11.70588235,9,9.823529412,8.294117647,6.411764706,8.647058824,6.882352941,8.882352941,6.058823529,6.058823529,5.529411765,4.294117647,5.647058824,212.6294118,86.39411765,15.31764706,1.923529412,9.070588235,40.77058824,230.1764706,6.794117647,43.75882353,95.02352941,145.7882353,117.1823529,51.62941176,9.135294118,13,13,13,18,42,76,335,335,348,367,348,247,514,514,504,482,466,419,376,180,146,98,66,55,152,150,148,151,186,333,64,64,63,63,67,76,343,191,120,72,44,35
2004,INOX,95.87647059,138.3470588,92.35294118,104.1941176,90.29411765,104.6705882,85.51176471,11.16352941,16.95588235,21.20529412,23.02,21.83647059,18.93117647,10.91588235,10.58823529,11.70588235,9,9.823529412,8.294117647,6.411764706,8.647058824,6.882352941,8.882352941,6.058823529,6.058823529,5.529411765,4.294117647,5.647058824,215.5,86.91176471,14.35294118,1.923529412,9.070588235,40.77058824,230.1764706,6.729411765,44.65882353,98.76470588,144.4470588,115.4058824,52.32352941,9.135294118,13,13,13,18,42,76,335,335,348,367,348,247,514,514,504,482,466,419,376,180,146,98,66,55,152,150,148,151,186,333,64,64,63,63,67,76,343,191,120,72,44,35
2005,INOX,95.87647059,133.7823529,88.87058824,107.5176471,90.29411765,104.9176471,85.51176471,11.16352941,16.84352941,21.20529412,23.02,21.99,18.93117647,10.75352941,10.58823529,11.70588235,9,9.705882353,8.470588235,6.411764706,8.588235294,6.882352941,8.882352941,6.058823529,6.117647059,5.470588235,4.294117647,5.705882353,215.0705882,87.58235294,14.35294118,1.923529412,7.164705882,40.77058824,230.1764706,6.582352941,41.84705882,98.76470588,144.4470588,123.3058824,55.74117647,9.135294118,13,13,13,18,42,76,335,335,348,367,348,247,514,514,504,482,466,419,376,180,146,98,66,55,152,150,148,151,186,333,64,64,63,63,67,76,343,191,120,72,44,35
2007,INOX,100.2352941,137.7647059,90.67058824,107.1352941,94.31176471,104.9176471,85.51176471,11.30647059,16.78117647,21.21882353,23.12941176,22.17411765,18.93117647,10.75352941,11,11.52941176,9.235294118,9.705882353,8.647058824,6.941176471,8.588235294,7.176470588,8.941176471,6.235294118,6.117647059,5.529411765,4.588235294,5.705882353,206.8705882,91.88823529,13.55294118,1.970588235,6.823529412,40.77058824,230.1764706,7.870588235,44.27058824,97.95882353,147.6,128.7470588,51.85294118,9.135294118,13,13,13,18,42,76,335,335,348,367,348,247,514,514,504,482,466,419,376,180,146,98,66,55,152,150,148,151,186,333,64,64,63,63,67,76,343,191,120,72,44,35
2008,INOX,102.6,138.0529412,90.08235294,106.4,94.31176471,104.9176471,85.51176471,11.44647059,16.78117647,21.48647059,23.41647059,22.19117647,18.93117647,10.75352941,10.76470588,11.29411765,9.176470588,9.588235294,8.647058824,6.941176471,8.588235294,7.235294118,9,6.235294118,6.176470588,5.529411765,4.588235294,5.705882353,206.8705882,91.88823529,11.14705882,1.758823529,7.017647059,40.77058824,230.1764706,7.870588235,44.27058824,103.7352941,156.2882353,128.7470588,51.85294118,9.135294118,13,13,13,18,42,76,335,335,348,367,348,247,514,514,504,482,466,419,376,180,146,98,66,55,152,150,148,151,186,333,64,64,63,63,67,76,343,191,120,72,44,35
2007,NEHN,93.6,149.2,32.3,64,113.1882353,67.73529412,62.45882353,9.35,19.15,22.21,24.39,23.81764706,18.90705882,10.90882353,9,13,8,10,19,6.470588235,7.764705882,7,7,5,4,10,4.647058824,5.411764706,272.7,30,3.9,0,0.994117647,52.82941176,240.3294118,10.8,53.9,120.1,187.8,171.7,58.88823529,10.73529412,9,3,3,8,8,3,452,449,441,453,451,467,529,532,541,528,530,510,235,184,149,91,80,74,19,18,18,19,19,22,69,70,70,73,73,73,268,181,124,78,63,51
2008,NEHN,96.1,156.5,102.4,65.6,89.49411765,70.50588235,85.32352941,8.08,15.16,21.93,24.94,22.63470588,18.52117647,9.697647059,9,12,18,11,8,7.235294118,7.470588235,6,8,7,4,3,4.764705882,5.470588235,307.7,117.7,0,0,2.535294118,54.06470588,270.4058824,0,19.4,104.3,204.7,115,56.68823529,11.54705882,9,3,3,8,8,3,452,449,441,453,451,467,529,532,541,528,530,510,235,184,149,91,80,74,19,18,18,19,19,22,69,70,70,73,73,73,268,181,124,78,63,51
2008,IAMX,103.5,124.9,139.2,61.3,47.2,114.1647059,59.87058824,5.22,12.64,19.99,22.66,21.03,17.25294118,10.30117647,9,13,16,8,7,14,6.764705882,7,8,11,4,5,6,4.764705882,393.4,177.6,4.7,0.3,2.2,76.03529412,249.3352941,0,1.1,54.5,134.4,85.8,23.3,3.676470588,19,15,15,14,18,38,384,398,401,410,363,374,532,521,519,506,482,429,390,264,219,151,90,68,84,80,80,85,156,198,67,67,68,71,77,78,370,309,202,115,50,30
2000,INWI,44.5,123.2,108.9,94.3,123.5117647,102.2,74.89411765,10.03,17.5,20.6,21.97,20.75294118,17.22,11,8,12,14,11,9.941176471,10,10,4,6,10,7,7.411764706,7,3,236.2117647,60.7,17,3.1,18.55294118,77.5,221.3529412,9.388235294,35,80.4,104.9,89.7,43.1,7.8,18,17,16,27,43,75,257,252,304,320,309,214,565,568,529,517,495,460,324,168,122,80,78,63,178,180,167,163,197,326,67,67,68,70,73,78,367,169,129,58,40,34
2004,INWI,36.3,98.4,134.2,58.6,112.7,80.85882353,97.22352941,11.12,19.06,20.48,21.67,20.12,17.91764706,11.20470588,5,11,12,8,8,5,9.529411765,4,9,8,8,7,3,5.764705882,225,57.9,17.3,3.9,24.2,60.45882353,221.9588235,8.5,80.5,81.7,107.2,79.6,68.7,7.729411765,18,17,16,27,43,75,257,252,304,320,309,214,565,568,529,517,495,460,324,168,122,80,78,63,178,180,167,163,197,326,67,67,68,70,73,78,367,169,129,58,40,34
2005,INWI,128.3,40.7,74.6,85.5,63.7,90.99411765,82.46470588,11.54,14.63,22.94,23.51,23.18,17.86823529,10.80529412,9,4,7,9,6,7,8,9,4,6,6,5,7,4.941176471,195.8,127,6.1,0.3,0.8,59.44117647,230.2058824,6.1,11.7,144.3,145.2,151.2,69.2,8.188235294,18,17,16,27,43,75,257,252,304,320,309,214,565,568,529,517,495,460,324,168,122,80,78,63,178,180,167,163,197,326,67,67,68,70,73,78,367,169,129,58,40,34
2006,INWI,93.4,112.7,167.9,77.7,170.6,87.34705882,89.7,12.08,15.08,20.84,24.08,22.72,17.52705882,10.49117647,10,12,13,8,9,9,8.647058824,8,11,13,8,8,9,5.411764706,190.2,138.2,11.6,0.6,0,63.86470588,221.4823529,2.5,37.3,86.8,178.7,136.1,22,9.717647059,18,17,16,27,43,75,257,252,304,320,309,214,565,568,529,517,495,460,324,168,122,80,78,63,178,180,167,163,197,326,67,67,68,70,73,78,367,169,129,58,40,34
2007,INWI,97.7,32.4,57.2,91.29411765,85.64117647,89.02352941,72.07647059,9.15,19,22.30058824,23.60647059,25.04235294,20.81,10.72411765,6,7,10,8.352941176,8.470588235,6.176470588,6.823529412,6,7,8,5.823529412,5.352941176,4.117647059,4.352941176,252.3,45.1,7.211764706,0.982352941,0.847058824,18.6,213.8058824,0.3,65.9,125.4058824,162.7411765,209.3352941,93,9.617647059,18,17,16,27,43,75,257,252,304,320,309,214,565,568,529,517,495,460,324,168,122,80,78,63,178,180,167,163,197,326,67,67,68,70,73,78,367,169,129,58,40,34
2004,NEAU,22.7,155.4,56.5,119.5,90.3,87.29411765,62.72352941,13.15,19.32,21.15,23.04,21.48,18.65941176,11.51647059,4,11,7,15,6,3,7.647058824,1,8,4,12,5,3,5.176470588,165,56.3,8.6,5.3,11.7,52.92352941,226.3705882,12.3,87,93.1,151.1,109.4,109,8.217647059,4,2,2,3,2,2,322,326,325,346,344,355,633,630,631,614,618,603,255,179,142,119,76,60,45,44,44,41,39,42,66,65,66,65,66,68,268,183,139,93,52,25
2006,NEAU,69.6,53.9,59.6,63.5,109,96.65294118,63.74705882,14.93,18.59,24.04,26.47,24.52,19.31294118,11.84176471,9,7,7,5,14,6,7.941176471,6,4,6,5,9,6,4.705882353,120.3,67.5,0.3,0,0,42.31764706,200.3647059,17.6,75.5,167.7,252.2,191.9,25.6,15.63529412,4,2,2,3,2,2,322,326,325,346,344,355,633,630,631,614,618,603,255,179,142,119,76,60,45,44,44,41,39,42,66,65,66,65,66,68,268,183,139,93,52,25
2000,ILTO,78.7,132.9588235,105.5,85.5,96.7,66.08235294,65.92941176,11.91117647,16.69470588,21.50941176,23.60882353,22.93470588,19.59588235,10.85588235,9.235294118,12.70588235,10.47058824,7.882352941,7.882352941,6.588235294,8.647058824,5.764705882,9.294117647,7.470588235,5.647058824,5.470588235,5.058823529,5.176470588,193.9411765,84.05882353,15.05882353,0.894117647,4.482352941,34.11176471,216.3941176,11.00588235,35.11764706,106.2235294,161.2588235,144.8647059,58.57647059,10.4,4,4,4,4,7,14,334,346,351,365,350,372,600,591,583,554,561,513,488,242,187,112,80,60,66,62,67,81,89,115,64,64,63,64,64,70,290,245,125,91,34,17
2001,ILTO,77.23529412,87.46470588,93.21764706,98.38823529,66.2,91.6,99,11.40647059,16.58647059,22.09117647,23.38529412,22.98647059,18.93823529,11.10764706,8.705882353,10.58823529,10.05882353,9.058823529,7,10,9,6.176470588,7.176470588,6.470588235,6.588235294,7,5,7,209.7647059,86.37647059,9.470588235,0.935294118,3.211764706,41.26470588,205.7882353,6.841176471,32.47058824,121.0588235,155.6058824,150.3882353,65.45294118,10.82941176,4,4,4,4,7,14,334,346,351,365,350,372,600,591,583,554,561,513,488,242,187,112,80,60,66,62,67,81,89,115,64,64,63,64,64,70,290,245,125,91,34,17
2002,ILTO,96.6,147.4,120.6,103.6,211.9,19.8,36.8,10.37705882,16.93235294,20.64176471,22.48,22.31764706,18.52117647,10.49588235,10,14,7,8,7,3,12,7,9,6,6,6,3,6,242.5,82.85294118,17.12352941,2.405882353,8.882352941,57.49411765,241.7117647,7.876470588,39.87647059,83.83529412,128.8117647,124.8941176,53.42352941,8.494117647,4,4,4,4,7,14,334,346,351,365,350,372,600,591,583,554,561,513,488,242,187,112,80,60,66,62,67,81,89,115,64,64,63,64,64,70,290,245,125,91,34,17
2003,ILTO,39.4,128,67.4,84,14.4,83.6,40.5,10.33294118,15.65411765,20.98352941,23.23235294,23.16705882,17.95823529,10.70294118,10,12,9,7,9,6,9,5,8,5,5,1,6,2,238.1117647,105,20.31764706,3.141176471,3.735294118,62.11176471,229.8117647,5.935294118,24.35294118,97.5,152.4941176,149.6941176,58.65882353,6.6,4,4,4,4,7,14,334,346,351,365,350,372,600,591,583,554,561,513,488,242,187,112,80,60,66,62,67,81,89,115,64,64,63,64,64,70,290,245,125,91,34,17
2000,IAPR,84.31176471,122.1235294,98.91176471,100.6941176,72.57058824,78.71764706,63.91176471,9.888823529,14.66764706,20.66,23.10235294,21.81235294,16.91,11.66470588,7.705882353,11.17647059,10.76470588,7.882352941,6.352941176,6.235294118,7.588235294,5.705882353,8.411764706,7.823529412,6.117647059,4.764705882,5.058823529,4.823529412,250.2470588,128.2470588,20.49411765,2.588235294,7.323529412,76.87647059,208.7294118,6.435294118,17.84117647,87.72941176,145.9411765,112.3705882,51.31176471,4.135294118,12,6,6,8,9,17,361,364,361,364,345,318,565,565,567,551,490,466,367,269,205,119,67,48,74,70,71,85,165,217,63,63,64,67,74,79,360,269,159,90,37,17
2001,IAPR,136.9,158.3,51.5,135.1,36.5,118.5176471,63.91764706,9.7,15.22,19.96,23.14,21.47,17.16529412,10.75941176,8,12,5,10,8,6.647058824,3,6,10,4,8,5,4.882352941,3,241.2,121.5,36.4,0,9.7,74.21764706,227.1941176,4.8,24.9,85.1,149,106.8,32.69411765,0.3,12,6,6,8,9,17,361,364,361,364,345,318,565,565,567,551,490,466,367,269,205,119,67,48,74,70,71,85,165,217,63,63,64,67,74,79,360,269,159,90,37,17
2002,IAPR,59.3,53,101.3,8.2,171.2,92.11176471,75.74117647,9.04,12.93,21.98,24.7,21.25,17.35411765,10.11411765,8,9,7,2,8,5,7.411764706,4,6,6,1,7,5,4.941176471,283.9,173.9,12.5,0,4.5,68.14705882,263.1176471,8.9,17.8,118.6,181.7,89.3,48.9,7.758823529,12,6,6,8,9,17,361,364,361,364,345,318,565,565,567,551,490,466,367,269,205,119,67,48,74,70,71,85,165,217,63,63,64,67,74,79,360,269,159,90,37,17
2003,IAPR,79,93,121.5,143.5,45.2,104.1235294,54.92941176,9.54,13.59,19.03,22.1,22.4,17.12823529,10.61,5,11,10,6,3,7,5.352941176,4,8,8,6,3,6,3.764705882,252.7,144.9,37.7,2.3,5,75.24705882,234.3529412,5.8,2.6,58.7,115,126.1,24.1,4.023529412,12,6,6,8,9,17,361,364,361,364,345,318,565,565,567,551,490,466,367,269,205,119,67,48,74,70,71,85,165,217,63,63,64,67,74,79,360,269,159,90,37,17
2004,IAPR,62.7,144.1,39.4,106.7470588,35,119.4647059,32,9.86,14.09,20.02058824,22.86823529,21.98647059,17.35941176,11.34411765,4,11,6,9,5,6.705882353,1,4,11,6,6.647058824,5,4.882352941,1,217.3,126.6,26.68823529,3.017647059,13.86470588,74.53529412,212.9588235,4.2,7.5,75.38235294,142.1235294,131.3882353,41.54117647,6.052941176,12,6,6,8,9,17,361,364,361,364,345,318,565,565,567,551,490,466,367,269,205,119,67,48,74,70,71,85,165,217,63,63,64,67,74,79,360,269,159,90,37,17
2005,IAPR,65.8,85.8,116.5,93.5,35.6,173.6,40.5,9.839411765,14.8,21.19647059,24.11,22.31,20.75,11.69,4,11,13,8,4,9,3,4,6,10,7,3,8,2,253.5,113.2,11.02352941,2.8,2.5,17.8,198.1588235,4.047058824,11.6,94.6,175.3,111.2,79.3,4.6,12,6,6,8,9,17,361,364,361,364,345,318,565,565,567,551,490,466,367,269,205,119,67,48,74,70,71,85,165,217,63,63,64,67,74,79,360,269,159,90,37,17
2006,IAPR,140.8,26.6,107.4,8.9,173.7,102.8058824,65.2,12.07,16.61,22.14,25.42,22.22,18.84823529,11.07647059,8,4,7,2,7,10,6.352941176,8,4,5,2,7,7,4.411764706,176.4,84.5,5,0,0,52.46470588,214.7470588,5.9,43.1,104.7,204.4,98.9,19.6,9.752941176,12,6,6,8,9,17,361,364,361,364,345,318,565,565,567,551,490,466,367,269,205,119,67,48,74,70,71,85,165,217,63,63,64,67,74,79,360,269,159,90,37,17
2008,IAPR,107.1294118,116.2117647,97.88823529,98.44117647,105.7294118,90.27647059,58.30588235,9.711176471,15.30470588,20.90235294,23.00764706,21.64705882,16.91,11.66470588,7.411764706,10.05882353,11.05882353,7.411764706,8.058823529,7.352941176,6.764705882,5.882352941,7.588235294,7.176470588,5.705882353,6.235294118,5.411764706,4.117647059,254.4352941,112.7,12.47058824,1.923529412,6.882352941,76.87647059,208.7294118,4.182352941,23.18235294,85.64705882,142.3470588,103.4117647,41.89411765,4.441176471,12,6,6,8,9,17,361,364,361,364,345,318,565,565,567,551,490,466,367,269,205,119,67,48,74,70,71,85,165,217,63,63,64,67,74,79,360,269,159,90,37,17
2001,MIVI,73.3,134.2,103.7,62.1,69.56470588,67.02352941,65.1,10.32,15.32,18.52,21.11,20.86941176,17.65941176,10.54764706,15,15,10,10,10,6.823529412,8.705882353,8,11,9,6,5,4.411764706,5.235294118,240.6,107.6,55.8,15.2,14.77058824,64.18235294,248.3176471,0.3,14.2,58.1,101.3,104.1,34.01764706,6.876470588,14.27247956,13.9373297,13.93051771,16.05040872,24.30517711,34.18256131,288.0217984,290.972752,305.8978202,319.5490463,316.2152589,288.8964578,487.5762943,485.9918256,476.1103542,465.5776567,448.5517711,431.5435967,454.619891,233.9114441,172.1553134,122.5776567,96.49182561,79.87874659,224.3719346,223.0122616,217.9564033,214.866485,235.1716621,279.5762943,63.57629428,63.73978202,63.69209809,64.5599455,67.00953678,70.52179837,384.1839237,223.3501362,153.9768392,102.3841962,59.81743869,44.06811989
2004,MIVI,21.6,231.6,99.3,90.7,110.2,63.13529412,66.52352941,10.59,16.2,19.61,21.82,19.34470588,17.77529412,10.76647059,6,22,14,15,22,6.176470588,9.411764706,3,15,7,5,7,4.235294118,5.588235294,232.8,99.4,23.6,1.7,30.12352941,60.85294118,244.5117647,10,33.2,61.9,109.8,69,42.84117647,5.776470588,14.27247956,13.9373297,13.93051771,16.05040872,24.30517711,34.18256131,288.0217984,290.972752,305.8978202,319.5490463,316.2152589,288.8964578,487.5762943,485.9918256,476.1103542,465.5776567,448.5517711,431.5435967,454.619891,233.9114441,172.1553134,122.5776567,96.49182561,79.87874659,224.3719346,223.0122616,217.9564033,214.866485,235.1716621,279.5762943,63.57629428,63.73978202,63.69209809,64.5599455,67.00953678,70.52179837,384.1839237,223.3501362,153.9768392,102.3841962,59.81743869,44.06811989
2005,MIVI,10.8,51.9,123.2,154.8,80.62941176,110.8941176,61.27058824,11.66,14.03,23.67,23.95,22.49823529,17.65529412,11.30411765,6,11,9,16,12,7.529411765,6.823529412,2,6,6,9,3,5.411764706,4.235294118,205.2,142.2,6.1,1.1,3.194117647,62.22941176,230.1117647,5,8.9,166.3,175.2,151.6,65.57058824,8.482352941,14.27247956,13.9373297,13.93051771,16.05040872,24.30517711,34.18256131,288.0217984,290.972752,305.8978202,319.5490463,316.2152589,288.8964578,487.5762943,485.9918256,476.1103542,465.5776567,448.5517711,431.5435967,454.619891,233.9114441,172.1553134,122.5776567,96.49182561,79.87874659,224.3719346,223.0122616,217.9564033,214.866485,235.1716621,279.5762943,63.57629428,63.73978202,63.69209809,64.5599455,67.00953678,70.52179837,384.1839237,223.3501362,153.9768392,102.3841962,59.81743869,44.06811989
2005,IACA,111.4,117.8,138.1,98,220.6,62.68235294,90.12352941,11.98,14.17,22.73,23.52,21.64,17.60176471,11.15764706,9,11,14,8,10,6,8.764705882,7,4,9,5,6,5,6,194.5,136.3,0.6,3,1.7,64.07647059,226.4176471,6.5,11.2,132.4,163.9,104.1,67.7,6.911764706,11,16,16,21,13,20,326,329,332,344,323,294,455,455,448,441,462,464,341,215,160,94,65,48,219,217,219,215,215,242,64,63,64,65,68,68,211,206,119,69,36,23
2006,IACA,84.4,56.2,19.7,129.2,202.9,91.47058824,69.25882353,12.16,15.98,21.39,24.34,22.3,17.41823529,10.77058824,11,10,7,9,12,13,7.705882353,8,4,2,7,11,6,4.882352941,176.4,109.6,12,0,1.7,68.44705882,227.8176471,3.9,36.5,103.8,186.3,121.3,13.4,5.741176471,11,16,16,21,13,20,326,329,332,344,323,294,455,455,448,441,462,464,341,215,160,94,65,48,219,217,219,215,215,242,64,63,64,65,68,68,211,206,119,69,36,23
2008,IAEL,154.8,116.8,311.2,277.7,38.4,154.6529412,54.80588235,8.11,14.73,21.81,23.63,22,17.03764706,11.55705882,12,11,13,11,7,9,6.647058824,11,9,10,7,3,7,4.235294118,307.6,116.4,0.8,0,0,77.65882353,209.8235294,0.8,8.4,105,153.7,113.8,44.7,3.923529412,10,9,9,10,7,12,368,378,382,378,380,377,417,412,410,419,414,383,331,231,168,114,77,51,215,210,208,203,206,240,66,65,66,67,72,75,231,226,128,116,43,26
2001,NEOV,69.87058824,78.52941176,79.82941176,68.37058824,55.44117647,65.83529412,93.78823529,11.21352941,16.70411765,21.53117647,24.78352941,23.52764706,20.37647059,10.28941176,7.588235294,8.764705882,8.529411765,7.411764706,6.411764706,5.411764706,7.117647059,5.117647059,5.470588235,5.352941176,5.235294118,3.941176471,4.117647059,5.294117647,212.3647059,90.61176471,15.25882353,1.447058824,3.029411765,31.84117647,229.0941176,7.088235294,37.57647059,109.6705882,198.1470588,158.9294118,56.94117647,18.9,3,3,3,4,6,14,238,249,265,267,255,238,492,488,475,471,475,452,290,152,114,80,53,41,269,263,260,261,270,310,69,70,71,75,80,81,265,125,89,50,28,17
2004,NEOV,73.75882353,96.7,75.58235294,60.49411765,71.40588235,65.83529412,93.78823529,10.74411765,16.74470588,21.43235294,24.65529412,23.42294118,20.46882353,10.28941176,7.117647059,8.588235294,8.235294118,6.882352941,6.823529412,5.058823529,7.117647059,5.176470588,5.705882353,5.235294118,4.882352941,4.588235294,3.882352941,5.294117647,225.4470588,91.91176471,13.47647059,1.476470588,3.123529412,30.79411765,229.0941176,6.305882353,35.85294118,104.6294118,194.2176471,156.0823529,57.69411765,18.9,3,3,3,4,6,14,238,249,265,267,255,238,492,488,475,471,475,452,290,152,114,80,53,41,269,263,260,261,270,310,69,70,71,75,80,81,265,125,89,50,28,17
2006,NEOV,75.55882353,110.1235294,99.46470588,71,88.75294118,65.83529412,93.78823529,10.56470588,16.64823529,21.53176471,24.72235294,23.42294118,20.46882353,10.28941176,7.058823529,8.882352941,8.705882353,7.058823529,7.294117647,5.176470588,7.529411765,5.176470588,5.941176471,5.705882353,5.176470588,4.823529412,3.882352941,5.529411765,232.0176471,92.75294118,12.13529412,1.476470588,3.123529412,30.79411765,229.0941176,6.682352941,36.35294118,106.0647059,196.2823529,150.8705882,54.51764706,18.9,3,3,3,4,6,14,238,249,265,267,255,238,492,488,475,471,475,452,290,152,114,80,53,41,269,263,260,261,270,310,69,70,71,75,80,81,265,125,89,50,28,17
2008,NEOV,87.81764706,125.1,108.4470588,68.26470588,104.5058824,65.83529412,93.78823529,10.56470588,16.74470588,21.53941176,24.62294118,23.29941176,20.46882353,10.28941176,7.647058824,9.117647059,9.294117647,7,7.823529412,5.764705882,7.529411765,5.882352941,6.647058824,6.235294118,5.058823529,5.294117647,4.235294118,5.529411765,232.0176471,90.94117647,10.68823529,1.476470588,2.935294118,30.79411765,229.0941176,6.682352941,36.72941176,104.8470588,193.3411765,152.6352941,56.35294118,18.9,3,3,3,4,6,14,238,249,265,267,255,238,492,488,475,471,475,452,290,152,114,80,53,41,269,263,260,261,270,310,69,70,71,75,80,81,265,125,89,50,28,17
2001,WIGA,61.88235294,126.8117647,124.4705882,87.86470588,102.7352941,57.07647059,64.74117647,8.994705882,13.94117647,19.08352941,22.03647059,21.03117647,18.6,10.28941176,8.294117647,12.58823529,10.88235294,8.647058824,7.058823529,7.588235294,7.588235294,5.470588235,9.882352941,8.058823529,6,5.235294118,5.235294118,5.588235294,274.7941176,146.8235294,34.57647059,6,12.02352941,55.05882353,221.8176471,2.876470588,14.14117647,56.85882353,118.7647059,95.43529412,33.94117647,15.61176471,7,5,5,7,16,23,265,266,255,253,261,238,394,396,396,395,353,324,642,243,156,129,86,82,341,338,349,352,386,438,57,58,58,57,57,59,527,210,77,70,25,22
2003,WIGA,68.1,140.8,52.4,28.2,40.7,62.6,25.2,8.401176471,14.10705882,19.45882353,22.45117647,21.91411765,17.83647059,11.17058824,7,13,8,7,3,7,7,6,10,6,5,2,6,4,297.6588235,144.5058824,31.05294118,5.717647059,6.552941176,63.38235294,222.4764706,2.776470588,14.63529412,65.1,131.0941176,115.5705882,43.19411765,7.847058824,7,5,5,7,16,23,265,266,255,253,261,238,394,396,396,395,353,324,642,243,156,129,86,82,341,338,349,352,386,438,57,58,58,57,57,59,527,210,77,70,25,22
2004,WIGA,51.5,226.6,145.7,147.6,109.7,149.9,58.8,9.64,14.84941176,19.70764706,22.26764706,21.11647059,18.99823529,11.38647059,5,16,11,11,7,4,8,3,13,10,6,5,3,6,260.5411765,129.8470588,25.24117647,5.847058824,13.74117647,50.48823529,227.2529412,3.688235294,24.55882353,66.40588235,127.4941176,98.44117647,39.12941176,11.31176471,7,5,5,7,16,23,265,266,255,253,261,238,394,396,396,395,353,324,642,243,156,129,86,82,341,338,349,352,386,438,57,58,58,57,57,59,527,210,77,70,25,22
2005,MOMO,57.8,21.6,57.2,28.5,114.7,99.69411765,66.62941176,13.87,16.87,24.9,25.98,25.14,19.46411765,11.61882353,9,7,7,3,10,8,8,7,4,4,2,7,6,4.588235294,143.5,79.5,0,0,0,40.08823529,205.2,9.5,34,196.9,229.4,195.8,124.3,14.67058824,4,3,3,4,4,5,332,335,347,353,356,340,590,585,577,570,561,552,326,180,135,89,53,39,78,80,76,77,83,108,64,64,62,59,60,64,282,146,121,85,44,25
2005,NETK,99.6,124.5,100.7,43,31.8,83.92941176,52.06470588,11.83,15.64,22.91,24.98,23.01,18.92411765,11.17058824,8,9,13,5,5,7,5.823529412,6,6,7,5,3,2,3.705882353,197.1,113.7,0.5,2.5,0,48.14705882,249.1235294,2.1,30.1,137.8,179.9,145,93.9,11.57647059,14.27247956,13.9373297,13.93051771,16.05040872,24.30517711,34.18256131,288.0217984,290.972752,305.8978202,319.5490463,316.2152589,288.8964578,487.5762943,485.9918256,476.1103542,465.5776567,448.5517711,431.5435967,454.619891,233.9114441,172.1553134,122.5776567,96.49182561,79.87874659,224.3719346,223.0122616,217.9564033,214.866485,235.1716621,279.5762943,63.57629428,63.73978202,63.69209809,64.5599455,67.00953678,70.52179837,384.1839237,223.3501362,153.9768392,102.3841962,59.81743869,44.06811989
2007,SDHU,48.7,188.3,158.2,5,55.01764706,75.72941176,64.87058824,6.54,16.79,21.06,24.58,22.09117647,18.53882353,10.09941176,7,11,10,3,11,8.411764706,6.294117647,4,6,4,1,7,5.470588235,4.352941176,356.1,73.7,14.9,0,3.211764706,64.36470588,252.3588235,2.5,25.8,96.6,193.7,111.7,47.82941176,11.91176471,14.27247956,13.9373297,13.93051771,16.05040872,24.30517711,34.18256131,288.0217984,290.972752,305.8978202,319.5490463,316.2152589,288.8964578,487.5762943,485.9918256,476.1103542,465.5776567,448.5517711,431.5435967,454.619891,233.9114441,172.1553134,122.5776567,96.49182561,79.87874659,224.3719346,223.0122616,217.9564033,214.866485,235.1716621,279.5762943,63.57629428,63.73978202,63.69209809,64.5599455,67.00953678,70.52179837,384.1839237,223.3501362,153.9768392,102.3841962,59.81743869,44.06811989
2008,ONKT,34.4,54.1,160.6,115.2,56.1,69.23529412,46.83529412,9.86,12.25,20.49,22.5,21.06,17.70294118,10.18117647,9,13,20,11,13,12,6.470588235,6,7,13,10,5,9,4.764705882,254.3,186.9,18.4,3.3,3.1,66.81764706,273.4176471,0,5.2,83.4,132.5,87.5,37.7,6.782352941,40,40,37,38,68,83,254,269,300,302,285,284,398,388,374,374,389,361,733,291,127,108,191,193,348,343,327,324,326,356,65,65,66,68,70,70,760,275,129,116,47,40
2006,IAPC,125.2,55.7,49.1,92.4,125.3,92.92941176,53.34117647,13.81,17.28,21.93,25.92,23.72,18.87058824,11.37588235,10,12,11,6,13,8,6.941176471,9,7,6,4,9,4,3.647058824,139.5,81.1,6.7,0,0,50.5,208.0470588,9.7,54.5,109.9,235.2,167.1,27.8,9.611764706,4,4,4,4,5,8,324,320,332,354,347,332,655,659,649,628,633,648,409,208,159,102,61,42,21,21,19,18,20,20,63,62,60,59,60,69,282,216,141,90,40,20
2007,IAPC,100.2,192.2,142.5,134.9,207.6,76.44117647,109.6411765,9.71,19.2,22.27,23.73,25.53,18.15,11.21764706,10,13,11,6,16,10,10,5,10,8,4,10,5,6.411764706,268.5,30.4,0.6,0,0,52.77647059,222.5941176,9.8,55.1,106.2,167.4,215.9,82.2,8.088235294,4,4,4,4,5,8,324,320,332,354,347,332,655,659,649,628,633,648,409,208,159,102,61,42,21,21,19,18,20,20,63,62,60,59,60,69,282,216,141,90,40,20
2008,IAPC,152.4,151.7,195.1,144.3,60.6,149.4058824,60.15882353,10.32,15.26,22.23,23.38,21.97,17.53529412,10.99411765,13,10,13,15,9,13,6.352941176,8,7,10,9,6,10,4.588235294,213.9,103,1.1,0,0.9,67.34117647,224.8529412,0.9,13.9,118.1,151.3,103.1,50.5,3.741176471,4,4,4,4,5,8,324,320,332,354,347,332,655,659,649,628,633,648,409,208,159,102,61,42,21,21,19,18,20,20,63,62,60,59,60,69,282,216,141,90,40,20
2004,ILIR,4.5,101.2294118,44.2,192.4,229.1,0,82.60588235,10.37882353,22.06,21.21176471,22.70411765,21.62764706,22.38,11.30764706,2,10.17647059,3,10.23529412,5,0,9.705882353,1,7.588235294,3,7.411764706,3,0,5.882352941,244.0823529,64.85294118,14.85882353,2.164705882,14.52352941,1.7,214.2294118,8.447058824,47.27647059,98.70588235,135.3941176,128.5058824,113.7,10.6,7,5,5,5,6,11,313,313,324,346,346,334,546,541,540,526,535,496,305,144,101,77,88,71,141,146,136,128,120,170,61,61,58,57,58,63,263,104,60,34,24,17
2005,ILIR,129.7,96.14705882,26.2,39.6,82.15882353,72.4,36.9,15.15,18.53,25.45,26.81,24.67705882,23.42,11.42882353,10,8.176470588,3,5,7.588235294,3,2,10,5.647058824,3,3,5.411764706,3,2,118.9,50.2,0.5,0,0.182352941,4.5,207.0823529,23.3,54.3,186.3,231,186.5647059,154,18.21764706,7,5,5,5,6,11,313,313,324,346,346,334,546,541,540,526,535,496,305,144,101,77,88,71,141,146,136,128,120,170,61,61,58,57,58,63,263,104,60,34,24,17
2007,ILIR,98.48823529,75.44705882,105.8117647,109.2823529,90.22941176,94.78823529,54.89411765,11.66588235,17.95,22.26823529,23.67411765,23.52352941,19.03294118,11.14588235,10.05882353,10.41176471,10.76470588,9.705882353,8.117647059,7.823529412,7.235294118,7.058823529,5.823529412,7.117647059,6.764705882,5.352941176,5.470588235,4.235294118,202.7529412,70.60588235,7.388235294,0.329411765,2.588235294,41.69411765,211.9117647,6.417647059,47.1,119.5588235,160.4764706,159.7117647,77.40588235,10.82941176,7,5,5,5,6,11,313,313,324,346,346,334,546,541,540,526,535,496,305,144,101,77,88,71,141,146,136,128,120,170,61,61,58,57,58,63,263,104,60,34,24,17
2000,IAWS,36.9,111.2,177.8,110.5,46.9,34.6,48,9.427647059,15.48470588,20.41647059,22.54117647,22.15705882,17.08941176,11.88352941,4,11,9,6,4,3,5,3,9,9,6,3,3,4,261.6705882,107.3647059,16.35294118,2.223529412,4.852941176,77.57058824,208.4235294,2.764705882,20.34117647,78.04117647,129.2176471,122.2294118,52.33529412,12.87058824,20,19,20,21,42,60,305,307,309,311,283,250,281,283,281,283,299,333,328,277,220,117,72,36,413,410,410,406,418,417,64,64,64,65,69,76,276,285,169,105,35,23
2003,IAWS,103.1,100.1,114.3,155.2,15.7,41.2,20.1,9.914117647,14.92352941,20.30941176,22.74882353,22.69529412,17.35588235,11.34294118,8,9,9,7,3,3,3,7,7,9,7,2,3,2,252.4294118,115.5647059,19.98235294,1.311764706,1.670588235,75.47058824,200.9588235,5.370588235,12.57058824,77.02352941,135.1294118,136.3588235,38.08235294,6.935294118,20,19,20,21,42,60,305,307,309,311,283,250,281,283,281,283,299,333,328,277,220,117,72,36,413,410,410,406,418,417,64,64,64,65,69,76,276,285,169,105,35,23
2006,IAWS,97.85294118,82.3,130.7764706,194.8,65.8,158.5,55.9,10.64941176,16.11411765,21.12058824,23.14529412,22.44470588,18.82470588,11.77588235,10.11764706,5,11.88235294,5,6,8,4,7.058823529,5,8.470588235,5,6,8,4,228.6764706,95.42352941,16.72352941,1.564705882,2.382352941,67.24705882,197.3,4.688235294,28.44117647,97.60588235,147.4882353,130.6,53.7,12.98235294,20,19,20,21,42,60,305,307,309,311,283,250,281,283,281,283,299,333,328,277,220,117,72,36,413,410,410,406,418,417,64,64,64,65,69,76,276,285,169,105,35,23
2007,IAWS,98.58235294,93.77058824,111.1058824,112.7411765,104.5117647,92.48235294,71.42352941,10.52352941,15.77823529,21.67058824,23.76176471,23.04823529,18.33470588,11.66470588,9.647058824,10,10,7.705882353,8.941176471,8.352941176,6.882352941,6.882352941,6.647058824,7.058823529,5.588235294,5.941176471,5.764705882,4.647058824,233.6764706,103.9176471,9.064705882,0.6,1.029411765,63.85882353,208.7294118,6.717647059,26.91176471,107.5411765,165.6235294,146.1411765,48.15294118,6.370588235,20,19,20,21,42,60,305,307,309,311,283,250,281,283,281,283,299,333,328,277,220,117,72,36,413,410,410,406,418,417,64,64,64,65,69,76,276,285,169,105,35,23
2008,IAGS,70.6,116.7,167.1,135.8,41.9,106.3235294,55.62352941,5.86,13.26,19.93,22.71,20.77,17.41235294,10.81882353,7,13,11,9,7,9,5.764705882,5,7,9,7,5,8,3.764705882,374.3,161.9,5.9,0,2.5,70.81764706,240.5647059,0,4.5,53.7,131.2,75.5,23.4,4.005882353,18,17,17,18,22,36,265,262,265,267,240,229,376,380,386,384,394,400,351,296,199,110,77,49,359,357,349,349,366,370,72,72,72,73,78,79,332,207,145,114,37,18
2000,IAOT,65.69411765,125.7,118.4823529,90.17647059,97.41764706,63.63529412,68.95882353,9.944705882,15.17470588,20.88764706,23.19941176,22.06823529,16.90058824,11.66470588,8.411764706,12.05882353,9.294117647,7.764705882,6.882352941,5.647058824,7.411764706,5.941176471,8.705882353,7.176470588,5.058823529,5,4,4.470588235,251.1588235,119,18.28823529,2.041176471,6.423529412,81.94117647,208.7294118,6.929411765,24.12941176,89.07647059,148.8117647,119.1,47.94117647,2.9,20,16,16,16,14,33,347,361,377,396,388,363,530,517,503,496,500,494,376,205,125,85,70,59,123,122,120,108,112,142,64,63,62,61,61,66,280,189,119,66,44,29
2001,IAOT,33.2,248.5,141.8,76,154.7,53.1,177.7,11.38470588,16.50882353,20.58647059,23.16411765,21.09,18.08470588,11.61176471,6,17,14,4,8,8,9,2,11,9,3,5,6,8,214.7705882,88.82941176,22.62941176,3.223529412,20.31764706,57.87647059,221.6647059,8.382352941,34.11764706,82.76470588,151.1588235,118.1235294,48.05294118,13.09411765,20,16,16,16,14,33,347,361,377,396,388,363,530,517,503,496,500,494,376,205,125,85,70,59,123,122,120,108,112,142,64,63,62,61,61,66,280,189,119,66,44,29
2002,IAOT,45.8,168,60.9,65.3,121.9,25.2,75.4,10.51235294,16.12529412,20.22647059,22.17941176,20.05823529,18.63176471,11.31117647,7,13,6,5,5,2,13,6,10,5,3,5,1,6,238.2823529,100.6058824,23.88235294,5.247058824,24.83529412,48.61176471,211.2529412,7.947058824,32.97647059,79.09411765,122.1058824,77.88235294,52.04705882,11.79411765,20,16,16,16,14,33,347,361,377,396,388,363,530,517,503,496,500,494,376,205,125,85,70,59,123,122,120,108,112,142,64,63,62,61,61,66,280,189,119,66,44,29
2003,IAOT,93.4,38.4,116.5,28.7,41.6,65,15,11.52,16.88647059,22.09352941,23.73823529,24.08588235,17.88823529,11.43352941,9,7,8,7,5,6,5,8,5,8,3,1,6,2,209.0352941,90.28235294,9.682352941,0.782352941,0.682352941,66.52352941,213.4882353,8.888235294,45.11176471,118.9117647,166.5529412,174.8764706,70.55882353,14.28235294,20,16,16,16,14,33,347,361,377,396,388,363,530,517,503,496,500,494,376,205,125,85,70,59,123,122,120,108,112,142,64,63,62,61,61,66,280,189,119,66,44,29
2004,IAOT,46.8,180.8,114,68.8,248.9,16.3,93.5,9.490588235,15.78117647,20.65647059,22.51058824,20.73352941,18.10117647,10.87705882,3,14,11,9,13,2,12,2,12,5,5,10,1,8,269.4647059,105.9352941,15.68235294,2.982352941,18.50588235,47.31176471,227.8823529,6.752941176,27.53529412,84.04705882,131.3176471,96.13529412,53.37058824,10.40588235,20,16,16,16,14,33,347,361,377,396,388,363,530,517,503,496,500,494,376,205,125,85,70,59,123,122,120,108,112,142,64,63,62,61,61,66,280,189,119,66,44,29
2005,IAOT,81.7,58.8,145.3,68.8,77.9,75.5,41.8,9.464117647,15.25588235,21.17705882,23.13411765,22.46294118,17.56352941,11.53705882,10,9,8,7,9,8,6,6,6,7,4,6,5,4,265.5235294,116.9176471,13.32941176,1.370588235,2.752941176,71.80588235,203.3823529,4.611764706,23.08235294,90.81764706,147.6352941,123.9352941,57.05294118,14.66470588,20,16,16,16,14,33,347,361,377,396,388,363,530,517,503,496,500,494,376,205,125,85,70,59,123,122,120,108,112,142,64,63,62,61,61,66,280,189,119,66,44,29
2006,IAOT,68.1,77.2,52.1,94,167.1,51.1,70.7,10.18588235,15.13647059,21.58,24.29588235,21.87235294,18.58117647,11.22470588,11,10,7,7,16,9,10,8,6,4,6,12,8,4,246.7235294,130.0411765,11.60588235,0.423529412,4.641176471,61.05294118,215.8588235,5.711764706,31.42941176,106.8882353,180.2823529,110.9235294,39.21764706,12.68823529,20,16,16,16,14,33,347,361,377,396,388,363,530,517,503,496,500,494,376,205,125,85,70,59,123,122,120,108,112,142,64,63,62,61,61,66,280,189,119,66,44,29
2008,IAOT,139.3352941,133.0470588,272.8,222.8,0,145.5,28.2,8.653529412,14.84764706,20.76705882,23.16470588,21.84647059,17.99352941,11.89117647,11.41176471,11,9,6,0,7,2,8.647058824,7.764705882,9,6,0,6,2,283.9294118,119.1235294,9.511764706,0.647058824,3.017647059,64.38823529,196.6,0.411764706,14.39411765,80.96470588,146.5058824,106.5823529,52.67647059,8.394117647,20,16,16,16,14,33,347,361,377,396,388,363,530,517,503,496,500,494,376,205,125,85,70,59,123,122,120,108,112,142,64,63,62,61,61,66,280,189,119,66,44,29
2001,WILR,71.70588235,132.4411765,130.1235294,87.51764706,106.5588235,57.07647059,64.74117647,8.564117647,13.54705882,18.87529412,21.53764706,20.37882353,18.6,10.28941176,10.29411765,14.41176471,12.35294118,9,9,7.411764706,7.588235294,5.882352941,10,8.411764706,5.764705882,5.235294118,5.235294118,5.588235294,292.0294118,155.9941176,38.54705882,8.241176471,18.7,55.05882353,221.8176471,2.888235294,11.73529412,55.06470588,105.1117647,84.05294118,35.46470588,15.61176471,14.27247956,13.9373297,13.93051771,16.05040872,24.30517711,34.18256131,288.0217984,290.972752,305.8978202,319.5490463,316.2152589,288.8964578,487.5762943,485.9918256,476.1103542,465.5776567,448.5517711,431.5435967,454.619891,233.9114441,172.1553134,122.5776567,96.49182561,79.87874659,224.3719346,223.0122616,217.9564033,214.866485,235.1716621,279.5762943,63.57629428,63.73978202,63.69209809,64.5599455,67.00953678,70.52179837,384.1839237,223.3501362,153.9768392,102.3841962,59.81743869,44.06811989
2000,OHPT,88.71176471,114.5647059,98.56470588,128.9117647,121.8294118,97.56470588,83.97058824,10.13647059,14.72352941,20.37117647,21.91,21.81058824,19.3,10.28941176,11.94117647,13,11.76470588,11.47058824,9.176470588,9.294117647,9.117647059,7.411764706,9.294117647,7.529411765,8.117647059,5.705882353,5.117647059,5.647058824,245.2588235,143.3235294,24.29411765,4.605882353,7.564705882,44.52941176,221.8176471,2.488235294,23.27058824,84.87647059,114.6647059,113.4294118,40.07058824,17.15294118,16,15,15,18,46,76,276,273,326,354,311,226,533,537,503,471,469,440,289,179,127,81,67,59,191,190,170,175,220,334,68,68,69,71,77,80,333,177,113,93,50,44
2001,OHPT,117.3,136.1,63.4,189.8,167.1,134.7,165.9,11.69647059,16.47529412,21.78588235,24.16117647,22.83,18.46705882,11.24235294,13,14,12,10,13,11,10,6,11,8,10,8,6,8,204.9,97.07058824,11.68823529,0.764705882,2.547058824,61.75882353,219.7,9.064705882,45.08235294,113.3705882,178.9,134.1352941,38.97647059,19.21764706,16,15,15,18,46,76,276,273,326,354,311,226,533,537,503,471,469,440,289,179,127,81,67,59,191,190,170,175,220,334,68,68,69,71,77,80,333,177,113,93,50,44
2002,OHPT,179.1,134.6,79.5,52.4,37.6,128.1,53.6,10.21529412,15.97176471,21.54352941,24.36529412,23.51411765,18.33823529,10.96588235,18,13,11,7,6,8,8,11,10,5,4,3,6,4,247.5176471,105.4058824,13.70588235,1.082352941,3.105882353,64.31176471,229.7647059,4.747058824,32.35882353,109.8529412,184.6,151.3764706,66.92941176,8.817647059,16,15,15,18,46,76,276,273,326,354,311,226,533,537,503,471,469,440,289,179,127,81,67,59,191,190,170,175,220,334,68,68,69,71,77,80,333,177,113,93,50,44
2003,OHPT,45.5,101.5,77.5,215.7,134.6,134.4,65.8,11.99411765,14.87823529,21.32941176,23.37705882,21.65941176,18.70470588,11.38823529,7,17,14,16,7,11,5,5,12,9,9,5,6,4,209.0882353,138.3,22.47058824,4.094117647,13.99411765,59.95882353,205.3411765,18.85294118,37.29411765,112.3823529,158.2647059,118.3647059,45.95294118,17.85882353,16,15,15,18,46,76,276,273,326,354,311,226,533,537,503,471,469,440,289,179,127,81,67,59,191,190,170,175,220,334,68,68,69,71,77,80,333,177,113,93,50,44
2004,OHPT,53.2,161.1,116.7,84.1,93.1,24.2,43.5,9.294705882,14.70882353,19.71294118,22.29529412,20.14647059,18.51176471,11.17058824,14,15,13,12,6,6,10,6,12,7,8,3,1,6,271.7352941,131.8764706,23.32941176,6.235294118,23.32941176,56.58823529,231.9176471,1.6,20.18235294,64.35882353,129.0647059,88.87647059,35.93529412,7.635294118,16,15,15,18,46,76,276,273,326,354,311,226,533,537,503,471,469,440,289,179,127,81,67,59,191,190,170,175,220,334,68,68,69,71,77,80,333,177,113,93,50,44
2005,OHPT,119.9,44.2,71.2,62.9,129.8,103.9,74.3,11.10294118,15.81,22.3,24.12588235,23.35058824,18.33058824,10.58058824,13,12,10,10,13,7,11,10,4,5,7,9,6,4,220.9058824,110.2176471,10.81176471,1.235294118,1.3,63.8,242.5411765,6.782352941,34.22352941,127.9058824,177.9117647,152.7058824,47.42941176,14.97647059,16,15,15,18,46,76,276,273,326,354,311,226,533,537,503,471,469,440,289,179,127,81,67,59,191,190,170,175,220,334,68,68,69,71,77,80,333,177,113,93,50,44
2006,OHPT,77.6,95.6,111.8,225.3,96.2,73.7,127.2,11.23411765,14.49470588,21.06294118,22.89176471,21.87764706,18.44705882,11.5,12,18,14,12,9,15,12,8,12,9,11,5,6,8,225.1,134.6058824,22.8,4.317647059,16.01176471,57.46470588,200.0058824,12.30588235,33.21176471,104.2588235,143.8941176,123.8058824,44.94117647,14.6,16,15,15,18,46,76,276,273,326,354,311,226,533,537,503,471,469,440,289,179,127,81,67,59,191,190,170,175,220,334,68,68,69,71,77,80,333,177,113,93,50,44
2007,OHPT,75.2,35.8,72,86.6,103.9,99.3,75.2,10.23529412,14.87823529,20.8,22.62352941,21.35352941,18.74117647,10.78529412,14,6,10,10,9,5,10,8,3,7,4,6,3,6,250.5176471,141.9,23.84117647,4.535294118,16.60588235,54.97058824,239.6294118,8.994117647,35.94705882,96.88823529,136.1823529,116.9117647,40.97647059,14.64705882,16,15,15,18,46,76,276,273,326,354,311,226,533,537,503,471,469,440,289,179,127,81,67,59,191,190,170,175,220,334,68,68,69,71,77,80,333,177,113,93,50,44
2008,OHPT,45.5,123.6,156.2,128.8,37.4,78.3,31.8,10.18117647,15.02941176,20.69941176,22.86235294,21.72058824,18.41058824,11.39470588,10,14,11,6,6,7,6,5,10,6,6,4,5,3,244.2,124.3058824,15.45294118,3.505882353,6.652941176,65.2,215.0411765,3.211764706,23.31764706,85.00588235,143.0176471,115.9529412,47.82941176,9.111764706,16,15,15,18,46,76,276,273,326,354,311,226,533,537,503,471,469,440,289,179,127,81,67,59,191,190,170,175,220,334,68,68,69,71,77,80,333,177,113,93,50,44
2004,MONE,100.1,108.8,93.8,117.3,75.1,102.4823529,49.04117647,13.7,19.92,22.25,23.91,22.6,18.89235294,11.34411765,9,9,13,15,11,3,6.647058824,7,6,8,10,7,2,3.882352941,151.7,51.4,0.8,0.6,4.9,45.82352941,204.7117647,12.8,100.5,118.4,167.5,133.9,104.4,10.64705882,14.27247956,13.9373297,13.93051771,16.05040872,24.30517711,34.18256131,288.0217984,290.972752,305.8978202,319.5490463,316.2152589,288.8964578,487.5762943,485.9918256,476.1103542,465.5776567,448.5517711,431.5435967,454.619891,233.9114441,172.1553134,122.5776567,96.49182561,79.87874659,224.3719346,223.0122616,217.9564033,214.866485,235.1716621,279.5762943,63.57629428,63.73978202,63.69209809,64.5599455,67.00953678,70.52179837,384.1839237,223.3501362,153.9768392,102.3841962,59.81743869,44.06811989
2005,MONE,62.1,70.6,152.6,118.7,116.3,106.2882353,52.23529412,13.99,18.73,24.63,26.2,26.2,21.05058824,11.90176471,10,6,11,5,10,6,7.470588235,6,3,7,5,7,5,4.647058824,142.7,55.5,0,0,0,25.28235294,173.8529412,12.6,67.8,188.9,243.7,236.1,159.8,25.51764706,14.27247956,13.9373297,13.93051771,16.05040872,24.30517711,34.18256131,288.0217984,290.972752,305.8978202,319.5490463,316.2152589,288.8964578,487.5762943,485.9918256,476.1103542,465.5776567,448.5517711,431.5435967,454.619891,233.9114441,172.1553134,122.5776567,96.49182561,79.87874659,224.3719346,223.0122616,217.9564033,214.866485,235.1716621,279.5762943,63.57629428,63.73978202,63.69209809,64.5599455,67.00953678,70.52179837,384.1839237,223.3501362,153.9768392,102.3841962,59.81743869,44.06811989
2007,MONE,89.32941176,127.2882353,119.6588235,85.8,114.3058824,128.2,55.54117647,13.82117647,18.36764706,23.10235294,25.36647059,25.58529412,19.65058824,10.76294118,8.764705882,9.647058824,8.470588235,6.588235294,8.176470588,6.941176471,7,6.176470588,6.352941176,6.352941176,4.470588235,6,5,3.823529412,151.2,55.28235294,5.041176471,0.152941176,0.994117647,38.40588235,258.5882353,19.69411765,55.98823529,143.6529412,210.4470588,217.3058824,94.43529412,14.32941176,14.27247956,13.9373297,13.93051771,16.05040872,24.30517711,34.18256131,288.0217984,290.972752,305.8978202,319.5490463,316.2152589,288.8964578,487.5762943,485.9918256,476.1103542,465.5776567,448.5517711,431.5435967,454.619891,233.9114441,172.1553134,122.5776567,96.49182561,79.87874659,224.3719346,223.0122616,217.9564033,214.866485,235.1716621,279.5762943,63.57629428,63.73978202,63.69209809,64.5599455,67.00953678,70.52179837,384.1839237,223.3501362,153.9768392,102.3841962,59.81743869,44.06811989
2001,NEHR,68.9,90.97058824,84.84117647,65.60588235,68.37058824,70.77058824,86.42941176,10.9,16.17058824,21.41117647,24.58058824,23.24882353,20.15764706,10.28941176,8.176470588,9.764705882,8.352941176,8.235294118,7.941176471,6.294117647,6.705882353,5,6.058823529,5.588235294,4.764705882,4.588235294,4.352941176,4.941176471,223.4411765,98.01764706,18.62352941,1.829411765,4.435294118,34.46470588,231.5235294,6.047058824,31.85882353,110.2941176,193.7117647,152.7235294,53.97058824,11.71764706,14.27247956,13.9373297,13.93051771,16.05040872,24.30517711,34.18256131,288.0217984,290.972752,305.8978202,319.5490463,316.2152589,288.8964578,487.5762943,485.9918256,476.1103542,465.5776567,448.5517711,431.5435967,454.619891,233.9114441,172.1553134,122.5776567,96.49182561,79.87874659,224.3719346,223.0122616,217.9564033,214.866485,235.1716621,279.5762943,63.57629428,63.73978202,63.69209809,64.5599455,67.00953678,70.52179837,384.1839237,223.3501362,153.9768392,102.3841962,59.81743869,44.06811989
2002,KSSU,39.7,15.9,39.7,23.9,66.1,72.24705882,67.75882353,13.11,16.73,24.77,25.84,24.46,18.97294118,10.98,6,7,6,7,8,4,6.117647059,3,3,3,2,4,2,3.941176471,169.2,83.4,2.5,0,2.5,48.44117647,227.2235294,12.5,33.6,195.4,232.7,179.7,80.6,12.15294118,4,4,4,4,7,5,248,256,280,277,291,270,398,399,383,402,400,413,118,95,79,62,49,46,354,345,337,320,308,317,73,73,74,78,80,81,112,92,70,50,31,25
2003,KSSU,17.3,65.8,96.9,2.5,53.1,72.4,0,13.05,17.54764706,22.54529412,25.45705882,25.37,17.4,14.21,4,5,9.176470588,1,2,4,0,3,3,6.058823529,1,2,4,0,153.7,73.7,8.952941176,0.688235294,0,58.8,138.5,11.1,49.20588235,132.7470588,218.1294118,212,30.7,10.6,4,4,4,4,7,5,248,256,280,277,291,270,398,399,383,402,400,413,118,95,79,62,49,46,354,345,337,320,308,317,73,73,74,78,80,81,112,92,70,50,31,25
2006,KSSU,8.1,88.75294118,84.05882353,71.7,88.4,69.51764706,76.9,14.88,17.63823529,22.80588235,26.13,24.26,18.12,11.30294118,3,9.529411765,8.470588235,2,5,6.058823529,7.764705882,2,6.058823529,5.647058824,2,5,4.294117647,5.117647059,123.5,76.29411765,7.558823529,0,0.5,43.6,214.2941176,20,54.54705882,138.7411765,236.8,179,37.2,13.91764706,4,4,4,4,7,5,248,256,280,277,291,270,398,399,383,402,400,413,118,95,79,62,49,46,354,345,337,320,308,317,73,73,74,78,80,81,112,92,70,50,31,25
2000,KYMA,111.9,238.4,102,42.5,46.3,88.13529412,70.5,14.44,20.85,24.07,25.29,26.68,20,11.90764706,10,13,8,8,9,9,8.352941176,8,10,5,4,5,6,6.117647059,127.9,7.8,2.2,0,0,27.52352941,181.8882353,11.1,77.8,174.3,206.3,251.2,122.5,15.01176471,14.27247956,13.9373297,13.93051771,16.05040872,24.30517711,34.18256131,288.0217984,290.972752,305.8978202,319.5490463,316.2152589,288.8964578,487.5762943,485.9918256,476.1103542,465.5776567,448.5517711,431.5435967,454.619891,233.9114441,172.1553134,122.5776567,96.49182561,79.87874659,224.3719346,223.0122616,217.9564033,214.866485,235.1716621,279.5762943,63.57629428,63.73978202,63.69209809,64.5599455,67.00953678,70.52179837,384.1839237,223.3501362,153.9768392,102.3841962,59.81743869,44.06811989
2004,KYMA,91.88235294,108.2294118,78.18823529,104.9,82.99411765,80.89411765,78.41764706,13.16764706,18.23470588,22.99235294,25.62588235,24.63705882,18.06235294,10.82823529,8.588235294,9.941176471,8.117647059,7.705882353,6.941176471,5.882352941,8.588235294,6.235294118,7.117647059,5.705882353,6.235294118,5,4.352941176,5.117647059,163.8058824,59.14705882,6.364705882,1.247058824,1.835294118,51.21764706,245.7,11.55294118,55.44117647,142.8058824,222.6705882,193.5176471,82.43529412,7.352941176,14.27247956,13.9373297,13.93051771,16.05040872,24.30517711,34.18256131,288.0217984,290.972752,305.8978202,319.5490463,316.2152589,288.8964578,487.5762943,485.9918256,476.1103542,465.5776567,448.5517711,431.5435967,454.619891,233.9114441,172.1553134,122.5776567,96.49182561,79.87874659,224.3719346,223.0122616,217.9564033,214.866485,235.1716621,279.5762943,63.57629428,63.73978202,63.69209809,64.5599455,67.00953678,70.52179837,384.1839237,223.3501362,153.9768392,102.3841962,59.81743869,44.06811989
2006,KYMA,89.12352941,107.3411765,70.06470588,103.5294118,86.42941176,80.89411765,78.41764706,13.28235294,18.23470588,22.99235294,25.62588235,24.77941176,18.06235294,10.82823529,8.235294118,9.882352941,7.647058824,7.529411765,7.235294118,5.882352941,8.588235294,6.058823529,6.941176471,5.294117647,6.176470588,5.117647059,4.058823529,5.117647059,160.6235294,59.14705882,6.364705882,1.247058824,1.423529412,51.21764706,250.2588235,11.81176471,55.44117647,142.8058824,222.6705882,197.1647059,81.62352941,7.352941176,14.27247956,13.9373297,13.93051771,16.05040872,24.30517711,34.18256131,288.0217984,290.972752,305.8978202,319.5490463,316.2152589,288.8964578,487.5762943,485.9918256,476.1103542,465.5776567,448.5517711,431.5435967,454.619891,233.9114441,172.1553134,122.5776567,96.49182561,79.87874659,224.3719346,223.0122616,217.9564033,214.866485,235.1716621,279.5762943,63.57629428,63.73978202,63.69209809,64.5599455,67.00953678,70.52179837,384.1839237,223.3501362,153.9768392,102.3841962,59.81743869,44.06811989
2007,KYMA,87.27647059,107.3411765,70.06470588,101.2,83.89411765,80.89411765,78.41764706,13.15235294,18.23470588,22.99235294,25.62588235,24.94235294,18.06235294,10.82823529,8.117647059,9.882352941,7.647058824,7.352941176,7.058823529,5.882352941,8.588235294,5.764705882,6.941176471,5.294117647,5.941176471,4.941176471,4.058823529,5.117647059,164.6352941,59.14705882,6.364705882,1.247058824,1.370588235,51.21764706,250.2588235,11.92352941,55.44117647,142.8058824,222.6705882,202.1705882,81.62352941,7.352941176,14.27247956,13.9373297,13.93051771,16.05040872,24.30517711,34.18256131,288.0217984,290.972752,305.8978202,319.5490463,316.2152589,288.8964578,487.5762943,485.9918256,476.1103542,465.5776567,448.5517711,431.5435967,454.619891,233.9114441,172.1553134,122.5776567,96.49182561,79.87874659,224.3719346,223.0122616,217.9564033,214.866485,235.1716621,279.5762943,63.57629428,63.73978202,63.69209809,64.5599455,67.00953678,70.52179837,384.1839237,223.3501362,153.9768392,102.3841962,59.81743869,44.06811989
2000,ONSR,84.1,109.2,153.9,96.5,38.7,96.91176471,50.77647059,7.57,16.06,20.35,20.95,22.01,17.73294118,10.18117647,13,11,16,11,11,11,6,5,6,12,9,6,7,4.058823529,288.6,95.2,19.9,3,4.7,66.78235294,271.3294118,0,27.8,80.5,80.6,104.2,47.3,5.929411765,35,40,40,40,60,91,232,229,240,244,241,221,382,388,376,377,369,378,1026,540,379,367,405,374,385,383,383,379,390,401,68,69,69,71,74,75,883,335,290,215,113,93
2008,ONEL,39.9,76.4,78.2,122.3,110.5,76.53529412,60.05882353,7.88,9.91,18,19.64,17.68,16.99411765,10.09,8,15,17,13,9,9,8.176470588,4,6,6,8,5,7,4.941176471,313.7,262.1,51.4,12.5,43.2,76.79411765,263.8764706,0,1,41.4,53.1,22.8,5.5,5.494117647,37,38,38,44,61,71,211,200,213,221,218,226,398,400,378,367,396,379,632,248,163,130,222,196,391,400,409,413,386,395,71,72,73,74,75,75,388,254,123,46,34,27
2000,INWH,80.38235294,120.5235294,111.0705882,110.6588235,96.08823529,101.0117647,84.27058824,11.25117647,17.21352941,21.16882353,23.64176471,22.95529412,18.80176471,10.75352941,9,11.52941176,10.58823529,9.647058824,8.705882353,7.235294118,8.882352941,6.411764706,8.764705882,7.352941176,7.058823529,6,4.764705882,5.705882353,212.0764706,81.27058824,16.47058824,1.888235294,6.664705882,40.77058824,237.7882353,5.676470588,47,100.8411765,164.2117647,149.8117647,56.75882353,9.1,14.27247956,13.9373297,13.93051771,16.05040872,24.30517711,34.18256131,288.0217984,290.972752,305.8978202,319.5490463,316.2152589,288.8964578,487.5762943,485.9918256,476.1103542,465.5776567,448.5517711,431.5435967,454.619891,233.9114441,172.1553134,122.5776567,96.49182561,79.87874659,224.3719346,223.0122616,217.9564033,214.866485,235.1716621,279.5762943,63.57629428,63.73978202,63.69209809,64.5599455,67.00953678,70.52179837,384.1839237,223.3501362,153.9768392,102.3841962,59.81743869,44.06811989
2001,INWH,81.88823529,118.7,114.0235294,114.7705882,96.08823529,101.0117647,84.27058824,11.25117647,17.21352941,21.16882353,23.64176471,22.95529412,18.80176471,10.75352941,9.352941176,11.64705882,10.76470588,9.764705882,8.705882353,7.823529412,8.882352941,6.529411765,8.941176471,7.529411765,7.117647059,6,5.411764706,5.705882353,212.0764706,81.27058824,16.47058824,1.888235294,6.664705882,40.77058824,237.7882353,5.676470588,47,100.8411765,164.2117647,149.8117647,56.75882353,9.1,14.27247956,13.9373297,13.93051771,16.05040872,24.30517711,34.18256131,288.0217984,290.972752,305.8978202,319.5490463,316.2152589,288.8964578,487.5762943,485.9918256,476.1103542,465.5776567,448.5517711,431.5435967,454.619891,233.9114441,172.1553134,122.5776567,96.49182561,79.87874659,224.3719346,223.0122616,217.9564033,214.866485,235.1716621,279.5762943,63.57629428,63.73978202,63.69209809,64.5599455,67.00953678,70.52179837,384.1839237,223.3501362,153.9768392,102.3841962,59.81743869,44.06811989
2002,INWH,81.88823529,118.7,114.0235294,114.7705882,101.0529412,101.0117647,84.27058824,11.14352941,17.21352941,21.16882353,23.64176471,22.95529412,18.80176471,10.75352941,9.352941176,11.64705882,10.76470588,9.764705882,8.823529412,7.823529412,8.882352941,6.529411765,8.941176471,7.529411765,7.117647059,6.176470588,5.411764706,5.705882353,212.0764706,81.27058824,16.47058824,1.888235294,6.664705882,40.77058824,237.7882353,5.676470588,47,100.8411765,164.2117647,151.6294118,58.71176471,9.1,14.27247956,13.9373297,13.93051771,16.05040872,24.30517711,34.18256131,288.0217984,290.972752,305.8978202,319.5490463,316.2152589,288.8964578,487.5762943,485.9918256,476.1103542,465.5776567,448.5517711,431.5435967,454.619891,233.9114441,172.1553134,122.5776567,96.49182561,79.87874659,224.3719346,223.0122616,217.9564033,214.866485,235.1716621,279.5762943,63.57629428,63.73978202,63.69209809,64.5599455,67.00953678,70.52179837,384.1839237,223.3501362,153.9768392,102.3841962,59.81743869,44.06811989
2003,INWH,77.19411765,118.7,110.3705882,114.7705882,104.2823529,101.0117647,84.27058824,11.14352941,17.28647059,21.27058824,23.58352941,22.95529412,18.80176471,10.75352941,9.058823529,11.64705882,10.94117647,9.764705882,9,7.823529412,8.882352941,6.294117647,8.941176471,7.647058824,7.117647059,6.294117647,5.411764706,5.705882353,211.4117647,81.82941176,15.81764706,1.888235294,6.664705882,40.77058824,237.7882353,6.588235294,49.81764706,103.2411765,162.4,151.6294118,58.71176471,9.1,14.27247956,13.9373297,13.93051771,16.05040872,24.30517711,34.18256131,288.0217984,290.972752,305.8978202,319.5490463,316.2152589,288.8964578,487.5762943,485.9918256,476.1103542,465.5776567,448.5517711,431.5435967,454.619891,233.9114441,172.1553134,122.5776567,96.49182561,79.87874659,224.3719346,223.0122616,217.9564033,214.866485,235.1716621,279.5762943,63.57629428,63.73978202,63.69209809,64.5599455,67.00953678,70.52179837,384.1839237,223.3501362,153.9768392,102.3841962,59.81743869,44.06811989
2000,IASL,24,81.5,137.9,87.7,52.1,36,65.27058824,9.31,17.15,19.64,22.2,22.29,17.12352941,10.6,8,9,12,10,11,8,6.882352941,4,5,10,8,5,3,4.411764706,255.3823529,69,23.6,5.8,0.6,73.15294118,223.5764706,2.829411765,33.9,56.1,106.2,118.1,51.47058824,5.723529412,14.27247956,13.9373297,13.93051771,16.05040872,24.30517711,34.18256131,288.0217984,290.972752,305.8978202,319.5490463,316.2152589,288.8964578,487.5762943,485.9918256,476.1103542,465.5776567,448.5517711,431.5435967,454.619891,233.9114441,172.1553134,122.5776567,96.49182561,79.87874659,224.3719346,223.0122616,217.9564033,214.866485,235.1716621,279.5762943,63.57629428,63.73978202,63.69209809,64.5599455,67.00953678,70.52179837,384.1839237,223.3501362,153.9768392,102.3841962,59.81743869,44.06811989
2001,IASL,70.2,151.5,82.4,42.2,67.5,95.07647059,77.34705882,11.49,16.19,19.96,24.27,22.78,17.17882353,10.94470588,13,21,11,7,9,7,7.470588235,6,16,7,3,5,4,4.941176471,188.4,94.5,36,0,2.8,67.72352941,214.3176471,8.6,26.8,80.6,175.5,140.7,20.5,5.052941176,14.27247956,13.9373297,13.93051771,16.05040872,24.30517711,34.18256131,288.0217984,290.972752,305.8978202,319.5490463,316.2152589,288.8964578,487.5762943,485.9918256,476.1103542,465.5776567,448.5517711,431.5435967,454.619891,233.9114441,172.1553134,122.5776567,96.49182561,79.87874659,224.3719346,223.0122616,217.9564033,214.866485,235.1716621,279.5762943,63.57629428,63.73978202,63.69209809,64.5599455,67.00953678,70.52179837,384.1839237,223.3501362,153.9768392,102.3841962,59.81743869,44.06811989
2002,IASL,80,113.5,72.5,130.2,139.4,83.74705882,95.1,8.85,14.01,22.36,24.8,21.48,17.70882353,10.93058824,13,13,7,10,10,8,9.529411765,9,11,5,5,8,1,6,276.8,152.2,8.1,0.3,6.1,55.66470588,225.6529412,7.5,18.3,122.5,200.9,103.7,56.4,4.817647059,14.27247956,13.9373297,13.93051771,16.05040872,24.30517711,34.18256131,288.0217984,290.972752,305.8978202,319.5490463,316.2152589,288.8964578,487.5762943,485.9918256,476.1103542,465.5776567,448.5517711,431.5435967,454.619891,233.9114441,172.1553134,122.5776567,96.49182561,79.87874659,224.3719346,223.0122616,217.9564033,214.866485,235.1716621,279.5762943,63.57629428,63.73978202,63.69209809,64.5599455,67.00953678,70.52179837,384.1839237,223.3501362,153.9768392,102.3841962,59.81743869,44.06811989
2003,IASL,120.1,153.3,110.6,116.8,41.2,153.7647059,58.98235294,10.53,14.59,19.82,22.69,23.34,17.10529412,10.82470588,11,14,12,6,5,6,6.352941176,9,7,8,4,3,4,4.235294118,227.3,120.3,21.2,0.8,0.8,75.4,236.9705882,10.6,4.2,63.9,131.3,151.5,21.1,2.729411765,14.27247956,13.9373297,13.93051771,16.05040872,24.30517711,34.18256131,288.0217984,290.972752,305.8978202,319.5490463,316.2152589,288.8964578,487.5762943,485.9918256,476.1103542,465.5776567,448.5517711,431.5435967,454.619891,233.9114441,172.1553134,122.5776567,96.49182561,79.87874659,224.3719346,223.0122616,217.9564033,214.866485,235.1716621,279.5762943,63.57629428,63.73978202,63.69209809,64.5599455,67.00953678,70.52179837,384.1839237,223.3501362,153.9768392,102.3841962,59.81743869,44.06811989
2000,ILIN,43,63.8,192.7,103.4,15.6,101.3,63.6,10.30117647,16.35235294,21.09352941,22.75294118,23.03411765,17.26823529,11.71,8,8,17,10,10,9,9,5,6,12,6,1,7,5,237.3058824,88.74117647,13.21176471,1.341176471,0.811764706,77.48823529,195.9470588,3.370588235,30.31176471,93.08823529,131.7705882,143.0764706,61.07058824,8.429411765,4,4,4,3,5,12,260,266,303,348,344,320,710,706,672,628,633,640,410,202,122,89,63,46,30,28,25,23,22,40,61,60,58,56,57,65,327,171,102,65,33,14
2001,ILIN,87.2,148.7,127.9,69.2,121.2,79.58235294,143.5,10.73411765,15.80823529,20.63117647,23.35470588,21.96117647,17.84411765,11.61176471,13,19,10,6,7,7.470588235,9,9,13,9,4,6,5.176470588,8,231.5529412,106.1705882,22.85882353,1.729411765,10.09411765,55.55882353,220.8058824,10.00588235,29.34117647,90.85294118,154.3529412,121.1647059,43.41176471,6.382352941,4,4,4,3,5,12,260,266,303,348,344,320,710,706,672,628,633,640,410,202,122,89,63,46,30,28,25,23,22,40,61,60,58,56,57,65,327,171,102,65,33,14
2002,ILIN,83.84117647,86.52352941,104.0058824,103.1941176,83.8,76.23529412,57.17647059,11.47941176,17.82647059,22.04588235,23.44529412,23.39411765,18.90647059,11.14588235,9.176470588,10.35294118,9,7.823529412,8.411764706,6.529411765,7.117647059,6.294117647,6.705882353,6.176470588,5.764705882,5.529411765,5.058823529,5,209.1705882,68.85882353,9.511764706,0.576470588,2.805882353,49.86470588,211.9117647,6.247058824,47.05294118,115.5058824,153.7647059,155.9294118,73.95294118,10.82941176,4,4,4,3,5,12,260,266,303,348,344,320,710,706,672,628,633,640,410,202,122,89,63,46,30,28,25,23,22,40,61,60,58,56,57,65,327,171,102,65,33,14
2005,ILIN,103.4,39.9,49,73.7,79.5,103.4,51,13.05470588,16.29470588,22.87176471,24.66823529,23.57529412,19.03823529,11.17529412,8,7,4,5,7,9,8,7,5,4,5,6,8,4,162.8705882,99.55882353,5.223529412,0.4,0.811764706,56.56470588,221.2941176,8.005882353,37.58235294,137.0705882,192.1470588,161.2823529,77.72941176,9.282352941,4,4,4,3,5,12,260,266,303,348,344,320,710,706,672,628,633,640,410,202,122,89,63,46,30,28,25,23,22,40,61,60,58,56,57,65,327,171,102,65,33,14
2006,ILIN,96.3,98.7,109.5,58.7,75.8,56.3,50.3,10.95823529,16.06470588,21.12764706,23.41411765,23.54,18.23117647,10.63882353,9,8,10,9,11,5,8,7,4,8,7,6,4,5,224.6882353,98.2,15.3,0.611764706,1.029411765,63.47647059,223.5411765,7.682352941,29.33529412,98.78823529,156.9294118,160.5,58.52941176,11.22941176,4,4,4,3,5,12,260,266,303,348,344,320,710,706,672,628,633,640,410,202,122,89,63,46,30,28,25,23,22,40,61,60,58,56,57,65,327,171,102,65,33,14
2007,ILIN,86.6,46.5,166.2,49.5,42,45.3,38.9,10.93588235,17.60529412,22.10529412,23.13705882,23.61882353,17.58529412,11.34764706,8,8,10,9,5,6,6,6,5,3,5,4,6,3,217.5294118,68.01764706,8.705882353,1.617647059,3.617647059,71.91176471,223.5411765,4.911764706,45.20588235,118.9705882,147.0941176,165.2176471,79.65882353,10.28823529,4,4,4,3,5,12,260,266,303,348,344,320,710,706,672,628,633,640,410,202,122,89,63,46,30,28,25,23,22,40,61,60,58,56,57,65,327,171,102,65,33,14
2008,ILIN,117.4,30.7,175.6,90.2,85.5,177.2,58.5,10.68941176,17.57235294,21.86294118,23.21764706,23.56352941,18.02529412,11.51705882,14,10,15,19,9,12,7,7,4,10,8,4,10,4,230.0941176,71.73529412,10.21764706,1.141176471,1.411764706,65.65294118,211.2941176,4.082352941,49.24705882,113.4941176,151.2764706,162.2705882,77.99411765,14.80588235,4,4,4,3,5,12,260,266,303,348,344,320,710,706,672,628,633,640,410,202,122,89,63,46,30,28,25,23,22,40,61,60,58,56,57,65,327,171,102,65,33,14
2004,NCBV,61.9,184.3,182.7,91.9,269.6,122.4,23.9,10.13470588,16.83529412,23.89,23.69235294,23.21235294,18.48117647,10.49,9,9,11,11,12,9,7,6,8,10,5,10,8,3,251.2588235,88.29411765,0,2.511764706,2.988235294,54.80588235,241.6705882,6.2,43.02352941,136.7,166.5470588,152.2235294,73.52352941,13.85882353,3,2,2,2,2,4,105,93,170,239,273,266,254,258,246,227,226,210,584,104,64,30,35,32,641,649,584,534,501,524,49,50,50,50,50,50,680,140,74,24,15,11
2001,ILCA,91.1,186.8,117.1,68.4,262.8,81.4,160.4,9.814705882,15.82588235,21.37823529,23.16588235,22.15647059,18.04647059,11.00882353,10,13,11,7,7,7,10,10,12,8,5,6,6,9,260.7647059,104.2764706,11.58823529,1.888235294,9.047058824,59.71176471,232.5,8.635294118,27.15294118,101.6588235,149.5058824,128.6,58.38823529,6.717647059,12,8,8,8,9,13,324,332,341,383,396,360,604,598,592,554,542,576,381,214,123,82,56,37,72,70,67,64,62,64,62,61,61,59,60,66,259,189,123,84,42,19
2004,INRU,63.3,169.6,134.1,156.3,107.3,84.82352941,95.97647059,11.55,19.53,21.17,22.24,20.4,17.97588235,11.22529412,8,13,11,13,7,3,10.05882353,6,10,10,7,6,1,6.294117647,204.5,43.2,7.4,4.3,17.8,54.97058824,214.9823529,9.5,80.2,92.5,125.6,81.9,58.2,9.317647059,14.27247956,13.9373297,13.93051771,16.05040872,24.30517711,34.18256131,288.0217984,290.972752,305.8978202,319.5490463,316.2152589,288.8964578,487.5762943,485.9918256,476.1103542,465.5776567,448.5517711,431.5435967,454.619891,233.9114441,172.1553134,122.5776567,96.49182561,79.87874659,224.3719346,223.0122616,217.9564033,214.866485,235.1716621,279.5762943,63.57629428,63.73978202,63.69209809,64.5599455,67.00953678,70.52179837,384.1839237,223.3501362,153.9768392,102.3841962,59.81743869,44.06811989
2005,INRU,89.2,113.9,74.2,138.7,134.6,125.8529412,113.3117647,11.5,14.83,22.57,23.5,23.14,18.29529412,10.73882353,16,8,12,9,11,8,9.294117647,8,7,7,8,6,6,5.882352941,203.8,122,6.4,0,0,55.24117647,232.7411765,1.7,13.4,133.5,160.1,149.1,66.8,9.947058824,14.27247956,13.9373297,13.93051771,16.05040872,24.30517711,34.18256131,288.0217984,290.972752,305.8978202,319.5490463,316.2152589,288.8964578,487.5762943,485.9918256,476.1103542,465.5776567,448.5517711,431.5435967,454.619891,233.9114441,172.1553134,122.5776567,96.49182561,79.87874659,224.3719346,223.0122616,217.9564033,214.866485,235.1716621,279.5762943,63.57629428,63.73978202,63.69209809,64.5599455,67.00953678,70.52179837,384.1839237,223.3501362,153.9768392,102.3841962,59.81743869,44.06811989
2006,INRU,137.6,201.9,108.7,137,97.3,97.5,86.45294118,12.68,15.6,20.35,24.12,22.77,17.98411765,10.98882353,13,15,13,8,10,11,8.941176471,8,12,11,5,5,6,5.941176471,163.2,123.1,11.4,0.3,0,54.64705882,218.6882353,2.5,38.6,71.8,168,137.6,16.2,8.258823529,14.27247956,13.9373297,13.93051771,16.05040872,24.30517711,34.18256131,288.0217984,290.972752,305.8978202,319.5490463,316.2152589,288.8964578,487.5762943,485.9918256,476.1103542,465.5776567,448.5517711,431.5435967,454.619891,233.9114441,172.1553134,122.5776567,96.49182561,79.87874659,224.3719346,223.0122616,217.9564033,214.866485,235.1716621,279.5762943,63.57629428,63.73978202,63.69209809,64.5599455,67.00953678,70.52179837,384.1839237,223.3501362,153.9768392,102.3841962,59.81743869,44.06811989
2008,INRU,92.01176471,108.0647059,90.78823529,108.0882353,103.8647059,101.0117647,85.51176471,11.42647059,17.19647059,21.59470588,23.58,22.89882353,18.80176471,10.75352941,9.823529412,10.11764706,9.294117647,8.882352941,9,7.705882353,8.882352941,6.882352941,8.117647059,6.588235294,6.411764706,6.176470588,5.294117647,5.705882353,211.6882353,86.57647059,11.77647059,2.117647059,6.958823529,40.77058824,237.7882353,7.352941176,51.75882353,108.0294118,162.0058824,142.8823529,62.6,9.1,14.27247956,13.9373297,13.93051771,16.05040872,24.30517711,34.18256131,288.0217984,290.972752,305.8978202,319.5490463,316.2152589,288.8964578,487.5762943,485.9918256,476.1103542,465.5776567,448.5517711,431.5435967,454.619891,233.9114441,172.1553134,122.5776567,96.49182561,79.87874659,224.3719346,223.0122616,217.9564033,214.866485,235.1716621,279.5762943,63.57629428,63.73978202,63.69209809,64.5599455,67.00953678,70.52179837,384.1839237,223.3501362,153.9768392,102.3841962,59.81743869,44.06811989
2002,IASH,65.7,157.2,44.4,75.4,186.2,69.81176471,106.0882353,11.21,15.61,24.95,26.77,24.37,19.59529412,11.21235294,11,12,3,6,7,5,9.941176471,7,8,2,5,5,4,6.882352941,225.1,115.9,0.8,0,0,41.40588235,218.0117647,11.4,31.5,199.2,253.2,187.1,92,12.23529412,14.27247956,13.9373297,13.93051771,16.05040872,24.30517711,34.18256131,288.0217984,290.972752,305.8978202,319.5490463,316.2152589,288.8964578,487.5762943,485.9918256,476.1103542,465.5776567,448.5517711,431.5435967,454.619891,233.9114441,172.1553134,122.5776567,96.49182561,79.87874659,224.3719346,223.0122616,217.9564033,214.866485,235.1716621,279.5762943,63.57629428,63.73978202,63.69209809,64.5599455,67.00953678,70.52179837,384.1839237,223.3501362,153.9768392,102.3841962,59.81743869,44.06811989
2002,TXDA,92.03529412,118.7294118,121.5529412,88.28823529,112.6941176,74.03529412,65.18823529,13.36588235,18.61352941,22.75235294,25.01117647,25.16,18.6,10.28941176,9.352941176,9.882352941,9.529411765,8.705882353,8,8.588235294,6.823529412,6.647058824,7.647058824,6.764705882,5.647058824,5.411764706,6.470588235,4.941176471,165.8647059,60.75294118,11.04705882,1.147058824,1.517647059,55.05882353,221.8176471,19.93529412,68.61764706,140.4294118,205.1941176,209.8411765,82.72941176,15.61176471,13,12,13,13,14,17,197,192,241,274,289,311,187,184,182,203,234,250,164,85,76,66,46,39,616,624,577,523,477,439,74,75,75,78,80,81,122,92,65,49,27,17
2003,TXDA,87.89411765,134.3588235,116.4647059,92.29411765,108.2705882,74.03529412,65.18823529,13.23058824,18.45941176,22.61,24.86117647,24.99764706,18.6,10.28941176,8.941176471,9.882352941,9.352941176,9.235294118,7.941176471,8.588235294,6.823529412,6.235294118,7.764705882,6.647058824,6.058823529,5.117647059,6.294117647,4.941176471,169.9764706,65.04117647,12.60588235,1.8,4.676470588,55.05882353,221.8176471,19.72352941,67.86470588,137.6588235,201.1882353,207.9411765,84.42352941,15.61176471,13,12,13,13,14,17,197,192,241,274,289,311,187,184,182,203,234,250,164,85,76,66,46,39,616,624,577,523,477,439,74,75,75,78,80,81,122,92,65,49,27,17
2004,TXDA,96.77058824,137.4823529,113.0823529,90.48235294,117.7764706,74.03529412,65.18823529,13.67117647,19.19529412,23.12470588,25.26588235,25.26588235,18.6,10.28941176,9.176470588,10,9,8.705882353,8.294117647,8.588235294,6.823529412,6.588235294,7.764705882,6.117647059,5.529411765,5.352941176,6.176470588,4.941176471,159.7941176,47.95882353,8.988235294,1.452941176,3.976470588,55.05882353,221.8176471,20.62352941,72.92941176,149.5058824,213.1058824,215.7470588,91.7,15.61176471,13,12,13,13,14,17,197,192,241,274,289,311,187,184,182,203,234,250,164,85,76,66,46,39,616,624,577,523,477,439,74,75,75,78,80,81,122,92,65,49,27,17
2007,TXDA,103.0705882,132.1529412,124.7058824,101.5588235,127.9117647,80.78235294,65.18823529,12.99705882,18.11411765,22.51823529,24.79294118,24.14411765,18.6,10.28941176,9.529411765,9.941176471,9.294117647,8.764705882,8.941176471,8.823529412,6.764705882,6.882352941,7.764705882,6.411764706,5.941176471,6.058823529,6.235294118,4.882352941,179.3882353,71.24117647,11.21176471,1.729411765,6.652941176,55.05882353,221.8176471,20.35882353,62.93529412,133.5529412,198.5,185.0705882,80.87058824,15.61176471,13,12,13,13,14,17,197,192,241,274,289,311,187,184,182,203,234,250,164,85,76,66,46,39,616,624,577,523,477,439,74,75,75,78,80,81,122,92,65,49,27,17
2000,MNHI,33,56.2,159.2,60.3,72.6,59,62.67647059,5.34,12.40294118,16.49,20.85,20.01,13.67,10.21882353,8,9,16,8,7,8,7.588235294,5,8,14,4,6,4,4.705882353,389.7,183.0411765,83.2,18.6,15.6,137.5,253.3529412,0,2.264705882,27.8,95.3,67.7,5.3,0,26,25,27,43,49,55,186,194,168,163,163,156,235,232,221,203,240,269,353,338,195,136,116,104,579,573,611,634,596,575,71,73,75,78,80,81,466,379,241,173,141,133
2002,MNPI,80.15294118,106.8647059,140.6823529,90.22352941,133.5294118,107.9529412,49.11176471,8.381764706,13.71882353,20.02588235,22.58823529,20.58588235,17.90411765,10.43588235,9.117647059,11.11764706,12.05882353,7.588235294,9.176470588,8.705882353,6.764705882,6.411764706,7.647058824,8.588235294,5.411764706,6.705882353,5.235294118,3.941176471,297.0352941,159.4941176,25.19411765,4.029411765,13.08823529,73.37647059,252.0647059,2.258823529,18.04705882,75.75294118,134.6,81.87647059,37.49411765,9.894117647,14.27247956,13.9373297,13.93051771,16.05040872,24.30517711,34.18256131,288.0217984,290.972752,305.8978202,319.5490463,316.2152589,288.8964578,487.5762943,485.9918256,476.1103542,465.5776567,448.5517711,431.5435967,454.619891,233.9114441,172.1553134,122.5776567,96.49182561,79.87874659,224.3719346,223.0122616,217.9564033,214.866485,235.1716621,279.5762943,63.57629428,63.73978202,63.69209809,64.5599455,67.00953678,70.52179837,384.1839237,223.3501362,153.9768392,102.3841962,59.81743869,44.06811989
2004,MOHU,79.38235294,126.9352941,111.5529412,91.61764706,126.7,120.4588235,48.91176471,13.62294118,18.31058824,22.92705882,25.66941176,25.14235294,19.54352941,10.76294118,8.411764706,10.76470588,8.941176471,7,8.470588235,7.176470588,6.411764706,5.588235294,6.823529412,6.117647059,5,5.647058824,5.352941176,3.529411765,151.4647059,55.82941176,6.423529412,0.311764706,1.505882353,43.32352941,258.5882353,16.14705882,54.61176471,140.3588235,219.0764706,207.5,86.91764706,14.45882353,9,12,10,10,8,8,329,334,385,443,402,387,606,603,560,510,537,478,361,162,119,90,60,51,65,63,55,47,61,136,66,65,61,56,57,63,263,156,113,75,32,16
2006,NEDE,87.6,33.7,16.3,17,219.6,74.41176471,54.17058824,12.17,17.03,22.65,25.68,22.75,17.78411765,10.69705882,8,5,6,4,13,8,7.941176471,7,5,4,3,11,5,4.588235294,185.7,89.5,4.5,0,1.7,64.41176471,250.8882353,9.5,49.3,133.8,227.9,135,16.2,10.25882353,27,9,9,14,7,11,335,340,340,317,335,306,580,579,578,593,569,615,264,179,146,103,78,65,84,81,82,90,96,78,69,70,71,74,76,76,270,182,125,75,62,54
2007,NEDE,128.1,198.8,38.1,29.7,197.1,79.95882353,81.62352941,8.85,19.01,22.1,24.36,23.93,18.65941176,10.26823529,9,8,5,3,12,5,8.411764706,8,7,4,3,9,5,6.411764706,292.4,35.5,3,0,0.3,53.61764706,245.8941176,8,55.8,116.2,186.9,162.5,51.6,12.28823529,27,9,9,14,7,11,335,340,340,317,335,306,580,579,578,593,569,615,264,179,146,103,78,65,84,81,82,90,96,78,69,70,71,74,76,76,270,182,125,75,62,54
2008,NEDE,99.1,199.9,128.6,70.8,45.9,83.7,66.09411765,6.74,14.34,21.23,23.71,21.62,18.09470588,10.04176471,6,9,8,6,3,10,6.529411765,3,8,7,6,3,8,4.647058824,347.9,129,0,0,0,58.83529412,259.9470588,0,8.6,87,166.6,100.8,31.5,10.05882353,27,9,9,14,7,11,335,340,340,317,335,306,580,579,578,593,569,615,264,179,146,103,78,65,84,81,82,90,96,78,69,70,71,74,76,76,270,182,125,75,62,54
2006,PABA,93.5,82,192.1,81.1,52,160.9,105.9,10.23058824,15.08647059,21.15588235,23.65764706,21.90352941,19.23411765,11.48588235,12,8,15,12,5,14,10,6,6,9,7,4,9,7,243.2235294,125.7705882,13.74705882,1.611764706,3.382352941,46.92941176,208.5529412,5.523529412,26.76470588,95.65294118,161.9588235,118.4352941,46.47058824,18.89411765,52,63,60,59,64,58,255,244,270,293,302,279,492,500,486,468,421,388,573,164,81,57,57,62,253,256,244,239,277,332,57,58,58,57,57,56,606,171,93,33,44,13
2008,PABA,113.6,144.7,55.7,153.3,36.9,174.8,48.2,10.49882353,15.70411765,20.98764706,23.73823529,22.4,18.27764706,11.06588235,8,16,12,12,8,8,6,8,11,5,8,3,7,4,241.6176471,112.5352941,19.97647059,2.335294118,7.111764706,56.97058824,232.7647059,9.176470588,32.00588235,99.79411765,167.7588235,141.7294118,53.14117647,11.69411765,52,63,60,59,64,58,255,244,270,293,302,279,492,500,486,468,421,388,573,164,81,57,57,62,253,256,244,239,277,332,57,58,58,57,57,56,606,171,93,33,44,13
2000,ILTU,74.61176471,119.6058824,96.96470588,95.55294118,87.69411765,71.35294118,62.75294118,12.00941176,16.71352941,21.60176471,23.55352941,23.13411765,19.59588235,10.85588235,9.882352941,12.29411765,10.05882353,8.235294118,7.823529412,6.882352941,8.529411765,5.882352941,8.823529412,7.176470588,6.117647059,5.176470588,5.176470588,4.941176471,194.9352941,84.04117647,14.97647059,1.235294118,3.058823529,33.84705882,216.3941176,10.67058824,35.48823529,109.1705882,159.3411765,149.0470588,61.31176471,10.4,14.27247956,13.9373297,13.93051771,16.05040872,24.30517711,34.18256131,288.0217984,290.972752,305.8978202,319.5490463,316.2152589,288.8964578,487.5762943,485.9918256,476.1103542,465.5776567,448.5517711,431.5435967,454.619891,233.9114441,172.1553134,122.5776567,96.49182561,79.87874659,224.3719346,223.0122616,217.9564033,214.866485,235.1716621,279.5762943,63.57629428,63.73978202,63.69209809,64.5599455,67.00953678,70.52179837,384.1839237,223.3501362,153.9768392,102.3841962,59.81743869,44.06811989
2001,ILTU,71.8,69.9,82.5,142.8,130.8,108.2529412,116.0058824,13.91,18.36,20.96,23.79,23.04,18.94470588,11.04352941,11,14,12,9,8,7,9.705882353,5,9,7,7,6,4,6.235294118,151.3,56.2,24.9,0.5,1.1,51.08235294,208.7294118,18.7,57.2,103.8,169.7,147.1,40.6,12.44705882,14.27247956,13.9373297,13.93051771,16.05040872,24.30517711,34.18256131,288.0217984,290.972752,305.8978202,319.5490463,316.2152589,288.8964578,487.5762943,485.9918256,476.1103542,465.5776567,448.5517711,431.5435967,454.619891,233.9114441,172.1553134,122.5776567,96.49182561,79.87874659,224.3719346,223.0122616,217.9564033,214.866485,235.1716621,279.5762943,63.57629428,63.73978202,63.69209809,64.5599455,67.00953678,70.52179837,384.1839237,223.3501362,153.9768392,102.3841962,59.81743869,44.06811989
2007,INGD,102.6,44.1,65.5,64.3,127.9,40.9,75.6,11.38882353,16.51294118,22.25,24.39823529,23.89588235,18.61,10.61470588,8,7,10,10,10,4,9,7,5,5,6,7,4,7,209.4705882,92.57058824,10.12941176,0.605882353,2.411764706,53.71176471,243.8176471,5.935294118,38.53529412,125.6176471,185.5058824,167.8705882,73.79411765,9.170588235,9,9,10,13,26,53,297,295,288,299,276,241,424,426,424,408,375,366,564,243,132,75,53,43,279,280,288,293,349,393,62,62,61,61,70,77,396,200,133,106,59,53
2008,SDPA,117.2,93.8,123.5,41.2,30,53.5,182.2,9.448235294,14.77,20.53764706,23.63882353,23.14882353,18.03823529,11.69176471,5,14,13,6,3,9,10,4,10,9,4,2,8,8,264.7882353,133.3,23.05294118,2.258823529,3.264705882,59.74705882,199.0117647,5.611764706,24.38823529,89.26470588,162.9764706,143.2411765,59.47647059,7.717647059,14.27247956,13.9373297,13.93051771,16.05040872,24.30517711,34.18256131,288.0217984,290.972752,305.8978202,319.5490463,316.2152589,288.8964578,487.5762943,485.9918256,476.1103542,465.5776567,448.5517711,431.5435967,454.619891,233.9114441,172.1553134,122.5776567,96.49182561,79.87874659,224.3719346,223.0122616,217.9564033,214.866485,235.1716621,279.5762943,63.57629428,63.73978202,63.69209809,64.5599455,67.00953678,70.52179837,384.1839237,223.3501362,153.9768392,102.3841962,59.81743869,44.06811989
2007,SCGB,84.8,30.9,153.2,147.4,107.2,70.7,109.6,16.5,20.67882353,26.01,26.64882353,29.67,24.43,12.60470588,5,5,13,9,6,10,10,5,4,12,8,6,5,7,79.6,26.65882353,0,0.029411765,0,0,25.1,28.3,98.07647059,222.5,251.8647059,292.6,165.6,105.4,5,4,4,4,5,4,249,228,236,288,295,246,294,271,266,248,230,158,593,232,163,64,47,48,457,501,498,464,475,596,49,51,52,52,52,52,656,243,243,68,62,20
2004,MOFG,48.1,166.6,118.5,115.7,260,89.59411765,86.7,12.55,18.92,20.96,23.23,21.05,17.91764706,10.98352941,5,13,9,14,12,3,8.235294118,3,11,8,12,11,3,4.764705882,183.3,60.2,8.9,2.5,11.9,58.83529412,224.6764706,16.4,78.5,85.8,154.2,91.3,65,9.658823529,3,3,3,3,3,6,289,272,300,336,348,356,644,657,632,601,590,563,316,175,138,106,72,53,67,72,68,63,63,81,66,65,65,63,62,61,260,145,110,81,54,28
2005,MOFG,69.3,67.8,86.3,47,129.1,97.20588235,69.41764706,13.6,17.09,23.7,25.46,25.24,19.51764706,11.90176471,8,6,6,4,11,8,7.941176471,6,5,6,3,7,8,4.529411765,145.1,73.6,0,0,0,43.9,190.8117647,12,35,156.6,195.6,214.1,121.8,16.01764706,3,3,3,3,3,6,289,272,300,336,348,356,644,657,632,601,590,563,316,175,138,106,72,53,67,72,68,63,63,81,66,65,65,63,62,61,260,145,110,81,54,28
2006,IADC,122.8,50.3,16,119.2,115.4,89.71176471,52.73529412,13.4,17.09,22.6,25.63,23.41,19.72058824,11.37058824,11,12,8,11,12,9,6.176470588,10,7,2,9,10,7,3.882352941,158.2,85.4,7.4,0,0,43.73529412,216.3176471,10.3,46.9,135.5,226.2,154.7,22.3,11.81176471,14.27247956,13.9373297,13.93051771,16.05040872,24.30517711,34.18256131,288.0217984,290.972752,305.8978202,319.5490463,316.2152589,288.8964578,487.5762943,485.9918256,476.1103542,465.5776567,448.5517711,431.5435967,454.619891,233.9114441,172.1553134,122.5776567,96.49182561,79.87874659,224.3719346,223.0122616,217.9564033,214.866485,235.1716621,279.5762943,63.57629428,63.73978202,63.69209809,64.5599455,67.00953678,70.52179837,384.1839237,223.3501362,153.9768392,102.3841962,59.81743869,44.06811989
2006,WICE,65.2,56.8,118.5,17.9,156.9,87.38823529,57.2,10.53,14.74,20.48,24.38,21.33,17.63764706,10.22235294,10.70588235,11,7,7,7,10,7.647058824,7.588235294,6,5,3,6,6,4.764705882,220.7,123,8.9,0,1.7,70.95882353,260.7117647,0,26.2,65.5,187.4,94.7,19.8,9.717647059,14.27247956,13.9373297,13.93051771,16.05040872,24.30517711,34.18256131,288.0217984,290.972752,305.8978202,319.5490463,316.2152589,288.8964578,487.5762943,485.9918256,476.1103542,465.5776567,448.5517711,431.5435967,454.619891,233.9114441,172.1553134,122.5776567,96.49182561,79.87874659,224.3719346,223.0122616,217.9564033,214.866485,235.1716621,279.5762943,63.57629428,63.73978202,63.69209809,64.5599455,67.00953678,70.52179837,384.1839237,223.3501362,153.9768392,102.3841962,59.81743869,44.06811989
2006,NEWH,78.61176471,100.0117647,101.3647059,85.05294118,87.31764706,92.47647059,100.2352941,11.44117647,16.42529412,21.55882353,23.81058824,23.11882353,20.14941176,10.28941176,9.823529412,11.29411765,11.11764706,7.941176471,7.823529412,7.588235294,8.294117647,6.705882353,7.176470588,7,5.529411765,4.647058824,4.705882353,5.529411765,208.1764706,92.74705882,9.658823529,1.905882353,2.1,32.82352941,221.8176471,6.1,34.64117647,106.4294118,168.4823529,148.5941176,61.61176471,18.37058824,14.27247956,13.9373297,13.93051771,16.05040872,24.30517711,34.18256131,288.0217984,290.972752,305.8978202,319.5490463,316.2152589,288.8964578,487.5762943,485.9918256,476.1103542,465.5776567,448.5517711,431.5435967,454.619891,233.9114441,172.1553134,122.5776567,96.49182561,79.87874659,224.3719346,223.0122616,217.9564033,214.866485,235.1716621,279.5762943,63.57629428,63.73978202,63.69209809,64.5599455,67.00953678,70.52179837,384.1839237,223.3501362,153.9768392,102.3841962,59.81743869,44.06811989
2007,IADR,113.5,118.2,130,117.9,144.2,95.61764706,73.5,7.62,18.04,21.06,22.77,23.13823529,17.36235294,10.86823529,8,10,8,9,16,6.588235294,6.823529412,7,10,8,6,11,4.529411765,5.058823529,328.6,53.9,5.5,0.3,0.988235294,73.11764706,227.9117647,7.3,44.9,87.4,137.9,139.2,54.07058824,4.917647059,14.27247956,13.9373297,13.93051771,16.05040872,24.30517711,34.18256131,288.0217984,290.972752,305.8978202,319.5490463,316.2152589,288.8964578,487.5762943,485.9918256,476.1103542,465.5776567,448.5517711,431.5435967,454.619891,233.9114441,172.1553134,122.5776567,96.49182561,79.87874659,224.3719346,223.0122616,217.9564033,214.866485,235.1716621,279.5762943,63.57629428,63.73978202,63.69209809,64.5599455,67.00953678,70.52179837,384.1839237,223.3501362,153.9768392,102.3841962,59.81743869,44.06811989
2000,MOCG,33,102.2,122.1,43.7,89.23529412,102.0529412,58.44705882,12.23,20.36,23.04,24.42,25.62823529,19.40176471,11.90176471,4,16,15,7,9,6.705882353,6.411764706,3,10,8,4,7,5.058823529,3.764705882,183.1,22.6,3.1,0,0.311764706,38.82352941,200.0294118,0,85.4,144.4,188.6,239.7,99.61176471,14.25294118,14.27247956,13.9373297,13.93051771,16.05040872,24.30517711,34.18256131,288.0217984,290.972752,305.8978202,319.5490463,316.2152589,288.8964578,487.5762943,485.9918256,476.1103542,465.5776567,448.5517711,431.5435967,454.619891,233.9114441,172.1553134,122.5776567,96.49182561,79.87874659,224.3719346,223.0122616,217.9564033,214.866485,235.1716621,279.5762943,63.57629428,63.73978202,63.69209809,64.5599455,67.00953678,70.52179837,384.1839237,223.3501362,153.9768392,102.3841962,59.81743869,44.06811989
2001,MOCG,49.6,78.8,66.8,272.4,105.9235294,118.6235294,80.26470588,16.91,19.95,22.83,26.01,25.12882353,20.97352941,12.15823529,7,12,9,12,9,8.294117647,7.529411765,6,9,7,10,5,5.058823529,4.705882353,87.5,20.9,3.4,0,1.070588235,23.15882353,187.8411765,44.7,71.2,138.2,238.1,218.8,97.58823529,23.04117647,14.27247956,13.9373297,13.93051771,16.05040872,24.30517711,34.18256131,288.0217984,290.972752,305.8978202,319.5490463,316.2152589,288.8964578,487.5762943,485.9918256,476.1103542,465.5776567,448.5517711,431.5435967,454.619891,233.9114441,172.1553134,122.5776567,96.49182561,79.87874659,224.3719346,223.0122616,217.9564033,214.866485,235.1716621,279.5762943,63.57629428,63.73978202,63.69209809,64.5599455,67.00953678,70.52179837,384.1839237,223.3501362,153.9768392,102.3841962,59.81743869,44.06811989
2002,MOCG,160.7,328.6,51.1,19.2,85.41176471,83.08235294,82.77058824,15.48,18.33,25.06,26.95,25.19647059,19.79176471,10.94705882,13,14,9,7,8,6.647058824,7.470588235,12,12,6,2,5,4.529411765,5.764705882,120,56.8,0,0,0.035294118,35.54117647,214.8823529,34.4,56.8,201.7,267,219.6,100.6176471,15.03529412,14.27247956,13.9373297,13.93051771,16.05040872,24.30517711,34.18256131,288.0217984,290.972752,305.8978202,319.5490463,316.2152589,288.8964578,487.5762943,485.9918256,476.1103542,465.5776567,448.5517711,431.5435967,454.619891,233.9114441,172.1553134,122.5776567,96.49182561,79.87874659,224.3719346,223.0122616,217.9564033,214.866485,235.1716621,279.5762943,63.57629428,63.73978202,63.69209809,64.5599455,67.00953678,70.52179837,384.1839237,223.3501362,153.9768392,102.3841962,59.81743869,44.06811989
2003,MOCG,79.88235294,120.7176471,109.9176471,112.5058824,116.9470588,119.6647059,44.84117647,11.89117647,17.42588235,21.93588235,24.25529412,23.51411765,18.62705882,10.43588235,8.941176471,13,11.11764706,9.117647059,8.823529412,7.705882353,6.764705882,6.235294118,8.588235294,7.529411765,6.117647059,5.294117647,5.117647059,3.705882353,201.7764706,77.87058824,13.65294118,2.2,5.382352941,62.48235294,258.5882353,11.12352941,49.90588235,120.2470588,183.2470588,169.5176471,66.85882353,14.91176471,14.27247956,13.9373297,13.93051771,16.05040872,24.30517711,34.18256131,288.0217984,290.972752,305.8978202,319.5490463,316.2152589,288.8964578,487.5762943,485.9918256,476.1103542,465.5776567,448.5517711,431.5435967,454.619891,233.9114441,172.1553134,122.5776567,96.49182561,79.87874659,224.3719346,223.0122616,217.9564033,214.866485,235.1716621,279.5762943,63.57629428,63.73978202,63.69209809,64.5599455,67.00953678,70.52179837,384.1839237,223.3501362,153.9768392,102.3841962,59.81743869,44.06811989
2004,MOCG,76.7,127.6,51.1,97.6,81.21176471,109.5117647,69.77647059,13.88,20.88,23.11,24.72,23.73058824,18.74294118,11.29176471,8,14,12,10,9,7.176470588,7.588235294,5,7,7,7,6,5.411764706,5,147.3,28.6,0,0.3,2.229411765,44.16470588,201.1411765,13.8,107.5,143.4,198.3,130.2,55.28235294,9.988235294,14.27247956,13.9373297,13.93051771,16.05040872,24.30517711,34.18256131,288.0217984,290.972752,305.8978202,319.5490463,316.2152589,288.8964578,487.5762943,485.9918256,476.1103542,465.5776567,448.5517711,431.5435967,454.619891,233.9114441,172.1553134,122.5776567,96.49182561,79.87874659,224.3719346,223.0122616,217.9564033,214.866485,235.1716621,279.5762943,63.57629428,63.73978202,63.69209809,64.5599455,67.00953678,70.52179837,384.1839237,223.3501362,153.9768392,102.3841962,59.81743869,44.06811989
2007,MOCG,84.8,87.4,43.7,64.2,74.1,89.3,81.50588235,12.53,21.2,24.36,24.3,26.25,19.55823529,11.71647059,11,14,8,9,1,6.882352941,7.882352941,6,8,7,5,0,5.058823529,5.294117647,188.7,18.5,0,0,0.035294118,37.4,195.6058824,14.5,107.6,180.7,185.1,295.2,96.8,15.2,14.27247956,13.9373297,13.93051771,16.05040872,24.30517711,34.18256131,288.0217984,290.972752,305.8978202,319.5490463,316.2152589,288.8964578,487.5762943,485.9918256,476.1103542,465.5776567,448.5517711,431.5435967,454.619891,233.9114441,172.1553134,122.5776567,96.49182561,79.87874659,224.3719346,223.0122616,217.9564033,214.866485,235.1716621,279.5762943,63.57629428,63.73978202,63.69209809,64.5599455,67.00953678,70.52179837,384.1839237,223.3501362,153.9768392,102.3841962,59.81743869,44.06811989
2002,MNBU,81,70.5,99.2,76.9,157.8,105.5647059,88.5,6.57,11.76,20.5,23.1,18.85,16.91235294,10.08882353,11,10,12,8,11,7,7.470588235,8,5,11,6,8,5,5,358.9,191,23.9,2.8,30.5,77.95882353,258.5117647,5.9,9.8,88.9,150.6,46.5,37.8,7.105882353,24,23,23,25,37,55,282,281,298,295,261,247,358,358,355,356,368,362,409,353,289,193,153,95,361,361,347,349,371,391,66,67,69,71,74,76,439,310,226,165,116,80
2003,MNBU,33,133.9,134.4,125.1,52.1,76.93529412,48.91764706,7.75,13.05,18.58,21.88,21.93,17.59117647,10.41117647,5,15,13,10,9,4,7.235294118,4,8,9,7,5,3,4.470588235,312.9,167.5,36.2,1.4,6.1,67.39411765,262.2882353,3.4,3.9,43.4,102.6,106.7,21.1,6.035294118,24,23,23,25,37,55,282,281,298,295,261,247,358,358,355,356,368,362,409,353,289,193,153,95,361,361,347,349,371,391,66,67,69,71,74,76,439,310,226,165,116,80
2004,MNBU,41.6,149.3,75,109.8,73.8,81.39411765,70.61176471,8.61,13.55,17.07,19.7,16.7,17.28411765,10.09470588,3,19,14,14,15,7,8.352941176,3,11,4,6,6,6,5.352941176,291.7,162,58.8,22.5,68.6,64.25294118,253.1294118,0,13.6,23,64.9,18.1,42,7.558823529,24,23,23,25,37,55,282,281,298,295,261,247,358,358,355,356,368,362,409,353,289,193,153,95,361,361,347,349,371,391,66,67,69,71,74,76,439,310,226,165,116,80
2005,MNBU,117.2,110.0058824,104.2,127,81.55294118,212.8,67.67647059,7.74,13.90529412,22.26,23.18,21.80117647,17.91,10.78529412,11,12.88235294,16,10,7.647058824,13,7.470588235,5,8.882352941,8,8,5.235294118,9,4.882352941,284.3,147.1882353,2,4.5,7.423529412,51.2,244.5588235,0,14.07058824,119.7,154.8,112.5352941,46.2,9,24,23,23,25,37,55,282,281,298,295,261,247,358,358,355,356,368,362,409,353,289,193,153,95,361,361,347,349,371,391,66,67,69,71,74,76,439,310,226,165,116,80
2006,MNBU,101.8,93.98235294,109.7235294,77.4,130.4,54.8,14,10.74,15.53,20.02705882,23.00529412,20.93,14.54,7.62,11.17647059,12.23529412,11.47058824,6,14,9,8,7.647058824,7.411764706,7.352941176,4,9,4,4,222.4,131.5,24.75294118,3.176470588,5,122.5,343.3,2.2,44.5,74.68823529,146.9470588,83.4,12.5,11.1,24,23,23,25,37,55,282,281,298,295,261,247,358,358,355,356,368,362,409,353,289,193,153,95,361,361,347,349,371,391,66,67,69,71,74,76,439,310,226,165,116,80
2007,MNBU,44.3,65.4,42.5,58.6,272.3,103.5647059,69.41176471,6.4,16.99,21.31,22.83,20.99,18.00764706,9.925882353,7,12,8,3,15,8,7.941176471,5,6,5,3,9,5,4.529411765,317.2,71.9,8.6,2.2,7.3,54.94705882,263.4294118,2.5,30.8,97.8,137,86.9,43.4,8.605882353,24,23,23,25,37,55,282,281,298,295,261,247,358,358,355,356,368,362,409,353,289,193,153,95,361,361,347,349,371,391,66,67,69,71,74,76,439,310,226,165,116,80
2008,MNBU,99.3,160.1,119.2,58.7,24.5,67.97058824,60.56470588,5.61,12.97,19.44,22.46,20.78,17.44470588,9.854117647,8,10,11,7,4,8,8.529411765,6,7,8,5,2,5,5.823529412,381.8,170.7,11.4,0.5,6.9,67.18823529,260.0647059,0,4.4,44.5,128.6,82.8,24,6.747058824,24,23,23,25,37,55,282,281,298,295,261,247,358,358,355,356,368,362,409,353,289,193,153,95,361,361,347,349,371,391,66,67,69,71,74,76,439,310,226,165,116,80
2002,ONST,62.68823529,94.24117647,105.1529412,110.0764706,75.90588235,110.5235294,71.01764706,9.894117647,14.20882353,20.85764706,22.55764706,20.57058824,18.6,10.28941176,10.29411765,13.41176471,15.17647059,13.70588235,11.47058824,10.11764706,7.823529412,5.647058824,7.352941176,8.058823529,7.823529412,5.823529412,6.470588235,5.411764706,257.4176471,158.9117647,27.69411765,4.988235294,19.74705882,55.05882353,221.8176471,6.435294118,32.14705882,101.3352941,132.7235294,102.9588235,50.4,16.65882353,55,60,59,65,105,123,260,267,281,306,280,293,445,447,429,396,409,342,614,299,213,245,364,280,295,286,291,298,311,365,70,70,71,73,75,76,635,299,142,152,65,34
2004,ONST,34.1,203.5,85.6,140.4,77.3,68.98823529,69.14705882,7.93,13.37,18.49,21.2,19.67,17.59176471,9.97,13,18,13,15,13,4,7.470588235,6,11,9,9,8,2,5.176470588,313.3,163.3,38.6,8.1,22.2,67.35294118,271.3294118,1.1,13.9,43.4,96.9,61.3,64.7,5.994117647,55,60,59,65,105,123,260,267,281,306,280,293,445,447,429,396,409,342,614,299,213,245,364,280,295,286,291,298,311,365,70,70,71,73,75,76,635,299,142,152,65,34
2008,ONST,34.4,54.1,160.6,115.2,56.1,76.99411765,46.83529412,9.86,12.25,20.49,22.5,21.06,17.70294118,10.18117647,9,13,20,11,13,12,6.470588235,6,7,13,10,5,9,4.764705882,254.3,186.9,18.4,3.3,3.1,66.81764706,273.4176471,0,5.2,83.4,132.5,87.5,37.7,6.782352941,55,60,59,65,105,123,260,267,281,306,280,293,445,447,429,396,409,342,614,299,213,245,364,280,295,286,291,298,311,365,70,70,71,73,75,76,635,299,142,152,65,34
2001,KSHL,37.8,198.5,76.8,69.3,33.3,83.13529412,72.71764706,13.4,17.7,22.7,28.15,25.74,19.89176471,11.32058824,4,12,6,8,5,3,8.470588235,3,10,2,5,2,2,5.764705882,156.4,62.5,11.1,0,0,32.44705882,221.2294118,8.3,42.8,142.2,304.4,229.5,96.5,15.45294118,3,2,3,3,5,4,298,322,347,344,337,328,398,383,378,384,399,401,148,130,92,78,58,54,304,295,275,272,264,271,73,74,76,78,80,80,125,101,70,45,27,24
2007,KSHL,73.8,30.3,63.6,42,67.1,77.09411765,73.4,9.12,18.02,22,25.55,27.32,18.90882353,10.92294118,6,5,6,6,7,6,7.235294118,3,2,3,2,5,2,4.588235294,279.6,43.6,8,0,0,44.21764706,217.9411765,3.1,33.8,118,223.7,278.7,117.9,9.7,3,2,3,3,5,4,298,322,347,344,337,328,398,383,378,384,399,401,148,130,92,78,58,54,304,295,275,272,264,271,73,74,76,78,80,80,125,101,70,45,27,24
2008,KSHL,41.7,49,78.7,31.5,63.7,77.6,76.93529412,9.46,17.07,23.23,26.14,24.34,19.21470588,10.41117647,6,6,11,4,9,3,7.411764706,5,4,6,4,6,1,4.529411765,267.3,90,2,1.1,1.7,39.69411765,245.8117647,1.1,51,148.9,243.3,187.9,62,10.22941176,3,2,3,3,5,4,298,322,347,344,337,328,398,383,378,384,399,401,148,130,92,78,58,54,304,295,275,272,264,271,73,74,76,78,80,80,125,101,70,45,27,24
2008,IALW,58.4,132.8,166.2,114.2,44,108.6411765,51.64117647,5.77,13.41,20.26,23.01,21.46,17.30882353,10.30117647,4,14,11,10,6,9,5.882352941,4,9,8,8,5,5,3.823529412,342.1,148.1,3.9,0.5,3.4,72.26470588,245.6823529,0,0.6,61.8,145.5,100.2,28.7,4.005882353,4,2,2,2,6,7,383,388,385,364,330,292,523,520,526,544,581,589,354,291,210,149,127,121,94,92,89,91,89,119,62,62,65,69,74,77,385,262,177,131,79,62
2000,MIMA,95.8,160.8,94.5,98.7,102.4,91.95294118,64.8,9.188823529,15.37,19.67,19.93,20.4,17.46470588,12.6,10,13,13,12,9,7.352941176,10,5,10,8,5,8,5,6,284.0117647,124.8,30.6,13.1,18,66.91764706,164.5,3.676470588,20.72941176,68.7,60.5,82,43.78823529,2.8,14.27247956,13.9373297,13.93051771,16.05040872,24.30517711,34.18256131,288.0217984,290.972752,305.8978202,319.5490463,316.2152589,288.8964578,487.5762943,485.9918256,476.1103542,465.5776567,448.5517711,431.5435967,454.619891,233.9114441,172.1553134,122.5776567,96.49182561,79.87874659,224.3719346,223.0122616,217.9564033,214.866485,235.1716621,279.5762943,63.57629428,63.73978202,63.69209809,64.5599455,67.00953678,70.52179837,384.1839237,223.3501362,153.9768392,102.3841962,59.81743869,44.06811989
2003,MIMA,33.7,135.3,48.1,44.2,53,70.99411765,95.69411765,7.68,13.05,17.52,19.02,21.37,16.93352941,10.23117647,9,20,11,8,7,8,8.470588235,3,11,3,5,5,7,5.588235294,319.8,164.8,55.5,20.8,1.1,80.28235294,263.3882353,0.3,0.8,31.1,37.9,80.7,21.2,5.917647059,14.27247956,13.9373297,13.93051771,16.05040872,24.30517711,34.18256131,288.0217984,290.972752,305.8978202,319.5490463,316.2152589,288.8964578,487.5762943,485.9918256,476.1103542,465.5776567,448.5517711,431.5435967,454.619891,233.9114441,172.1553134,122.5776567,96.49182561,79.87874659,224.3719346,223.0122616,217.9564033,214.866485,235.1716621,279.5762943,63.57629428,63.73978202,63.69209809,64.5599455,67.00953678,70.52179837,384.1839237,223.3501362,153.9768392,102.3841962,59.81743869,44.06811989
2000,ILST,82.7,98.39411765,257.2,111.8,70.07647059,70.5,50.1,10.00882353,15.32588235,21.23764706,23.13647059,22.09058824,17.57705882,12.19176471,11,11.11764706,14,10,7.764705882,6,8,7,7.294117647,12,8,4.764705882,6,3,249.1882353,117.9411765,12.63529412,1.305882353,4.223529412,69.19411765,198.0352941,3.052941176,25.21764706,98.6,146.6176471,118.4941176,59.91176471,11.63529412,14.27247956,13.9373297,13.93051771,16.05040872,24.30517711,34.18256131,288.0217984,290.972752,305.8978202,319.5490463,316.2152589,288.8964578,487.5762943,485.9918256,476.1103542,465.5776567,448.5517711,431.5435967,454.619891,233.9114441,172.1553134,122.5776567,96.49182561,79.87874659,224.3719346,223.0122616,217.9564033,214.866485,235.1716621,279.5762943,63.57629428,63.73978202,63.69209809,64.5599455,67.00953678,70.52179837,384.1839237,223.3501362,153.9768392,102.3841962,59.81743869,44.06811989
2001,ILST,74.34705882,123.2941176,102.5705882,92.83529412,89.28823529,76.92352941,74.69411765,11.60941176,16.06823529,22.01941176,23.94882353,23.00647059,19.82764706,10.85588235,9.705882353,12.52941176,10.41176471,8.117647059,7.647058824,6.294117647,8.764705882,5.882352941,9.176470588,7.235294118,6.176470588,5.470588235,4.823529412,5.352941176,207.8117647,99.23529412,12.45294118,0.788235294,4.1,29.38235294,211.7176471,10.41764706,31.65294118,119.2352941,172.4529412,147.1117647,69.29411765,11.78823529,14.27247956,13.9373297,13.93051771,16.05040872,24.30517711,34.18256131,288.0217984,290.972752,305.8978202,319.5490463,316.2152589,288.8964578,487.5762943,485.9918256,476.1103542,465.5776567,448.5517711,431.5435967,454.619891,233.9114441,172.1553134,122.5776567,96.49182561,79.87874659,224.3719346,223.0122616,217.9564033,214.866485,235.1716621,279.5762943,63.57629428,63.73978202,63.69209809,64.5599455,67.00953678,70.52179837,384.1839237,223.3501362,153.9768392,102.3841962,59.81743869,44.06811989
2002,ILST,145.7,145.3,81.5,48.4,75.5,38.8,35.5,10.59882353,15.31294118,20.58941176,23.53764706,22.36058824,19.03352941,10.82352941,11,14,11,8,8,5,8,9,6,11,6,5,4,6,237.1705882,112.3,25.15294118,2.047058824,5.4,45.75882353,220.9529412,9.094117647,19.83529412,90.26470588,160.3705882,129.2470588,40.92352941,8.141176471,14.27247956,13.9373297,13.93051771,16.05040872,24.30517711,34.18256131,288.0217984,290.972752,305.8978202,319.5490463,316.2152589,288.8964578,487.5762943,485.9918256,476.1103542,465.5776567,448.5517711,431.5435967,454.619891,233.9114441,172.1553134,122.5776567,96.49182561,79.87874659,224.3719346,223.0122616,217.9564033,214.866485,235.1716621,279.5762943,63.57629428,63.73978202,63.69209809,64.5599455,67.00953678,70.52179837,384.1839237,223.3501362,153.9768392,102.3841962,59.81743869,44.06811989
2003,ILST,51.1,157.7,46.9,174,25.5,91.8,43.5,10.73705882,15.71705882,20.39411765,22.66941176,21.66470588,18.12941176,11.56235294,12,11,11,9,7,8,9,6,9,6,8,4,8,3,223.2882353,101.9,21.84117647,3.782352941,12.67647059,63.63529412,208.7764706,8.335294118,23.91176471,80.51764706,136.4647059,114.8941176,48.74705882,9.135294118,14.27247956,13.9373297,13.93051771,16.05040872,24.30517711,34.18256131,288.0217984,290.972752,305.8978202,319.5490463,316.2152589,288.8964578,487.5762943,485.9918256,476.1103542,465.5776567,448.5517711,431.5435967,454.619891,233.9114441,172.1553134,122.5776567,96.49182561,79.87874659,224.3719346,223.0122616,217.9564033,214.866485,235.1716621,279.5762943,63.57629428,63.73978202,63.69209809,64.5599455,67.00953678,70.52179837,384.1839237,223.3501362,153.9768392,102.3841962,59.81743869,44.06811989
2004,ILST,40.6,143.6,51.8,60.4,213.7,16.2,84.4,10.93705882,16.94058824,21.33823529,23.11117647,20.85764706,18.46470588,10.82470588,3,16,12,12,12,3,13,3,13,5,6,10,1,9,228.9470588,84.81764706,16.5,3.123529412,19.41176471,53.70588235,237.3529412,11.43529412,42.10588235,105.3352941,148.8411765,106.5529412,48.58823529,5.782352941,14.27247956,13.9373297,13.93051771,16.05040872,24.30517711,34.18256131,288.0217984,290.972752,305.8978202,319.5490463,316.2152589,288.8964578,487.5762943,485.9918256,476.1103542,465.5776567,448.5517711,431.5435967,454.619891,233.9114441,172.1553134,122.5776567,96.49182561,79.87874659,224.3719346,223.0122616,217.9564033,214.866485,235.1716621,279.5762943,63.57629428,63.73978202,63.69209809,64.5599455,67.00953678,70.52179837,384.1839237,223.3501362,153.9768392,102.3841962,59.81743869,44.06811989
2006,INFB,68.17647059,107.6,107.3647059,123.1529412,126.9941176,82.11176471,94.05882353,11.76588235,16.20941176,21.45529412,23.10647059,22.36,19.13882353,10.70117647,8.352941176,11.23529412,10.70588235,10.47058824,9.176470588,7.470588235,9,5.764705882,8.294117647,7.352941176,7.529411765,7.058823529,5.117647059,5.588235294,196.9764706,98.3,11.70588235,1.594117647,6.547058824,39.50588235,217.5470588,9.464705882,32.67647059,103.7941176,145.3823529,129.2705882,53.08235294,10.78823529,14.27247956,13.9373297,13.93051771,16.05040872,24.30517711,34.18256131,288.0217984,290.972752,305.8978202,319.5490463,316.2152589,288.8964578,487.5762943,485.9918256,476.1103542,465.5776567,448.5517711,431.5435967,454.619891,233.9114441,172.1553134,122.5776567,96.49182561,79.87874659,224.3719346,223.0122616,217.9564033,214.866485,235.1716621,279.5762943,63.57629428,63.73978202,63.69209809,64.5599455,67.00953678,70.52179837,384.1839237,223.3501362,153.9768392,102.3841962,59.81743869,44.06811989
2002,MNCF,87,68.4,261.1,109.4,193.3,102.8647059,66.35882353,6.87,12.25,20.77,24.47,20.98,16.93,10.70823529,10,12,15,11,10,13,7.411764706,6,7,9,7,6,9,4.764705882,322.3,200.8,22.5,0,4.4,80.14705882,257.7882353,5,12.3,95.6,183.5,83,37.95882353,7.635294118,14.27247956,13.9373297,13.93051771,16.05040872,24.30517711,34.18256131,288.0217984,290.972752,305.8978202,319.5490463,316.2152589,288.8964578,487.5762943,485.9918256,476.1103542,465.5776567,448.5517711,431.5435967,454.619891,233.9114441,172.1553134,122.5776567,96.49182561,79.87874659,224.3719346,223.0122616,217.9564033,214.866485,235.1716621,279.5762943,63.57629428,63.73978202,63.69209809,64.5599455,67.00953678,70.52179837,384.1839237,223.3501362,153.9768392,102.3841962,59.81743869,44.06811989
2003,MNCF,102.6,127.2,59.4,47.6,21.4,83.22941176,85.37058824,8.2,13.83,19.27,22.24,22.42,17.80235294,10.18294118,8,13,12,10,5,4,8.470588235,5,8,7,4,4,1,5.411764706,282.2,141,26.8,1.1,3.9,61.40588235,262.7470588,5.6,1.3,55.9,116.9,125.6,44.7,6.258823529,14.27247956,13.9373297,13.93051771,16.05040872,24.30517711,34.18256131,288.0217984,290.972752,305.8978202,319.5490463,316.2152589,288.8964578,487.5762943,485.9918256,476.1103542,465.5776567,448.5517711,431.5435967,454.619891,233.9114441,172.1553134,122.5776567,96.49182561,79.87874659,224.3719346,223.0122616,217.9564033,214.866485,235.1716621,279.5762943,63.57629428,63.73978202,63.69209809,64.5599455,67.00953678,70.52179837,384.1839237,223.3501362,153.9768392,102.3841962,59.81743869,44.06811989
2006,MNCF,62.1,79.8,30.7,43,171.6,89.71764706,66.41764706,10.9,15.32,20.3,24.28,21.65,17.40294118,10.24411765,12,16,10,6,11,15,7.176470588,3,7,3,5,8,7,4.529411765,223,132.6,14.5,0,0,68.37058824,256.8235294,0,39.1,73.4,184.3,102.8,15.8,8.741176471,14.27247956,13.9373297,13.93051771,16.05040872,24.30517711,34.18256131,288.0217984,290.972752,305.8978202,319.5490463,316.2152589,288.8964578,487.5762943,485.9918256,476.1103542,465.5776567,448.5517711,431.5435967,454.619891,233.9114441,172.1553134,122.5776567,96.49182561,79.87874659,224.3719346,223.0122616,217.9564033,214.866485,235.1716621,279.5762943,63.57629428,63.73978202,63.69209809,64.5599455,67.00953678,70.52179837,384.1839237,223.3501362,153.9768392,102.3841962,59.81743869,44.06811989
2008,MNCF,129.3,58.7,107.9,69.3,77.8,79.04705882,73.68235294,6.25,13.01,19.73,22.57,20.72,17.30529412,9.945882353,13,9,15,8,10,10,8.058823529,9,4,8,6,5,7,5.294117647,362.5,167.1,8.1,0,5.9,67.58235294,260.6941176,0,1.9,49.9,131.2,79.8,35.3,5.182352941,14.27247956,13.9373297,13.93051771,16.05040872,24.30517711,34.18256131,288.0217984,290.972752,305.8978202,319.5490463,316.2152589,288.8964578,487.5762943,485.9918256,476.1103542,465.5776567,448.5517711,431.5435967,454.619891,233.9114441,172.1553134,122.5776567,96.49182561,79.87874659,224.3719346,223.0122616,217.9564033,214.866485,235.1716621,279.5762943,63.57629428,63.73978202,63.69209809,64.5599455,67.00953678,70.52179837,384.1839237,223.3501362,153.9768392,102.3841962,59.81743869,44.06811989
2001,COOV,76.3,57.6,30.1,93.5,22.6,72.1,25.8,11.77352941,15.84823529,21.78470588,25.77,23.38529412,18.60647059,11.66470588,5,10,8,10,3,6,4,4,5,4,8,2,6,3,208.3647059,118.7235294,11.50588235,0,1.958823529,69.97058824,203.4588235,12.08823529,26.31764706,112.1941176,188.7,144.1470588,48.59411765,8.223529412,30,31,30,29,40,86,233,229,243,242,233,173,326,322,311,309,298,189,232,114,82,63,53,41,440,449,446,449,469,638,72,73,74,79,81,81,189,119,88,44,31,12
2004,COOV,57.6,28.4,114.0588235,62.4,80.9,34.5,32.6,12.74588235,17.70235294,23.11764706,25.01470588,22.72705882,18.20235294,11.60470588,7,8,10.76470588,9,4,3,4,4,3,7.058823529,8,4,3,3,178.1764706,86.5,7.535294118,0.8,6.211764706,71.28823529,208.7117647,13.15294118,66.32941176,148.9,203.7470588,158.0058824,69.24705882,17.27058824,30,31,30,29,40,86,233,229,243,242,233,173,326,322,311,309,298,189,232,114,82,63,53,41,440,449,446,449,469,638,72,73,74,79,81,81,189,119,88,44,31,12
2001,INBO,112.7,194.1,76.8,201,98.2,104.0411765,97.60588235,13.09,17.17,20.77,22.91,23.03,18.43941176,10.87,13,17,8,12,13,10,9,8,14,5,11,7,6,6,179.5,62.6,19.2,3.8,0,51.51764706,222.7823529,22.2,26.7,92.5,145.8,145.5,29.8,8.6,48,47,44,49,77,99,253,253,308,346,343,186,626,623,578,558,514,482,344,182,151,89,71,58,122,124,113,96,142,332,63,63,63,65,71,76,475,184,168,77,47,38
2002,INBO,71.27058824,130.8,97.05882353,134.1117647,112.5823529,74.97647059,92.21764706,11.78705882,16.48705882,21.31411765,23.22764706,22.63882353,19.25588235,10.69235294,8.705882353,12.52941176,10.47058824,10.17647059,8.647058824,7.411764706,9.058823529,5.764705882,9.411764706,7.411764706,7.588235294,6.470588235,5.176470588,5.352941176,197.3294118,91.03529412,15.1,1.411764706,4.688235294,33.84705882,216.3941176,10.45882353,34.72941176,102.8529412,148.8705882,136.0235294,52.82941176,9.641176471,48,47,44,49,77,99,253,253,308,346,343,186,626,623,578,558,514,482,344,182,151,89,71,58,122,124,113,96,142,332,63,63,63,65,71,76,475,184,168,77,47,38
2003,INBO,23.7,193.8,90.7,295.2,188.3,80.77647059,103.2117647,12.1,16.03,19.34,22.6,23.03,17.93588235,11.44176471,5,15,14,16,11,8,9.470588235,4,13,9,11,9,5,5.411764706,194.1,85.5,31.6,0,0,63.81176471,210.0588235,7,14.2,61.4,128.2,145.6,28.3,8.764705882,48,47,44,49,77,99,253,253,308,346,343,186,626,623,578,558,514,482,344,182,151,89,71,58,122,124,113,96,142,332,63,63,63,65,71,76,475,184,168,77,47,38
2006,INBO,105.6,168.5,110.1,217.7,132.8,110.5411765,115.4176471,12.81,15.89,20.24,24.12,23.32,18.29588235,10.80647059,13,14,11,13,9,12,10.29411765,8,11,10,9,7,7,6.647058824,163.9,113.4,10.6,0,0,56.51764706,221.2588235,3.7,37.6,67.8,179.3,154.7,18.7,9.811764706,48,47,44,49,77,99,253,253,308,346,343,186,626,623,578,558,514,482,344,182,151,89,71,58,122,124,113,96,142,332,63,63,63,65,71,76,475,184,168,77,47,38
2008,INBO,62.3,117.5,185.2,93,25.2,102.1588235,62.95294118,12,15.08,21.81,22.73,22.09,17.55294118,11.34294118,11,16,15,7,2,11,8.058823529,8,13,12,5,1,5,4.823529412,194.7,111.8,5.3,2,0,67.22352941,208.5352941,4.7,10.9,109.6,125.2,113.5,56.9,7.288235294,48,47,44,49,77,99,253,253,308,346,343,186,626,623,578,558,514,482,344,182,151,89,71,58,122,124,113,96,142,332,63,63,63,65,71,76,475,184,168,77,47,38
2005,MOWA,46.3,99,159.4,64,227.9,88.40588235,66.05882353,13.71,17.52,24.47,26.01,25.27,20.40235294,11.40764706,5,6,7,5,11,8,7.058823529,4,5,5,4,7,7,5.058823529,144.8,66.7,0,0,0,30.51764706,188.1941176,10.6,43.1,178,222.7,201.2,124.3,24.14705882,4,4,5,5,6,7,299,302,299,312,320,310,577,578,575,564,553,505,307,172,149,117,73,59,123,120,126,123,127,185,68,68,68,68,68,68,263,154,143,94,68,52
2006,MOWA,77.1,44.5,65,63.1,92.3,34.8,62.10588235,15.1,17.77117647,23.47,26.54,25.56,18.72,11.84176471,9,9,7,6,8,5,7.647058824,5,5,6,4,7,3,4.411764706,109.2,73.04117647,0.5,0,0,35.2,177.2470588,12.1,55.59411765,147.4,246.3,209.4,46.1,14.37058824,4,4,5,5,6,7,299,302,299,312,320,310,577,578,575,564,553,505,307,172,149,117,73,59,123,120,126,123,127,185,68,68,68,68,68,68,263,154,143,94,68,52
2008,MOWA,90.82352941,115.7235294,114.8529412,106.6529412,144.3176471,98.44705882,55.54117647,14.91,19.78352941,24.13588235,25.91705882,25.79470588,19.83941176,10.76294118,8.352941176,9.058823529,9.411764706,9.294117647,9.352941176,7.764705882,6.941176471,5.941176471,6.176470588,6.823529412,5.882352941,6.764705882,5,3.764705882,126.4647059,39.23529412,0.8,0.152941176,0.976470588,36.25294118,258.5882353,26.07058824,83.5,168.3058824,228.2,224.6117647,118.4882353,14.2,4,4,5,5,6,7,299,302,299,312,320,310,577,578,575,564,553,505,307,172,149,117,73,59,123,120,126,123,127,185,68,68,68,68,68,68,263,154,143,94,68,52
2007,ILKI,118.2,60.1,108.6,177.1,260,82.28823529,85.75882353,7.55,17.6,20.93,21.16,22.69,17.69294118,10.13411765,9,12,14,8,16,5,9.529411765,7,5,9,7,12,2,5.352941176,325,59,17.6,1.6,2.3,62.97647059,234.4941176,1.4,36.4,95.4,89.4,137.2,59.1,5.311764706,6,6,6,8,29,74,359,354,362,353,326,287,560,564,553,560,531,495,727,365,215,174,82,69,82,81,85,87,143,218,63,62,61,60,64,74,376,271,183,127,56,50
2003,MDLI,83.93529412,132.5941176,78.85294118,116.8823529,94.61764706,81.83529412,76.20588235,10.81470588,16.15235294,21.46352941,22.89176471,22.95529412,17.90470588,10.82823529,10.41176471,13.76470588,9.529411765,10.23529412,8.705882353,7.823529412,8.647058824,6.352941176,9.235294118,6,7.823529412,6,5.176470588,5.705882353,223.4647059,98.91176471,19.27647059,5.535294118,5.852941176,53.24117647,253.0294118,6.576470588,30.98235294,109.1352941,142.8352941,144.6529412,60.92941176,7.235294118,3,2,2,2,4,10,154,158,211,243,204,93,501,501,477,463,352,154,559,102,61,35,23,18,345,340,312,294,444,754,53,55,53,51,50,49,810,142,73,22,21,13
2004,MDLI,88.65882353,133.2588235,78.85294118,116.8823529,94.61764706,79.85882353,76.20588235,10.81470588,16.15235294,21.46352941,23.25647059,22.95529412,17.90470588,10.82823529,10.64705882,13.58823529,9.529411765,10.23529412,8.705882353,7.588235294,8.647058824,6.411764706,9,6,7.823529412,6,4.882352941,5.882352941,223.4647059,98.91176471,19.27647059,4.764705882,5.852941176,53.24117647,253.0294118,6.576470588,30.98235294,109.1352941,153.2058824,144.6529412,60.92941176,7.235294118,3,2,2,2,4,10,154,158,211,243,204,93,501,501,477,463,352,154,559,102,61,35,23,18,345,340,312,294,444,754,53,55,53,51,50,49,810,142,73,22,21,13
2005,MDLI,88.65882353,133.2588235,78.85294118,116.8823529,94.61764706,79.85882353,76.20588235,11.23823529,16.15235294,21.46352941,23.25647059,23.12529412,17.90470588,10.82823529,10.64705882,13.58823529,9.529411765,10.23529412,8.705882353,7.588235294,8.647058824,6.411764706,9,6,7.823529412,6,4.882352941,5.882352941,211.9176471,101.4529412,19.27647059,4.764705882,5.817647059,53.24117647,253.0294118,7.735294118,30.50588235,109.1352941,153.2058824,150.4352941,61.87058824,7.235294118,3,2,2,2,4,10,154,158,211,243,204,93,501,501,477,463,352,154,559,102,61,35,23,18,345,340,312,294,444,754,53,55,53,51,50,49,810,142,73,22,21,13
2006,MDLI,87.48235294,125.3058824,76.36470588,119,93.56470588,86.21176471,80.09411765,11.23823529,16.15235294,21.46352941,23.25647059,23.12529412,17.90470588,10.82823529,10.64705882,13.47058824,9.764705882,10.11764706,8.411764706,7.529411765,8.647058824,6.470588235,8.882352941,6.058823529,7.941176471,5.882352941,4.941176471,5.941176471,211.9176471,99.43529412,19.27647059,4.764705882,5.817647059,53.24117647,253.0294118,7.735294118,32.21176471,109.1352941,153.2058824,150.4352941,61.87058824,7.235294118,3,2,2,2,4,10,154,158,211,243,204,93,501,501,477,463,352,154,559,102,61,35,23,18,345,340,312,294,444,754,53,55,53,51,50,49,810,142,73,22,21,13
2007,MDLI,87.45882353,119.6529412,74.34705882,120.4764706,90.4,86.21176471,78.42352941,11.23823529,16.15235294,21.46352941,23.25647059,23.12529412,17.90470588,10.82823529,10.58823529,13,9.470588235,10.17647059,8.294117647,7.294117647,8.647058824,6.411764706,8.647058824,5.823529412,7.941176471,5.764705882,4.823529412,5.941176471,211.9176471,99.43529412,19.27647059,4.764705882,5.817647059,53.24117647,253.0294118,7.735294118,32.21176471,109.1352941,153.2058824,150.4352941,61.87058824,7.235294118,3,2,2,2,4,10,154,158,211,243,204,93,501,501,477,463,352,154,559,102,61,35,23,18,345,340,312,294,444,754,53,55,53,51,50,49,810,142,73,22,21,13
2002,IAPE,78.1,115,65.4,56.1,128.8,74.94117647,83.98823529,9.93,14.06,22.66,25.18,22.8,17.99470588,11.09941176,12,14,6,5,7,5,8.588235294,7,9,4,4,7,4,5.588235294,243.7,148.4,5.3,0,1.4,56.94117647,220.7764706,5.6,15.9,129.2,204.1,139.7,73.4,7.535294118,8,7,5,5,7,8,426,425,445,450,455,448,466,467,448,443,432,430,325,216,140,105,76,63,108,108,107,106,113,122,65,63,61,62,66,71,235,210,116,60,36,20
2003,IAPE,83.7,119,95.7,58.9,27.2,113.2352941,65.67647059,10.92,14.59,19.25,23.81,24.78,16.97470588,11.05,10,15,8,9,5,4,5.529411765,9,10,8,6,3,4,3.882352941,234.4,118,35.3,0,0,78.92941176,217.1,12,2,62.7,169.9,199.8,31.5,2.941176471,8,7,5,5,7,8,426,425,445,450,455,448,466,467,448,443,432,430,325,216,140,105,76,63,108,108,107,106,113,122,65,63,61,62,66,71,235,210,116,60,36,20
2003,INBU,66.48823529,135.8235294,94.75294118,133.5941176,114.1294118,76.32941176,95.95294118,11.90352941,16.11176471,21.37352941,23.12882353,22.42411765,19.25588235,10.69235294,8,12.82352941,10.47058824,10.23529412,8.764705882,7.411764706,8.823529412,5.411764706,9.764705882,7.588235294,8,6.823529412,5.352941176,5.294117647,199.7470588,100.1705882,13.17058824,1.576470588,6.517647059,37.04117647,216.3941176,10.2,32.61764706,102.8058824,146.3529412,131.2411765,52.5,10.16470588,14.27247956,13.9373297,13.93051771,16.05040872,24.30517711,34.18256131,288.0217984,290.972752,305.8978202,319.5490463,316.2152589,288.8964578,487.5762943,485.9918256,476.1103542,465.5776567,448.5517711,431.5435967,454.619891,233.9114441,172.1553134,122.5776567,96.49182561,79.87874659,224.3719346,223.0122616,217.9564033,214.866485,235.1716621,279.5762943,63.57629428,63.73978202,63.69209809,64.5599455,67.00953678,70.52179837,384.1839237,223.3501362,153.9768392,102.3841962,59.81743869,44.06811989
2004,INBU,16.4,179.9,101.7,93.7,203.2,67.66470588,96.00588235,10.14,16.83,19.36,21.55,19.09,17.91588235,10.34235294,5,18,14,11,13,5,9.588235294,3,12,7,6,12,3,5.647058824,257.1,93.1,30.3,1.6,35.8,58.01764706,238.1882353,11.1,46.6,61.1,101.4,59.3,44.8,6.258823529,14.27247956,13.9373297,13.93051771,16.05040872,24.30517711,34.18256131,288.0217984,290.972752,305.8978202,319.5490463,316.2152589,288.8964578,487.5762943,485.9918256,476.1103542,465.5776567,448.5517711,431.5435967,454.619891,233.9114441,172.1553134,122.5776567,96.49182561,79.87874659,224.3719346,223.0122616,217.9564033,214.866485,235.1716621,279.5762943,63.57629428,63.73978202,63.69209809,64.5599455,67.00953678,70.52179837,384.1839237,223.3501362,153.9768392,102.3841962,59.81743869,44.06811989
2005,INBU,31.5,27.4,59.9,133.7,66.3,113.8705882,59.00588235,11.07,13.89,22.81,23.43,22.73,17.74823529,10.62294118,11,10,7,12,10,9,6.705882353,3,3,5,8,7,6,3.882352941,221.1,148.3,10.8,1.3,2,62.28235294,225.9117647,3,10.5,145,159.2,138.2,68.8,6.782352941,14.27247956,13.9373297,13.93051771,16.05040872,24.30517711,34.18256131,288.0217984,290.972752,305.8978202,319.5490463,316.2152589,288.8964578,487.5762943,485.9918256,476.1103542,465.5776567,448.5517711,431.5435967,454.619891,233.9114441,172.1553134,122.5776567,96.49182561,79.87874659,224.3719346,223.0122616,217.9564033,214.866485,235.1716621,279.5762943,63.57629428,63.73978202,63.69209809,64.5599455,67.00953678,70.52179837,384.1839237,223.3501362,153.9768392,102.3841962,59.81743869,44.06811989
2005,ILMZ,78.13529412,97.14117647,66.23529412,103.5705882,87.78235294,96.71764706,62.26470588,11.95,17.36882353,21.79470588,23.94117647,23.38588235,19.45941176,11.14588235,9.176470588,10.35294118,7.823529412,8.647058824,8.176470588,6.529411765,6.941176471,6,7.176470588,4.882352941,5.941176471,6,4.823529412,4.176470588,195.1823529,73.51764706,10.3,0.476470588,2.964705882,35.2,211.9117647,8.094117647,45.08823529,107.5705882,172.7117647,155.5882353,63.44117647,12.26470588,15,13,11,13,65,82,305,307,312,317,322,296,463,461,457,459,446,441,782,377,285,192,98,80,231,232,231,224,232,262,64,64,64,64,65,67,580,310,225,186,100,120
2006,ILMZ,74.45882353,85.54117647,69.23529412,108.3411765,90.17058824,97.81176471,62.26470588,11.74470588,17.41058824,21.96529412,23.87235294,23.38588235,19.45941176,11.14588235,9,10.70588235,8.176470588,9.058823529,8.529411765,6.705882353,6.941176471,5.941176471,7.117647059,4.823529412,6.294117647,6.058823529,5,4.176470588,201.6176471,72.86470588,9.841176471,0.476470588,2.964705882,35.2,211.9117647,8.582352941,45.72352941,110.1176471,170.8764706,161.6352941,63.44117647,12.26470588,15,13,11,13,65,82,305,307,312,317,322,296,463,461,457,459,446,441,782,377,285,192,98,80,231,232,231,224,232,262,64,64,64,64,65,67,580,310,225,186,100,120
2007,ILMZ,77.17647059,73.48823529,71.43529412,106.2352941,90.17058824,106.5058824,62.26470588,11.82588235,17.68941176,21.96529412,23.75352941,23.20823529,19.45941176,11.14588235,8.823529412,10.47058824,8.117647059,9,8.823529412,6.705882353,6.941176471,5.941176471,6.823529412,4.882352941,6.294117647,6.352941176,5,4.176470588,201.6176471,68.67647059,8.682352941,0.541176471,3.158823529,35.2,211.9117647,8.582352941,49.31176471,109.8235294,167.6529412,161.6352941,62.31764706,12.26470588,15,13,11,13,65,82,305,307,312,317,322,296,463,461,457,459,446,441,782,377,285,192,98,80,231,232,231,224,232,262,64,64,64,64,65,67,580,310,225,186,100,120
2008,ILMZ,79.03529412,72.91176471,70.61176471,107.4588235,86.00588235,106.5058824,62.26470588,11.61941176,17.34411765,21.83941176,23.67764706,23.06588235,19.45941176,11.14588235,9.235294118,10.41176471,8.529411765,9.176470588,8.647058824,7.176470588,6.823529412,5.882352941,6.764705882,5.235294118,6.352941176,6.117647059,5.294117647,4.176470588,205.8058824,74.51764706,8.682352941,0.511764706,3.205882353,35.2,211.9117647,7.847058824,44.74117647,109.8235294,165.0529412,155.3764706,62.31764706,12.26470588,15,13,11,13,65,82,305,307,312,317,322,296,463,461,457,459,446,441,782,377,285,192,98,80,231,232,231,224,232,262,64,64,64,64,65,67,580,310,225,186,100,120
2000,NCPA,99.47647059,121.9058824,127.6764706,147.8941176,146.5,88.37647059,55.37058824,15.70470588,19.69470588,24.28294118,26.44823529,25.31941176,19.83882353,10.46764706,10.52941176,9.764705882,11.58823529,12.47058824,11.52941176,10.11764706,6.705882353,6.470588235,6.294117647,7.882352941,7.705882353,7,6.352941176,3.647058824,109.1,41.38235294,3.264705882,0.182352941,3.705882353,36.45882353,258.5882353,32.24117647,83.48823529,179.5117647,249.6058824,217.4470588,124.7235294,13.13529412,1,1,1,1,1,1,205,206,193,165,202,226,449,454,463,475,416,354,832,341,340,354,269,239,346,340,344,360,382,420,49,50,50,51,51,51,853,321,531,491,282,179
2001,NCPA,50.1,58.5,259.8,175.6,165.3,125.8823529,79.47647059,16.6,20.66,25.13,24.83,25.6,20.67764706,11.57882353,9,9,12,12,13,6,7.529411765,4,6,7,7,8,3,5.588235294,97.5,15,0,0,0,26.82941176,183.8529412,45.4,83.2,203.9,201.4,225.3,97.1,26.58823529,1,1,1,1,1,1,205,206,193,165,202,226,449,454,463,475,416,354,832,341,340,354,269,239,346,340,344,360,382,420,49,50,50,51,51,51,853,321,531,491,282,179
2002,NCPA,86.4,43.2,141.6,212.7,120.2,117.3470588,99.52352941,18.1,19.89,24.61,26.78,25.95,20.88294118,12.04941176,12,7,12,14,12,10,8.588235294,4,4,10,11,6,7,6.058823529,67,37.7,0,0,0,26.14117647,175.4,60,86,188.4,262,236.2,149.6,25.58235294,1,1,1,1,1,1,205,206,193,165,202,226,449,454,463,475,416,354,832,341,340,354,269,239,346,340,344,360,382,420,49,50,50,51,51,51,853,321,531,491,282,179
2003,NCPA,160.1,223.5,74.1,198.3,171.2,118.9176471,104.2411765,15.58,19.85,24.5,26.84,26.64,20.96941176,11.68941176,14,16,15,17,19,15,8.470588235,9,10,7,10,8,7,6.352941176,99.6,26.9,0.8,0,0,20.27647059,184.1176471,17,74,180,255.5,233,121.1,23.84705882,1,1,1,1,1,1,205,206,193,165,202,226,449,454,463,475,416,354,832,341,340,354,269,239,346,340,344,360,382,420,49,50,50,51,51,51,853,321,531,491,282,179
2004,NCPA,110,72.1,162.9,182.5,209.9,116.0411765,119.9529412,16.61,23.37,25.29,26.65,24.04,20.51823529,12.04294118,7,9,15,17,16,17,9.705882353,5,4,13,9,8,7,6.941176471,87.4,10.1,0,0,0,29.24117647,189.0352941,35.5,166.2,208.6,257.8,176.8,138.4,25.56470588,1,1,1,1,1,1,205,206,193,165,202,226,449,454,463,475,416,354,832,341,340,354,269,239,346,340,344,360,382,420,49,50,50,51,51,51,853,321,531,491,282,179
2002,MNGW,63.44705882,93.05294118,137.3941176,75.23529412,96.87647059,102.0764706,55.35882353,7.205882353,13.17647059,19.29294118,22.22470588,20.17882353,16.78647059,10.68,7.588235294,11.70588235,12.94117647,8.647058824,8.352941176,9.470588235,6,5.352941176,8.352941176,8.941176471,6.058823529,5.470588235,6.470588235,3.941176471,332.2588235,168.6470588,33.18823529,5.841176471,18.58823529,86.03529412,245.8235294,1.7,10.45882353,61.17058824,125.2352941,75.69411765,33.68823529,6.447058824,14.27247956,13.9373297,13.93051771,16.05040872,24.30517711,34.18256131,288.0217984,290.972752,305.8978202,319.5490463,316.2152589,288.8964578,487.5762943,485.9918256,476.1103542,465.5776567,448.5517711,431.5435967,454.619891,233.9114441,172.1553134,122.5776567,96.49182561,79.87874659,224.3719346,223.0122616,217.9564033,214.866485,235.1716621,279.5762943,63.57629428,63.73978202,63.69209809,64.5599455,67.00953678,70.52179837,384.1839237,223.3501362,153.9768392,102.3841962,59.81743869,44.06811989
2004,IACR,28.3,220.1,71.8,235.2,112,109.9588235,89.58235294,10.92,16.63,19.16,21.49,19.72,17.94647059,10.92294118,3,15,7,14,7,4,8.411764706,3,11,5,11,6,3,5.176470588,229.7,94.7,28.1,8,25.5,59.20588235,217.5,7.2,41.8,53,105.7,68.4,64.2,3.658823529,14.27247956,13.9373297,13.93051771,16.05040872,24.30517711,34.18256131,288.0217984,290.972752,305.8978202,319.5490463,316.2152589,288.8964578,487.5762943,485.9918256,476.1103542,465.5776567,448.5517711,431.5435967,454.619891,233.9114441,172.1553134,122.5776567,96.49182561,79.87874659,224.3719346,223.0122616,217.9564033,214.866485,235.1716621,279.5762943,63.57629428,63.73978202,63.69209809,64.5599455,67.00953678,70.52179837,384.1839237,223.3501362,153.9768392,102.3841962,59.81743869,44.06811989
2005,IACR,126.5,108.1,77.9,93.7,81.4,21.1,26.4,10.03,14.90705882,20.87529412,23.76588235,22.57882353,17.49529412,11.24882353,9,5,9.294117647,5,7.941176471,6.470588235,3,6,5,6.411764706,4,4.941176471,4.294117647,1,216.5,124.6294118,19.82352941,0.411764706,5.305882353,71.47058824,215.4470588,0,19.29411765,94.87058824,166.0764706,133.7647059,37.06470588,4.270588235,14.27247956,13.9373297,13.93051771,16.05040872,24.30517711,34.18256131,288.0217984,290.972752,305.8978202,319.5490463,316.2152589,288.8964578,487.5762943,485.9918256,476.1103542,465.5776567,448.5517711,431.5435967,454.619891,233.9114441,172.1553134,122.5776567,96.49182561,79.87874659,224.3719346,223.0122616,217.9564033,214.866485,235.1716621,279.5762943,63.57629428,63.73978202,63.69209809,64.5599455,67.00953678,70.52179837,384.1839237,223.3501362,153.9768392,102.3841962,59.81743869,44.06811989
2003,MNBR,44.2,128.6,125.5,61.3,32.2,86.10588235,61.82352941,7.67,12.99,18.86,21.74,21.61,17.32647059,10.18294118,9,15,16,9,6,7,7.352941176,5,9,10,7,4,4,4.882352941,293.9,166.4,43.5,1.7,8.3,68.29411765,257.7705882,0.6,5.6,59.2,107.3,110,26.7,7.111764706,11,11,11,12,24,35,373,383,382,382,365,341,429,421,422,422,437,448,389,306,227,144,101,67,198,196,197,196,198,212,67,67,67,70,73,76,433,331,224,192,102,63
2004,MNBR,48.3,141.4,32.7,177.1,99.8,95.94117647,77.01764706,8.1,12.94,17.93,20.79,17.81,17.36470588,10.15647059,5,18,11,9,11,9,8.647058824,3,11,4,6,4,7,5.470588235,283.5,175.9,48.6,12.8,51.4,65.3,242.2,0,8.4,35.5,89,35.2,49.8,7.441176471,11,11,11,12,24,35,373,383,382,382,365,341,429,421,422,422,437,448,389,306,227,144,101,67,198,196,197,196,198,212,67,67,67,70,73,76,433,331,224,192,102,63
2006,IAGN,82.76470588,120.2882353,103.7941176,102.4588235,116.1941176,94.47647059,54.30588235,8.548823529,14.86235294,20.42411765,22.70705882,21.16,18.36823529,11.66470588,8.529411765,12.17647059,10.35294118,7.882352941,8.529411765,8,6.470588235,5.941176471,8.176470588,6.941176471,5.764705882,5.823529412,5.411764706,4.176470588,294.8647059,125.6,15.78823529,2.670588235,10.93529412,61.14705882,208.7294118,5.335294118,19.82352941,76.66470588,134.4941176,96.57058824,41.10588235,18.52941176,14.27247956,13.9373297,13.93051771,16.05040872,24.30517711,34.18256131,288.0217984,290.972752,305.8978202,319.5490463,316.2152589,288.8964578,487.5762943,485.9918256,476.1103542,465.5776567,448.5517711,431.5435967,454.619891,233.9114441,172.1553134,122.5776567,96.49182561,79.87874659,224.3719346,223.0122616,217.9564033,214.866485,235.1716621,279.5762943,63.57629428,63.73978202,63.69209809,64.5599455,67.00953678,70.52179837,384.1839237,223.3501362,153.9768392,102.3841962,59.81743869,44.06811989
2001,MNSV,83.75882353,128.8529412,124.0411765,99.88823529,127.3647059,117.3588235,49.69411765,10.32,16.00470588,20.93764706,23.13823529,20.94588235,17.95705882,10.43588235,8.705882353,12.29411765,12.47058824,8.352941176,8.941176471,9,6.823529412,6.588235294,8.941176471,8.235294118,5.764705882,5.705882353,5.470588235,4,246.4352941,106.7588235,19.23529412,4.047058824,11.54705882,66.71176471,252.0647059,7.570588235,35.30588235,96.81764706,150.4705882,119.8294118,40.47647059,12.7,39,39,45,75,62,45,227,239,241,245,260,242,396,388,389,360,275,275,376,221,155,79,48,39,377,372,370,395,465,484,64,62,61,60,63,71,339,188,133,88,68,60
2004,MNSV,89.45294118,120.6823529,131.6705882,95.39411765,120.7647059,117.3588235,49.69411765,8.588823529,14.77294118,19.98470588,22.44235294,20.63117647,17.95705882,10.43588235,9.352941176,11.82352941,12,7.529411765,9.411764706,9,6.823529412,6.764705882,8.058823529,8.235294118,5.352941176,6.235294118,5.529411765,4,293.9235294,131.7941176,22.13529412,4.176470588,14.1,66.71176471,252.0647059,2.917647059,22.85294118,71.09411765,129.2882353,90.42941176,35.04117647,12.7,39,39,45,75,62,45,227,239,241,245,260,242,396,388,389,360,275,275,376,221,155,79,48,39,377,372,370,395,465,484,64,62,61,60,63,71,339,188,133,88,68,60
2000,SDTR,67.4,164.5,72.4,68.9,69,50.85882353,57.94117647,6.1,14.58,18.04,21.4,20.89,17.33941176,9.957058824,9,9,11,8,6,5,7.352941176,6,8,8,6,4,4,5.764705882,367,131.1,49.1,20,8.9,68.56470588,271.3647059,0,14.7,42.3,114.9,81.4,19.8,5.829411765,3,1,2,2,4,8,356,351,337,318,311,298,420,423,423,427,395,383,412,242,153,110,64,44,223,226,240,255,293,319,66,66,68,71,77,82,399,258,183,95,47,25
2003,SDTR,88.4,64.6,62,54.5,51.3,75.91764706,61.12352941,7.2,12.26,18.14,21.89,21.76,17.14764706,9.957058824,8,10,11,6,6,5,7.411764706,5,5,7,4,4,5,4.647058824,330.5,187.2,48.9,2.3,8.6,75.80588235,260.6058824,0.3,1.9,46.2,112.4,111.6,15.8,5.523529412,3,1,2,2,4,8,356,351,337,318,311,298,420,423,423,427,395,383,412,242,153,110,64,44,223,226,240,255,293,319,66,66,68,71,77,82,399,258,183,95,47,25
2004,SDTR,40.6,363.3,115.8,133.4,88,58.32352941,77.35882353,7.79,12.44,16.76,19.89,17.3,17.17705882,9.737058824,4,10,7,9,10,11,8.235294118,4,10,6,8,6,6,6.235294118,316.4,192.6,70.3,19.7,61,74.06470588,258.6352941,0,9.8,27,67.8,28.8,40.5,5.088235294,3,1,2,2,4,8,356,351,337,318,311,298,420,423,423,427,395,383,412,242,153,110,64,44,223,226,240,255,293,319,66,66,68,71,77,82,399,258,183,95,47,25
2005,SDTR,95.01764706,136.2882353,99.2,73.47058824,81.76470588,91.16470588,65.18823529,11.12882353,17.45705882,22.02823529,24.42294118,23.53588235,18.6,10.28941176,8,10.52941176,9.294117647,6.529411765,7.411764706,7.764705882,6.823529412,5.588235294,7.647058824,5.941176471,4.470588235,4.705882353,5.764705882,5.176470588,228.1823529,76.27058824,14.01176471,2.729411765,6.141176471,55.05882353,221.8176471,13.11176471,49.05294118,125.3941176,190.5647059,165.3235294,72.38823529,15.61176471,3,1,2,2,4,8,356,351,337,318,311,298,420,423,423,427,395,383,412,242,153,110,64,44,223,226,240,255,293,319,66,66,68,71,77,82,399,258,183,95,47,25
2000,GAWI,33.7,21.6,103.2,128.1,60.7,300,76.98235294,17.27,24.6,26.16,27.21470588,27.18,21.39058824,12.06647059,9,2,8,7,7,12,6.411764706,3,1,8,7,6,12,4.470588235,55.4,4.2,0,0,0,3.1,185.9823529,23.4,187.6,209.6,269.3764706,274.4,148.6,30.4,36,37,41,45,38,37,84,80,117,217,264,285,95,96,95,90,86,84,518,72,48,22,17,16,821,823,788,693,650,631,51,51,51,50,50,50,398,125,75,25,15,8
2001,GAWI,44.4,31.5,139.7,163.3,80.6,97.75294118,65.22941176,18.37,22.52,25.8,26.74,26.77,21.40411765,12.50647059,4,3,13,16,9,10,7,4,3,11,13,5,10,4.588235294,52,0,0,0,0,19.98235294,164.7470588,53,124.8,224.1,251.7,261.6,151.8,30.07647059,36,37,41,45,38,37,84,80,117,217,264,285,95,96,95,90,86,84,518,72,48,22,17,16,821,823,788,693,650,631,51,51,51,50,50,50,398,125,75,25,15,8
2004,GAWI,41.9,86.8,162.2,106.3,106.2,99.88823529,73.19411765,17.67,24.6,26.76,27.56,26.89,21.01647059,12.50647059,3,8,18,13,10,7.411764706,5,3,7,14,11,9,5.529411765,3,56.3,2,0,0,0,24.96470588,172.9235294,33.4,186.6,252.9,278.3,265.2,147.1411765,99.7,36,37,41,45,38,37,84,80,117,217,264,285,95,96,95,90,86,84,518,72,48,22,17,16,821,823,788,693,650,631,51,51,51,50,50,50,398,125,75,25,15,8
2004,VACC,146.4,92.3,255.4,242.8,467.9,113.2647059,77.8,15.93,24.07,25.04,26.87,25.25,19.19823529,11.40764706,11,7,10,20,13,12,7.058823529,7,4,9,16,12,7,4.058823529,109.7,7,0,0,0,48.11176471,203.5705882,37.7,167.8,182.4,264.6,199.5,140.1,20.63529412,8,7,7,6,10,14,211,225,243,295,298,281,333,326,322,299,273,233,456,139,93,46,69,64,455,449,436,406,429,486,50,51,51,51,51,51,528,195,110,61,38,21
2005,VACC,97.51764706,110.1882353,124.1235294,101.2647059,113.5411765,74.03529412,64.74117647,13.12764706,17.92529412,22.59941176,24.83411765,24.54647059,18.6,10.28941176,9.529411765,9.294117647,9.352941176,8.882352941,7.470588235,8.588235294,7.176470588,6.764705882,7.529411765,6.882352941,6.117647059,5.529411765,6.235294118,5.235294118,173.2588235,75.04705882,10.39411765,1.288235294,3.117647059,55.05882353,221.8176471,20.7,61.43529412,135.0294118,199.0764706,192.5882353,79.38823529,15.61176471,8,7,7,6,10,14,211,225,243,295,298,281,333,326,322,299,273,233,456,139,93,46,69,64,455,449,436,406,429,486,50,51,51,51,51,51,528,195,110,61,38,21
2006,VACC,73.9,72.1,184.7,131.9,61.1,89.6,65.03529412,17.54,20,24.54,27.64,28.06,20.61235294,11.93411765,9,7,14,6,8,11,6.764705882,7,5,12,4,5,8,4.647058824,57.3,22.4,0,0,0,24.92941176,171.0764706,35.6,70,165.6,277.9,301.5,99.8,25.20588235,8,7,7,6,10,14,211,225,243,295,298,281,333,326,322,299,273,233,456,139,93,46,69,64,455,449,436,406,429,486,50,51,51,51,51,51,528,195,110,61,38,21
2007,OHWC,67.27058824,82.15882353,110.2823529,116.2470588,108.3823529,96.40588235,79.56470588,9.430588235,13.67235294,20.18647059,21.77764706,21.09529412,18.79588235,10.28941176,10.64705882,12.70588235,13.64705882,11,9.470588235,8.823529412,8.882352941,6.823529412,7.764705882,7.882352941,7.588235294,5.647058824,5.235294118,5.529411765,267.4411765,166.8117647,25.41176471,5.723529412,12.64117647,53.50588235,221.8176471,1.535294118,18.09411765,80.47647059,111.8882353,96.41764706,40.31176471,17.2,14.27247956,13.9373297,13.93051771,16.05040872,24.30517711,34.18256131,288.0217984,290.972752,305.8978202,319.5490463,316.2152589,288.8964578,487.5762943,485.9918256,476.1103542,465.5776567,448.5517711,431.5435967,454.619891,233.9114441,172.1553134,122.5776567,96.49182561,79.87874659,224.3719346,223.0122616,217.9564033,214.866485,235.1716621,279.5762943,63.57629428,63.73978202,63.69209809,64.5599455,67.00953678,70.52179837,384.1839237,223.3501362,153.9768392,102.3841962,59.81743869,44.06811989
2003,INGR,101.3,145.3,164,248.5,69.8,148.9,72.1,10.45529412,15.72352941,20.90529412,23.12823529,21.71705882,18.42823529,11.88764706,12,17,12,14,5,9,7,10,10,9,9,4,7,5,236.2058824,105.1352941,15.98235294,2.341176471,9.282352941,57.1,198.9352941,5.494117647,25.75294118,91.20588235,148.9411765,117.8,50.70588235,9.735294118,35,35,35,34,54,75,211,211,239,248,272,319,669,672,656,645,583,491,519,168,102,67,49,46,119,117,105,107,146,190,57,56,55,55,55,58,670,149,85,49,39,36
2000,TNUC,127.2,209.8,115,31.9,27.4,82.26470588,69.43529412,12.72,20.64,23.97,25.02,26.08,20.12647059,11.64058824,11,16,11,7,10,9,6.705882353,9,13,7,3,3,7,4.764705882,170,15.1,2.5,0,0,30.31764706,201,1.7,86.6,171.4,207.2,240,115,18.8,14.27247956,13.9373297,13.93051771,16.05040872,24.30517711,34.18256131,288.0217984,290.972752,305.8978202,319.5490463,316.2152589,288.8964578,487.5762943,485.9918256,476.1103542,465.5776567,448.5517711,431.5435967,454.619891,233.9114441,172.1553134,122.5776567,96.49182561,79.87874659,224.3719346,223.0122616,217.9564033,214.866485,235.1716621,279.5762943,63.57629428,63.73978202,63.69209809,64.5599455,67.00953678,70.52179837,384.1839237,223.3501362,153.9768392,102.3841962,59.81743869,44.06811989
2001,TNUC,62.6,98.9,56.4,126.7,69.6,73.17058824,43.5,16.82,20.04,23.16,26.07,25.71,20.37235294,12.08176471,8,12,11,12,10,8,6.529411765,5,9,5,8,8,5,4.176470588,85.2,13.7,0.6,0,0,31.15294118,175.4,39.7,66.6,145.3,239.9,228.8,87.6,22.99411765,14.27247956,13.9373297,13.93051771,16.05040872,24.30517711,34.18256131,288.0217984,290.972752,305.8978202,319.5490463,316.2152589,288.8964578,487.5762943,485.9918256,476.1103542,465.5776567,448.5517711,431.5435967,454.619891,233.9114441,172.1553134,122.5776567,96.49182561,79.87874659,224.3719346,223.0122616,217.9564033,214.866485,235.1716621,279.5762943,63.57629428,63.73978202,63.69209809,64.5599455,67.00953678,70.52179837,384.1839237,223.3501362,153.9768392,102.3841962,59.81743869,44.06811989
2002,TNUC,75.7,220,76.2,26.9,88.4,67.42352941,72.73529412,16.04,18.6,24.95,27.03,25.72,20.58411765,11.70588235,11,16,6,7,8,9,7.705882353,7,11,4,3,7,7,5.588235294,106.6,50.6,0,0,0,26.44117647,192.7058824,37.8,58.9,198.5,269.7,229.1,143.5,25.39411765,14.27247956,13.9373297,13.93051771,16.05040872,24.30517711,34.18256131,288.0217984,290.972752,305.8978202,319.5490463,316.2152589,288.8964578,487.5762943,485.9918256,476.1103542,465.5776567,448.5517711,431.5435967,454.619891,233.9114441,172.1553134,122.5776567,96.49182561,79.87874659,224.3719346,223.0122616,217.9564033,214.866485,235.1716621,279.5762943,63.57629428,63.73978202,63.69209809,64.5599455,67.00953678,70.52179837,384.1839237,223.3501362,153.9768392,102.3841962,59.81743869,44.06811989
2003,TNUC,128.8,293.2,73.3,119.5,61.4,101.4294118,77.97647059,14.78,20.02,21.5,25.29,25.47,19.45647059,11.55235294,11,12,11,14,12,6,7.470588235,8,11,5,10,5,5,5.117647059,114.9,14.3,6.4,0,0,33.66470588,205.5470588,8.3,66.7,101.5,215.6,221.2,67.7,17.81764706,14.27247956,13.9373297,13.93051771,16.05040872,24.30517711,34.18256131,288.0217984,290.972752,305.8978202,319.5490463,316.2152589,288.8964578,487.5762943,485.9918256,476.1103542,465.5776567,448.5517711,431.5435967,454.619891,233.9114441,172.1553134,122.5776567,96.49182561,79.87874659,224.3719346,223.0122616,217.9564033,214.866485,235.1716621,279.5762943,63.57629428,63.73978202,63.69209809,64.5599455,67.00953678,70.52179837,384.1839237,223.3501362,153.9768392,102.3841962,59.81743869,44.06811989
2004,TNUC,93.10588235,130.7352941,109.5823529,91.93529412,118.1705882,80.78235294,65.18823529,13.67117647,19.19529412,23.12470588,25.26588235,24.98529412,18.6,10.28941176,9.117647059,9.882352941,9.176470588,8.705882353,8.235294118,8.294117647,6.823529412,6.411764706,7.411764706,6.117647059,5.588235294,5.352941176,6,4.941176471,159.7941176,47.95882353,8.988235294,1.452941176,4.482352941,55.05882353,221.8176471,20.62352941,72.92941176,149.5058824,213.1058824,207.3588235,91.7,15.61176471,14.27247956,13.9373297,13.93051771,16.05040872,24.30517711,34.18256131,288.0217984,290.972752,305.8978202,319.5490463,316.2152589,288.8964578,487.5762943,485.9918256,476.1103542,465.5776567,448.5517711,431.5435967,454.619891,233.9114441,172.1553134,122.5776567,96.49182561,79.87874659,224.3719346,223.0122616,217.9564033,214.866485,235.1716621,279.5762943,63.57629428,63.73978202,63.69209809,64.5599455,67.00953678,70.52179837,384.1839237,223.3501362,153.9768392,102.3841962,59.81743869,44.06811989
2006,TNUC,90.4,213.1,110.6,115.8,62.4,94.52941176,75.02941176,17.18,19.21,24.1,25.92,25.95,20.50941176,12.31647059,14,14,6,11,8,10,7.235294118,8,11,3,9,3,9,4.882352941,71.7,41,0,0,0,28.2,185.5941176,37,68.2,172.9,235.3,236.1,59.8,24.47647059,14.27247956,13.9373297,13.93051771,16.05040872,24.30517711,34.18256131,288.0217984,290.972752,305.8978202,319.5490463,316.2152589,288.8964578,487.5762943,485.9918256,476.1103542,465.5776567,448.5517711,431.5435967,454.619891,233.9114441,172.1553134,122.5776567,96.49182561,79.87874659,224.3719346,223.0122616,217.9564033,214.866485,235.1716621,279.5762943,63.57629428,63.73978202,63.69209809,64.5599455,67.00953678,70.52179837,384.1839237,223.3501362,153.9768392,102.3841962,59.81743869,44.06811989
2007,TNUC,85.5,25.9,112.9,48.8,28.2,92.43529412,52.8,12.79,21.58,24.61,24.68,28.62,19.99647059,11.81117647,9,5,9,6,3,12,5.823529412,5,4,6,3,1,8,3.764705882,176.7,14.2,0,0,0,35.93529412,196.2529412,10.3,114.7,188.4,196.8,318.9,136.7,22.74117647,14.27247956,13.9373297,13.93051771,16.05040872,24.30517711,34.18256131,288.0217984,290.972752,305.8978202,319.5490463,316.2152589,288.8964578,487.5762943,485.9918256,476.1103542,465.5776567,448.5517711,431.5435967,454.619891,233.9114441,172.1553134,122.5776567,96.49182561,79.87874659,224.3719346,223.0122616,217.9564033,214.866485,235.1716621,279.5762943,63.57629428,63.73978202,63.69209809,64.5599455,67.00953678,70.52179837,384.1839237,223.3501362,153.9768392,102.3841962,59.81743869,44.06811989
2000,ILWA,97,99.9,184.1,126.9,115.3,116.4,25.1,10.58058824,16.53588235,21.05882353,22.63176471,22.23705882,17.90529412,12.23823529,7,10,15,6,8,7,2,7,10,12,4,5,5,1,230.7941176,89.81176471,12.88823529,2.094117647,3.8,64.57058824,206.1529412,2.823529412,34.75294118,93.01176471,133.4411765,124.0117647,52.23529412,12.19411765,12,11,11,12,33,52,338,338,357,362,365,307,578,579,564,558,484,457,877,273,162,94,93,75,83,83,79,80,151,236,62,62,62,61,66,73,417,254,172,94,44,25
2001,ILWA,63.6,87.6,85.1,53.7,70.8,118.2,155,11.30176471,17.36,21.81235294,24.08764706,24.11235294,17.79,11.11588235,15,17,10,6,9,10,11,7,9,8,4,6,8,6,220.6176471,76.21764706,13.64705882,1.288235294,2.229411765,64.57058824,214.8823529,6.735294118,46.15294118,115.3941176,177.7647059,186.2058824,68.17647059,6.347058824,12,11,11,12,33,52,338,338,357,362,365,307,578,579,564,558,484,457,877,273,162,94,93,75,83,83,79,80,151,236,62,62,62,61,66,73,417,254,172,94,44,25
2002,ILWA,119.7,119.1,138.2,68.2,134.3,41.9,61.5,10.57352941,15.90588235,20.59705882,22.70705882,22.33588235,18.40411765,10.97294118,12,8,9,7,7,5,9,9,7,6,4,5,4,5,236.2411765,108.1764706,21.55294118,3.111764706,5.070588235,48.85294118,227.4235294,7.347058824,32.77647059,87.66470588,136.6411765,126.7235294,45.43529412,10.58235294,12,11,11,12,33,52,338,338,357,362,365,307,578,579,564,558,484,457,877,273,162,94,93,75,83,83,79,80,151,236,62,62,62,61,66,73,417,254,172,94,44,25
2003,ILWA,57.9,211.1,51.5,121.2,22.1,49.1,45,11.33176471,16.11058824,20.85352941,23.48823529,22.02764706,18.47941176,11.23176471,6,14,9,10,3,7,7,4,10,6,9,1,5,5,215.7588235,97.45882353,19.2,2.158823529,12.71176471,47.02352941,219.2117647,8.788235294,29.7,92.05294118,160.6176471,123.6235294,54.81764706,6.182352941,12,11,11,12,33,52,338,338,357,362,365,307,578,579,564,558,484,457,877,273,162,94,93,75,83,83,79,80,151,236,62,62,62,61,66,73,417,254,172,94,44,25
2004,ILWA,52.6,212.1,95.9,42.7,120.1,19.3,86.4,10.79705882,15.90941176,19.86411765,22.51647059,20.92411765,18.30411765,10.93764706,4,16,9,8,10,3,11,3,13,8,3,10,2,6,233.1529412,101.6823529,29.48235294,5.352941176,21.2,53.95882353,220.9352941,7.664705882,30.01176471,72.86470588,133.5529412,96.43529412,51.65882353,6.052941176,12,11,11,12,33,52,338,338,357,362,365,307,578,579,564,558,484,457,877,273,162,94,93,75,83,83,79,80,151,236,62,62,62,61,66,73,417,254,172,94,44,25
2005,ILWA,32.3,46.4,6.7,57.5,75.4,46.6,9.3,12.12941176,17.17647059,23.26941176,25.50058824,24.68470588,18.79352941,10.80352941,9,7,5,10,6,9,4,5,5,1,6,4,6,2,192.7352941,79.81176471,3.311764706,0.211764706,0.588235294,46.65882353,225.5470588,8.758823529,44.15294118,148.1882353,219.4705882,194.5294118,82.82352941,10.52352941,12,11,11,12,33,52,338,338,357,362,365,307,578,579,564,558,484,457,877,273,162,94,93,75,83,83,79,80,151,236,62,62,62,61,66,73,417,254,172,94,44,25
2006,ILWA,90.5,91.4,94.9,91.5,78.8,89.6,110.1,10.86235294,16.22235294,21.48882353,23.46823529,23.14176471,18.06176471,10.59941176,6,15,12,11,8,12,9,5,10,5,9,5,7,5,213.8941176,93.88823529,15.01176471,1.211764706,1.870588235,60.35294118,229.0823529,8.547058824,31.28823529,106.9823529,155.4235294,154.9705882,57.78235294,7.729411765,12,11,11,12,33,52,338,338,357,362,365,307,578,579,564,558,484,457,877,273,162,94,93,75,83,83,79,80,151,236,62,62,62,61,66,73,417,254,172,94,44,25
2003,MNBE,46.6,100.1,95,70.4,20.8,47.3,9.6,8.641764706,14.00352941,19.53294118,22.10882353,21.78,17.43764706,10.95647059,5,10,8,7,5,3,4,3,7,7,6,3,3,2,285.0941176,144.1235294,31.56470588,4.029411765,8.364705882,65.22941176,231.8882353,2.264705882,13.10588235,66.93529412,119.1882353,119.2882353,40.07058824,6.947058824,14.27247956,13.9373297,13.93051771,16.05040872,24.30517711,34.18256131,288.0217984,290.972752,305.8978202,319.5490463,316.2152589,288.8964578,487.5762943,485.9918256,476.1103542,465.5776567,448.5517711,431.5435967,454.619891,233.9114441,172.1553134,122.5776567,96.49182561,79.87874659,224.3719346,223.0122616,217.9564033,214.866485,235.1716621,279.5762943,63.57629428,63.73978202,63.69209809,64.5599455,67.00953678,70.52179837,384.1839237,223.3501362,153.9768392,102.3841962,59.81743869,44.06811989
2007,MNBE,26.7,98.7,56.9,82.6,204.7,121.7,152.3,10.11294118,16.88588235,21.54058824,23.43117647,21.77941176,18.34176471,10.48882353,4,9,7,7,10,6,7,2,6,7,6,10,4,6,255.7529412,89.33529412,13.86470588,2.835294118,10.53529412,54.07058824,235,7.688235294,46.01764706,109.0235294,158.4823529,133.0882353,57.93529412,8.952941176,14.27247956,13.9373297,13.93051771,16.05040872,24.30517711,34.18256131,288.0217984,290.972752,305.8978202,319.5490463,316.2152589,288.8964578,487.5762943,485.9918256,476.1103542,465.5776567,448.5517711,431.5435967,454.619891,233.9114441,172.1553134,122.5776567,96.49182561,79.87874659,224.3719346,223.0122616,217.9564033,214.866485,235.1716621,279.5762943,63.57629428,63.73978202,63.69209809,64.5599455,67.00953678,70.52179837,384.1839237,223.3501362,153.9768392,102.3841962,59.81743869,44.06811989
2007,NEPR,107.1,194.8,46.8,82.9,137.6,56.2,157.6,11.71352941,17.60882353,22.54235294,25.19470588,23.79235294,17.42764706,10.90470588,12,12,8,7,11,6,10,7,9,5,5,9,3,10,209.4647059,75.44117647,7.647058824,1.429411765,2.529411765,59.36470588,218.9352941,15.51176471,49.76470588,131.7176471,210.7470588,166.5941176,58.50588235,5.8,2,1,1,3,4,4,263,269,272,269,258,249,440,441,435,430,436,418,252,159,117,78,59,43,297,290,293,302,307,333,62,63,65,69,72,74,243,163,96,71,47,41
2002,MNMA,77.4,52.1,129.3,50.8,125,118.9058824,54.88235294,6.55,12.13,21.19,24.12,20.44,16.91058824,9.945882353,10,9,13,6,10,7,6.705882353,7,7,12,5,8,6,4.117647059,333.6,204.2,21.3,0,12.5,77.5,262.6941176,2.8,12,106.9,179.4,77.7,54.3,7.917647059,9,9,9,11,13,26,357,363,381,397,393,344,577,572,562,552,562,603,479,276,214,107,73,55,66,65,57,51,45,53,65,65,65,63,67,73,431,344,242,145,60,49
2003,MNMA,54.1,104.4,68.2,105.1,36.8,88.4,64.28823529,8.63,13.32,19.05,22.04,22.39,17.76058824,10.03058824,7,9,11,11,6,4,7.882352941,5,8,9,9,4,3,4.705882353,296.8,156.5,30.6,1.7,4.2,60.11176471,258.3529412,5.6,1.1,52.2,108.9,129.9,37.4,6.211764706,9,9,9,11,13,26,357,363,381,397,393,344,577,572,562,552,562,603,479,276,214,107,73,55,66,65,57,51,45,53,65,65,65,63,67,73,431,344,242,145,60,49
2004,NEWA,79.24705882,101.3176471,91.72352941,72.98823529,85.29411765,84.70588235,97.70588235,11.02058824,16.42764706,21.52823529,23.76470588,23.05235294,20.46882353,10.28941176,8.823529412,11.11764706,10.35294118,7.352941176,8.176470588,7.588235294,7.764705882,6.411764706,7.058823529,6.352941176,5.058823529,4.941176471,4.588235294,5.705882353,220.2764706,92.79411765,9.229411765,2.311764706,2.035294118,30.79411765,221.8176471,5.523529412,34.62352941,104.9235294,167.3058824,146.7529412,61.98823529,18.21176471,10,9,9,8,7,13,185,183,203,196,172,144,246,245,231,227,216,220,223,122,106,82,63,42,569,572,566,577,611,636,71,72,74,78,82,83,199,103,81,48,30,16
2006,INFO,125,139.6,110.5,99.9,125.3,112.1,120.5,11.27352941,16.00941176,20.72411765,23.00588235,22.54647059,18.27470588,10.75705882,12,12,12,9,9,11,9,11,11,10,7,8,9,6,218.6176471,100.7058824,19.00588235,2.888235294,4.229411765,55.31764706,224.8470588,9.405882353,28.46470588,89.45882353,144.2705882,129.4882353,47.37647059,7.282352941,16,15,15,21,32,51,266,264,317,342,332,226,622,625,583,571,570,517,354,228,164,108,67,54,112,110,100,87,97,257,64,63,64,64,69,76,336,200,124,91,111,107
2008,INFO,68.4,176.6,214,88.5,60.2,65,49.8,10.42941176,16.09882353,21.38294118,22.98705882,22.22117647,17.60411765,12.28352941,8,13,12,10,5,8,5,7,10,12,8,3,6,4,238.0176471,98.08235294,9.558823529,1.576470588,3.123529412,61.63529412,205.6529412,4.1,29.55294118,99.62352941,143.0294118,120.5294118,51.91176471,11.41176471,16,15,15,21,32,51,266,264,317,342,332,226,622,625,583,571,570,517,354,228,164,108,67,54,112,110,100,87,97,257,64,63,64,64,69,76,336,200,124,91,111,107
2001,MNFA,145.2,116.4,113,26.4,67.3,67.89411765,65.45882353,8.12,14.72,19.45,22.8,22.4,17.49529412,9.945882353,18,17,15,11,10,13,7.705882353,10,11,8,5,4,5,5.176470588,310.6,129.3,47.6,6.7,3.1,65.07058824,267.3941176,4.2,17.2,81.1,145.3,129.2,20.2,8.576470588,14,15,14,16,44,49,184,196,218,210,207,197,382,374,373,381,251,191,470,218,202,95,62,63,435,430,408,409,542,612,60,60,60,60,62,67,425,278,165,129,53,41
2002,MNFA,107.2,58.9,261.7,84.9,209,100.8352941,62.04705882,6.82,11.58,21.14,23.85,20.21,16.79176471,10.30588235,11,10,20,10,10,13,7.470588235,9,8,15,7,5,5,4.352941176,352,211.6,18.1,0.8,8.7,79.6,261.9411765,6.7,9.7,97.2,171.7,65.1,54.8,6.282352941,14,15,14,16,44,49,184,196,218,210,207,197,382,374,373,381,251,191,470,218,202,95,62,63,435,430,408,409,542,612,60,60,60,60,62,67,425,278,165,129,53,41
2008,MNFA,117.4,68.3,99.8,70.9,76.8,57.9,50.8,5.43,12.62,18.97,22.18,20.7,16.89,9.28,8.647058824,9,10.82352941,7.764705882,6.352941176,9.235294118,7.176470588,6.235294118,6.176470588,7.470588235,5.823529412,4.235294118,6.588235294,4.705882353,387.1,178.8,15.8,1.1,5.8,68.8,282.9,0,1.7,34.8,120.4,79.1,25.6,2.3,14,15,14,16,44,49,184,196,218,210,207,197,382,374,373,381,251,191,470,218,202,95,62,63,435,430,408,409,542,612,60,60,60,60,62,67,425,278,165,129,53,41
2004,INCC,42.6,147.2,37.9,215.4,102.7,18.3,165.4,13.24,17.55411765,21.63,23.12,21.55,18.07705882,10.97058824,5,14.41176471,8,14,6,2,13,4,10.23529412,4,9,5,1,7,164.6,72.90588235,6.9,2.2,6.9,60.30588235,216.9823529,16.1,47.92352941,91.1,141.4,92.5,45.94705882,6.964705882,14.27247956,13.9373297,13.93051771,16.05040872,24.30517711,34.18256131,288.0217984,290.972752,305.8978202,319.5490463,316.2152589,288.8964578,487.5762943,485.9918256,476.1103542,465.5776567,448.5517711,431.5435967,454.619891,233.9114441,172.1553134,122.5776567,96.49182561,79.87874659,224.3719346,223.0122616,217.9564033,214.866485,235.1716621,279.5762943,63.57629428,63.73978202,63.69209809,64.5599455,67.00953678,70.52179837,384.1839237,223.3501362,153.9768392,102.3841962,59.81743869,44.06811989
2005,INCC,72.58823529,117.7176471,111.4235294,134.1,110.4705882,79.71176471,95.40588235,11.90352941,16.28058824,21.37352941,23.10647059,22.36,19.25588235,10.69235294,9.235294118,12.94117647,11.35294118,10.64705882,8.352941176,7.764705882,9.117647059,6.176470588,9.705882353,8.058823529,7.705882353,6.352941176,5.058823529,5.529411765,193.0941176,96.21176471,13.17058824,1.594117647,6.547058824,39.50588235,217.5470588,9.835294118,33.22352941,102.8058824,145.3823529,129.2705882,52.5,10.78823529,14.27247956,13.9373297,13.93051771,16.05040872,24.30517711,34.18256131,288.0217984,290.972752,305.8978202,319.5490463,316.2152589,288.8964578,487.5762943,485.9918256,476.1103542,465.5776567,448.5517711,431.5435967,454.619891,233.9114441,172.1553134,122.5776567,96.49182561,79.87874659,224.3719346,223.0122616,217.9564033,214.866485,235.1716621,279.5762943,63.57629428,63.73978202,63.69209809,64.5599455,67.00953678,70.52179837,384.1839237,223.3501362,153.9768392,102.3841962,59.81743869,44.06811989
2006,INCC,69.98235294,117.3058824,110.7882353,132.5352941,111.8,79.05882353,95.40588235,11.90352941,16.31588235,21.37352941,23.10647059,22.36,19.25588235,10.69235294,8.941176471,12.76470588,11.58823529,10.58823529,8.411764706,8.176470588,9.117647059,6.117647059,9.529411765,8.235294118,7.529411765,6.411764706,5.352941176,5.529411765,193.6176471,97.14117647,13.17058824,1.594117647,6.547058824,39.50588235,217.5470588,9.217647059,34.59411765,102.8058824,145.3823529,129.2705882,52.5,10.78823529,14.27247956,13.9373297,13.93051771,16.05040872,24.30517711,34.18256131,288.0217984,290.972752,305.8978202,319.5490463,316.2152589,288.8964578,487.5762943,485.9918256,476.1103542,465.5776567,448.5517711,431.5435967,454.619891,233.9114441,172.1553134,122.5776567,96.49182561,79.87874659,224.3719346,223.0122616,217.9564033,214.866485,235.1716621,279.5762943,63.57629428,63.73978202,63.69209809,64.5599455,67.00953678,70.52179837,384.1839237,223.3501362,153.9768392,102.3841962,59.81743869,44.06811989
2000,MIAR,77.52352941,132.9117647,81.22352941,111.7294118,95.44117647,81.83529412,78.42352941,10.58588235,15.90470588,20.77117647,22.59294118,22.34588235,17.55,10.82823529,10.29411765,14.11764706,10.05882353,10.52941176,8.823529412,7.823529412,8.647058824,5.823529412,9.294117647,6.176470588,7.588235294,6.117647059,5.176470588,5.705882353,230.0823529,106.6647059,23.14117647,6.023529412,8.588235294,58.55882353,253.0294118,6.258823529,29.18235294,92.58235294,134.0647059,128.8470588,59.51764706,5.994117647,13,17,15,16,24,28,293,285,288,297,288,293,488,497,491,487,497,462,1469,476,468,396,389,400,219,219,221,215,215,245,73,74,75,77,77,78,498,583,679,507,472,451
2002,MIAR,77.52352941,132.9117647,81.22352941,111.7294118,95.44117647,81.83529412,78.42352941,10.37,15.62058824,20.77117647,22.37117647,22.34588235,17.90470588,10.82823529,10.29411765,14.11764706,10.05882353,10.52941176,8.823529412,7.823529412,8.647058824,5.823529412,9.294117647,6.176470588,7.588235294,6.117647059,5.176470588,5.705882353,234.9588235,110.3,23.14117647,6.435294118,8.588235294,57.14117647,253.0294118,5.523529412,29.04117647,92.58235294,127.3,128.8470588,57.51764706,7.235294118,13,17,15,16,24,28,293,285,288,297,288,293,488,497,491,487,497,462,1469,476,468,396,389,400,219,219,221,215,215,245,73,74,75,77,77,78,498,583,679,507,472,451
2007,OHGN,78.87647059,104.4470588,111.4647059,113.4647059,100.6294118,95,73.8,10.97941176,15.57647059,21.05529412,22.44705882,22.51352941,19.58705882,10.28941176,11.35294118,12,11.64705882,9.823529412,8.058823529,7.117647059,8.705882353,7.117647059,8.176470588,7.588235294,6.764705882,5.235294118,4.411764706,5.176470588,218.0470588,106.7294118,13.04117647,2.082352941,2.405882353,41.84117647,221.8176471,2.170588235,29.57647059,94.17058824,128.7411765,128.8411765,47.18823529,16.92941176,29,29,26,23,61,85,266,272,335,337,317,210,535,529,488,491,449,437,344,201,132,85,67,60,199,199,177,172,234,352,68,68,68,70,74,79,403,171,96,60,62,54
2008,OHGN,51.65882353,98.57058824,115.8294118,105.9,34.1,82.2,38.7,9.859411765,15.41764706,20.77235294,23.08352941,22.10882353,18.42823529,10.88058824,8.352941176,12.52941176,12.17647059,8,3,5,4,5.352941176,7.764705882,7.647058824,7,2,4,3,252.9294118,111.8529412,15.67647059,2.605882353,6.394117647,59.91176471,219.5058824,2.694117647,23.3,88.92352941,149.2647059,123.6352941,60.18235294,7.347058824,29,29,26,23,61,85,266,272,335,337,317,210,535,529,488,491,449,437,344,201,132,85,67,60,199,199,177,172,234,352,68,68,68,70,74,79,403,171,96,60,62,54
2004,IABI,73.9,209.7,155,104.5,66.5,70.9,39.2,10.44529412,15.05352941,20.64470588,23.48529412,22.32117647,17.55882353,11.4,5,14,15,10,5,4,9,3,10,7,5,4,4,4,236.1647059,117.4882353,19.33529412,2.311764706,7.464705882,67.21764706,213.1411765,5.935294118,17.55882353,87.87058824,159.7705882,119.7941176,50.38235294,14.07058824,32,32,32,38,42,44,263,261,251,247,261,244,407,407,406,405,381,376,351,316,217,111,85,64,330,332,342,348,358,380,65,65,65,68,72,75,344,265,199,146,48,23
2006,IABI,95.85882353,124.3823529,100.1882353,102.6,129.8176471,109.8,67.94705882,10.85529412,15.42941176,21.35647059,23.61764706,22.24235294,18.36823529,11.66470588,9.235294118,11.41176471,10.94117647,8.941176471,9.529411765,6.882352941,5.823529412,6.588235294,7.176470588,7.294117647,6.117647059,6.882352941,4.411764706,4.117647059,228.4352941,114.2470588,14.38823529,1.988235294,8.482352941,61.14705882,208.7294118,6.741176471,24.91176471,104.7705882,164.8058824,116.4705882,56.34705882,18.52941176,32,32,32,38,42,44,263,261,251,247,261,244,407,407,406,405,381,376,351,316,217,111,85,64,330,332,342,348,358,380,65,65,65,68,72,75,344,265,199,146,48,23
2007,IABI,116.7,115.3,116.9,49.3,287.5,54.4,108.4,8.730588235,15.62352941,21.11176471,23.36705882,22.12941176,18.05823529,11.04176471,9,8,9,7,15,6,9,7,5,7,5,12,5,8,292.0058824,108.8588235,9.123529412,1.147058824,4.741176471,66.42941176,220.0764706,6.658823529,25.35294118,92.48823529,156.2411765,121.7823529,51.63529412,10.21764706,32,32,32,38,42,44,263,261,251,247,261,244,407,407,406,405,381,376,351,316,217,111,85,64,330,332,342,348,358,380,65,65,65,68,72,75,344,265,199,146,48,23
2008,IABI,161.2,124.7,197.7,104,82.4,64.5,58.1,10.04647059,15.55941176,21.48764706,23.64529412,22.12588235,17.54411765,11.60470588,8,7,11,9,4,11,9,7,7,10,7,4,5,6,245.4588235,109.7235294,6.994117647,1.017647059,2.594117647,69.11176471,216.8058824,4.005882353,26.67058824,99.84705882,162.8,116.3647059,61.87647059,14.45294118,32,32,32,38,42,44,263,261,251,247,261,244,407,407,406,405,381,376,351,316,217,111,85,64,330,332,342,348,358,380,65,65,65,68,72,75,344,265,199,146,48,23
2001,IAVI,86.87058824,132.4176471,96.22352941,90.68235294,69.98823529,73.64705882,66.64705882,10.04764706,15.33235294,20.71647059,23.52705882,22.31823529,17.65647059,11.66470588,10.58823529,13.41176471,9.882352941,8.352941176,8.058823529,7.117647059,6.647058824,7,9.058823529,6.941176471,5.764705882,5.117647059,4.588235294,4.411764706,249.1352941,113.8176471,21.45882353,2.2,5.529411765,72.34117647,208.7294118,6.958823529,21.91176471,91.53529412,160.1882353,128.3823529,48.44705882,5.029411765,14.27247956,13.9373297,13.93051771,16.05040872,24.30517711,34.18256131,288.0217984,290.972752,305.8978202,319.5490463,316.2152589,288.8964578,487.5762943,485.9918256,476.1103542,465.5776567,448.5517711,431.5435967,454.619891,233.9114441,172.1553134,122.5776567,96.49182561,79.87874659,224.3719346,223.0122616,217.9564033,214.866485,235.1716621,279.5762943,63.57629428,63.73978202,63.69209809,64.5599455,67.00953678,70.52179837,384.1839237,223.3501362,153.9768392,102.3841962,59.81743869,44.06811989
2006,GAIR,100.1882353,69.8,117.4941176,126.5235294,113.8352941,121.2352941,66.28235294,17.23705882,22.81823529,25.91235294,27.38117647,26.14058824,18.36823529,11.66470588,7.705882353,6.823529412,11.11764706,9.647058824,9.294117647,7.117647059,6.941176471,5.176470588,4.647058824,7.411764706,6.882352941,6.058823529,5.529411765,4.882352941,65.01176471,12.03529412,0.035294118,0,2.252941176,61.14705882,208.7294118,32.05882353,135.9882353,220.5529412,273.1176471,257.6882353,145.5588235,18.52941176,17,17,16,16,14,18,145,141,197,274,324,330,92,93,92,83,77,72,331,72,49,45,37,27,763,766,711,643,598,598,54,55,55,54,53,52,325,91,66,30,17,8
2003,MNCO,93.5,88.7,73,80.6,15,92.72941176,76.01176471,8.67,13.68,19.63,22.8,22.92,17.55235294,9.938823529,6,11,12,8,5,5,7.235294118,4,8,11,6,1,4,5,281.9,150.4,27.7,0,7.8,69.35882353,258.1647059,5.6,6.2,61.5,138.5,150,39.7,6.994117647,14.27247956,13.9373297,13.93051771,16.05040872,24.30517711,34.18256131,288.0217984,290.972752,305.8978202,319.5490463,316.2152589,288.8964578,487.5762943,485.9918256,476.1103542,465.5776567,448.5517711,431.5435967,454.619891,233.9114441,172.1553134,122.5776567,96.49182561,79.87874659,224.3719346,223.0122616,217.9564033,214.866485,235.1716621,279.5762943,63.57629428,63.73978202,63.69209809,64.5599455,67.00953678,70.52179837,384.1839237,223.3501362,153.9768392,102.3841962,59.81743869,44.06811989
2004,MNCO,29.1,151.6,127,87.2,128.7,97.74705882,71.53529412,10.48,13.35,18.25,21.45,18.37,17.48764706,10.22235294,5,9,12,10,9,8,7.235294118,3,6,9,7,5,6,4.352941176,209.8,164.7,42.8,12.5,40.9,58.61764706,241.6176471,4.5,10.3,40.2,109.1,42.1,63.1,8.511764706,14.27247956,13.9373297,13.93051771,16.05040872,24.30517711,34.18256131,288.0217984,290.972752,305.8978202,319.5490463,316.2152589,288.8964578,487.5762943,485.9918256,476.1103542,465.5776567,448.5517711,431.5435967,454.619891,233.9114441,172.1553134,122.5776567,96.49182561,79.87874659,224.3719346,223.0122616,217.9564033,214.866485,235.1716621,279.5762943,63.57629428,63.73978202,63.69209809,64.5599455,67.00953678,70.52179837,384.1839237,223.3501362,153.9768392,102.3841962,59.81743869,44.06811989
2005,MNCO,84.9,87.4,89.7,71,74.9,120.1235294,76.81764706,10.46,13.85,22.17,23.86,21.13,18.09176471,10.29588235,6,15,12,6,5,11,7.411764706,5,9,8,4,4,9,4.882352941,239.4,147.7,0.3,0.8,11.7,58.08235294,249.8352941,3.1,8.9,111.5,172.3,98.5,78.1,10.65294118,14.27247956,13.9373297,13.93051771,16.05040872,24.30517711,34.18256131,288.0217984,290.972752,305.8978202,319.5490463,316.2152589,288.8964578,487.5762943,485.9918256,476.1103542,465.5776567,448.5517711,431.5435967,454.619891,233.9114441,172.1553134,122.5776567,96.49182561,79.87874659,224.3719346,223.0122616,217.9564033,214.866485,235.1716621,279.5762943,63.57629428,63.73978202,63.69209809,64.5599455,67.00953678,70.52179837,384.1839237,223.3501362,153.9768392,102.3841962,59.81743869,44.06811989
2007,MNCO,56.1,52.5,60.4,12.2,189.9,79.55294118,63.64117647,6.75,17.15,21.19,23.84,21.15,17.56117647,9.802352941,6,8,8,3,8,8,7.588235294,4,6,6,1,7,6,4.529411765,351.5,62.8,13.9,0.3,7.5,67.95882353,265.2117647,4.2,29.1,93.7,162,90.7,59.2,8.682352941,14.27247956,13.9373297,13.93051771,16.05040872,24.30517711,34.18256131,288.0217984,290.972752,305.8978202,319.5490463,316.2152589,288.8964578,487.5762943,485.9918256,476.1103542,465.5776567,448.5517711,431.5435967,454.619891,233.9114441,172.1553134,122.5776567,96.49182561,79.87874659,224.3719346,223.0122616,217.9564033,214.866485,235.1716621,279.5762943,63.57629428,63.73978202,63.69209809,64.5599455,67.00953678,70.52179837,384.1839237,223.3501362,153.9768392,102.3841962,59.81743869,44.06811989
2000,NEST,48,54.2,32.6,95.4,45.5,67.55294118,51.74705882,11.19,19.05,21.81,24.34,25.49,19.52117647,11.58588235,8,10,10,8,8,6,6.705882353,6,7,5,5,3,5,4.058823529,214.6,34.4,8.9,0.6,0,39.42941176,199.0470588,0.3,56.4,113.2,186.8,221.7,105.6,12.7,14.27247956,13.9373297,13.93051771,16.05040872,24.30517711,34.18256131,288.0217984,290.972752,305.8978202,319.5490463,316.2152589,288.8964578,487.5762943,485.9918256,476.1103542,465.5776567,448.5517711,431.5435967,454.619891,233.9114441,172.1553134,122.5776567,96.49182561,79.87874659,224.3719346,223.0122616,217.9564033,214.866485,235.1716621,279.5762943,63.57629428,63.73978202,63.69209809,64.5599455,67.00953678,70.52179837,384.1839237,223.3501362,153.9768392,102.3841962,59.81743869,44.06811989
2001,NEST,62.5,224.9,52,48.9,30.3,78.52941176,60.6,12.51,17.58,21.88,25.43,24.18,19.10294118,11.13235294,8,11,7,11,5,9,6.882352941,4,10,5,6,2,6,4.588235294,188.5,71.4,17.6,0,0,42.9,244.8058824,13.9,48.1,124.1,219.9,181.2,49.5,13.67647059,14.27247956,13.9373297,13.93051771,16.05040872,24.30517711,34.18256131,288.0217984,290.972752,305.8978202,319.5490463,316.2152589,288.8964578,487.5762943,485.9918256,476.1103542,465.5776567,448.5517711,431.5435967,454.619891,233.9114441,172.1553134,122.5776567,96.49182561,79.87874659,224.3719346,223.0122616,217.9564033,214.866485,235.1716621,279.5762943,63.57629428,63.73978202,63.69209809,64.5599455,67.00953678,70.52179837,384.1839237,223.3501362,153.9768392,102.3841962,59.81743869,44.06811989
2002,NEST,57.5,168.1,74,22.1,51.6,74.01764706,79.81176471,12.14,15.23,24.52,26.16,23.71,19.02235294,11.33117647,6,13,5,3,11,8,7.588235294,5,10,2,3,6,3,5.117647059,205.8,125,1.7,0,1.4,45.42352941,246.5058824,20.1,28.7,187.1,242.8,161.8,74.9,11.43529412,14.27247956,13.9373297,13.93051771,16.05040872,24.30517711,34.18256131,288.0217984,290.972752,305.8978202,319.5490463,316.2152589,288.8964578,487.5762943,485.9918256,476.1103542,465.5776567,448.5517711,431.5435967,454.619891,233.9114441,172.1553134,122.5776567,96.49182561,79.87874659,224.3719346,223.0122616,217.9564033,214.866485,235.1716621,279.5762943,63.57629428,63.73978202,63.69209809,64.5599455,67.00953678,70.52179837,384.1839237,223.3501362,153.9768392,102.3841962,59.81743869,44.06811989
2003,NEST,70,95.9,86.2,58,30.7,70.38235294,47.93529412,11.68,15.03,20.45,24.81,24.36,18.00352941,10.74294118,8,12,15,5,5,7,5.823529412,6,8,9,4,3,6,3.647058824,201.2,112.7,22.3,0,1.4,57.81764706,246.1882353,8.9,10.3,85.7,200.9,188.2,28.3,9.523529412,14.27247956,13.9373297,13.93051771,16.05040872,24.30517711,34.18256131,288.0217984,290.972752,305.8978202,319.5490463,316.2152589,288.8964578,487.5762943,485.9918256,476.1103542,465.5776567,448.5517711,431.5435967,454.619891,233.9114441,172.1553134,122.5776567,96.49182561,79.87874659,224.3719346,223.0122616,217.9564033,214.866485,235.1716621,279.5762943,63.57629428,63.73978202,63.69209809,64.5599455,67.00953678,70.52179837,384.1839237,223.3501362,153.9768392,102.3841962,59.81743869,44.06811989
2004,NEST,33,102.4,59.8,93.7,15.2,79.18235294,40.88823529,12.14,17.37,20.05,22.35,21.03,17.70647059,11.16705882,3,13,10,13,5,7,6,3,6,5,10,3,4,3.411764706,194.3,75.6,16.6,7.5,14.1,70.51764706,238.9411765,8.6,45.7,68.2,132.1,97.7,86,8.423529412,14.27247956,13.9373297,13.93051771,16.05040872,24.30517711,34.18256131,288.0217984,290.972752,305.8978202,319.5490463,316.2152589,288.8964578,487.5762943,485.9918256,476.1103542,465.5776567,448.5517711,431.5435967,454.619891,233.9114441,172.1553134,122.5776567,96.49182561,79.87874659,224.3719346,223.0122616,217.9564033,214.866485,235.1716621,279.5762943,63.57629428,63.73978202,63.69209809,64.5599455,67.00953678,70.52179837,384.1839237,223.3501362,153.9768392,102.3841962,59.81743869,44.06811989
2005,NEST,107.1,78.7,130.2,34.7,94.4,12,74.16470588,12.03,16.88,22.09529412,24.14,22.36,20,11.14235294,8,9,15,6,7,5,7.294117647,7,6,7,2,5,2,5,190.6,89.9,8.435294118,5.8,1.6,31.7,246.6470588,1.4,44.9,121.2823529,185.9,126.5,81.7,23.1,14.27247956,13.9373297,13.93051771,16.05040872,24.30517711,34.18256131,288.0217984,290.972752,305.8978202,319.5490463,316.2152589,288.8964578,487.5762943,485.9918256,476.1103542,465.5776567,448.5517711,431.5435967,454.619891,233.9114441,172.1553134,122.5776567,96.49182561,79.87874659,224.3719346,223.0122616,217.9564033,214.866485,235.1716621,279.5762943,63.57629428,63.73978202,63.69209809,64.5599455,67.00953678,70.52179837,384.1839237,223.3501362,153.9768392,102.3841962,59.81743869,44.06811989
2006,NEST,76,52.1,64.8,84.2,128.8,77.07647059,56.37058824,12.3,17.09,22.46,24.56,22.56,17.38823529,10.71117647,12,5,6,9,12,8,8.176470588,8,2,4,6,5,3,4.941176471,189.1,89.8,3,0,1.7,73.85882353,249.6941176,8.1,51.1,126.7,181.8,132.7,15.3,7.929411765,14.27247956,13.9373297,13.93051771,16.05040872,24.30517711,34.18256131,288.0217984,290.972752,305.8978202,319.5490463,316.2152589,288.8964578,487.5762943,485.9918256,476.1103542,465.5776567,448.5517711,431.5435967,454.619891,233.9114441,172.1553134,122.5776567,96.49182561,79.87874659,224.3719346,223.0122616,217.9564033,214.866485,235.1716621,279.5762943,63.57629428,63.73978202,63.69209809,64.5599455,67.00953678,70.52179837,384.1839237,223.3501362,153.9768392,102.3841962,59.81743869,44.06811989
2007,NEST,101.9,138.6,83.7,96,249.8,98.02941176,93.54117647,8.43,18,21.03,23.92,24,17.92352941,10.45058824,10,13,8,9,11,8,8,6,10,5,8,6,5,6,302.3,47,10.9,0,0.3,60.8,252.5,5.3,36.8,91.8,166.3,176,52.8,9.941176471,14.27247956,13.9373297,13.93051771,16.05040872,24.30517711,34.18256131,288.0217984,290.972752,305.8978202,319.5490463,316.2152589,288.8964578,487.5762943,485.9918256,476.1103542,465.5776567,448.5517711,431.5435967,454.619891,233.9114441,172.1553134,122.5776567,96.49182561,79.87874659,224.3719346,223.0122616,217.9564033,214.866485,235.1716621,279.5762943,63.57629428,63.73978202,63.69209809,64.5599455,67.00953678,70.52179837,384.1839237,223.3501362,153.9768392,102.3841962,59.81743869,44.06811989
2003,MCHE,84.4,171.2,55.8,179.6,178.9,122.7411765,104.3470588,15.06,19.32,23.92,25.86,26.04,20.52647059,12.17352941,10,15,9,16,13,7,9.529411765,6,14,7,13,11,6,5.941176471,104.7,29.2,1.4,0,0,28.9,177.1941176,11.7,60,158.4,226.5,238.8,112.5,17.68823529,14.27247956,13.9373297,13.93051771,16.05040872,24.30517711,34.18256131,288.0217984,290.972752,305.8978202,319.5490463,316.2152589,288.8964578,487.5762943,485.9918256,476.1103542,465.5776567,448.5517711,431.5435967,454.619891,233.9114441,172.1553134,122.5776567,96.49182561,79.87874659,224.3719346,223.0122616,217.9564033,214.866485,235.1716621,279.5762943,63.57629428,63.73978202,63.69209809,64.5599455,67.00953678,70.52179837,384.1839237,223.3501362,153.9768392,102.3841962,59.81743869,44.06811989
2005,MCHE,71.2,134.6,65,282.8,95.2,128.0352941,75.15294118,15.06,18.19,24.14,27.2,26.67,20.88,12.60588235,10,9,6,14,9,6,7.941176471,4,8,4,12,6,5,5.176470588,110.9,43.6,1.7,0,0,23.46470588,169.6470588,16.2,39.3,175.8,274.8,250.7,163.1,21.83529412,14.27247956,13.9373297,13.93051771,16.05040872,24.30517711,34.18256131,288.0217984,290.972752,305.8978202,319.5490463,316.2152589,288.8964578,487.5762943,485.9918256,476.1103542,465.5776567,448.5517711,431.5435967,454.619891,233.9114441,172.1553134,122.5776567,96.49182561,79.87874659,224.3719346,223.0122616,217.9564033,214.866485,235.1716621,279.5762943,63.57629428,63.73978202,63.69209809,64.5599455,67.00953678,70.52179837,384.1839237,223.3501362,153.9768392,102.3841962,59.81743869,44.06811989
2004,MNPN,53,222.9,137.8,148,89.3,59.79411765,72.22352941,9.71,14.12,18.08,20.55,17.89,17.70764706,10.41117647,6,13,12,9,8,5,8.294117647,6,12,7,8,5,4,5.176470588,264.2,142.4,49.1,12.3,45.6,59.17647059,243.5352941,5.6,11.9,41.5,81,32,57.6,5.135294118,14,15,13,16,35,45,217,218,214,221,207,171,448,453,455,436,320,291,523,349,238,157,148,127,335,329,331,343,473,538,64,64,64,63,63,68,507,298,203,169,126,109
2005,MNPN,49.3,105,155.6,33.5,128.8,101.4058824,64.37647059,9.9,12.45,22.07,22.99,20.5,17.97470588,10.02176471,5,13,11,5,6,11,6.705882353,4,10,9,5,5,10,3.941176471,253.5,175.8,3,4.7,14.8,64.77058824,255.1764706,0.6,2.5,115.2,149,82,47.6,11.22941176,14,15,13,16,35,45,217,218,214,221,207,171,448,453,455,436,320,291,523,349,238,157,148,127,335,329,331,343,473,538,64,64,64,63,63,68,507,298,203,169,126,109
2003,WIDE,51.1,96.3,84.8,82.5,45.5,52.12941176,51.78823529,7.02,12.83,18.49,21.33,22,17.14764706,9.824117647,7,10,10,10,3,8.235294118,6.176470588,3,10,10,9,3,5.058823529,4.647058824,333.2,171.8,38.4,4.5,4.4,70.44117647,260.6058824,2,1.1,43,97.5,117.9,35,6.258823529,14.27247956,13.9373297,13.93051771,16.05040872,24.30517711,34.18256131,288.0217984,290.972752,305.8978202,319.5490463,316.2152589,288.8964578,487.5762943,485.9918256,476.1103542,465.5776567,448.5517711,431.5435967,454.619891,233.9114441,172.1553134,122.5776567,96.49182561,79.87874659,224.3719346,223.0122616,217.9564033,214.866485,235.1716621,279.5762943,63.57629428,63.73978202,63.69209809,64.5599455,67.00953678,70.52179837,384.1839237,223.3501362,153.9768392,102.3841962,59.81743869,44.06811989
2004,WIDE,47.7,157.0764706,118.6352941,110,85.59411765,8.4,67.94705882,8.46,13.37,18.34,20.26,17.84,17.91,9.745882353,6,13.94117647,11.41176471,10,9.058823529,1,9,5,9.823529412,7.705882353,9,5.705882353,1,8,297.6,157.4,41.2,14.1,55.6,52.2,275.2294118,1.5,3.6,41.4,73.8,40.3,39.4,0,14.27247956,13.9373297,13.93051771,16.05040872,24.30517711,34.18256131,288.0217984,290.972752,305.8978202,319.5490463,316.2152589,288.8964578,487.5762943,485.9918256,476.1103542,465.5776567,448.5517711,431.5435967,454.619891,233.9114441,172.1553134,122.5776567,96.49182561,79.87874659,224.3719346,223.0122616,217.9564033,214.866485,235.1716621,279.5762943,63.57629428,63.73978202,63.69209809,64.5599455,67.00953678,70.52179837,384.1839237,223.3501362,153.9768392,102.3841962,59.81743869,44.06811989
2005,WIDE,19.5,85,111.2411765,112.3,78.1,75.57647059,50.97058824,10.11,12.59,20.06352941,22.19,20.91,18.41,9.612941176,5,11,12.35294118,5,5,7.823529412,5,4,10,8.470588235,5,5,5.176470588,3,247.8,177.9,24.37647059,7.8,7.2,50.3,259.3,1.1,1.4,76.45882353,127.4,87,51.6,13.1,14.27247956,13.9373297,13.93051771,16.05040872,24.30517711,34.18256131,288.0217984,290.972752,305.8978202,319.5490463,316.2152589,288.8964578,487.5762943,485.9918256,476.1103542,465.5776567,448.5517711,431.5435967,454.619891,233.9114441,172.1553134,122.5776567,96.49182561,79.87874659,224.3719346,223.0122616,217.9564033,214.866485,235.1716621,279.5762943,63.57629428,63.73978202,63.69209809,64.5599455,67.00953678,70.52179837,384.1839237,223.3501362,153.9768392,102.3841962,59.81743869,44.06811989
2008,WIDE,184.3,80.2,347.1,123.5,42.2,80.78823529,66.86470588,6.99,11.59,18.63,20.88,19.35,17.01941176,10.83705882,11,6,11,7,8,9,7.235294118,10,6,11,7,5,7,5.176470588,340.2,209,22.2,6.1,15,73.95882353,261.1764706,0,0,31.1,85.1,46.5,17.8,5.670588235,14.27247956,13.9373297,13.93051771,16.05040872,24.30517711,34.18256131,288.0217984,290.972752,305.8978202,319.5490463,316.2152589,288.8964578,487.5762943,485.9918256,476.1103542,465.5776567,448.5517711,431.5435967,454.619891,233.9114441,172.1553134,122.5776567,96.49182561,79.87874659,224.3719346,223.0122616,217.9564033,214.866485,235.1716621,279.5762943,63.57629428,63.73978202,63.69209809,64.5599455,67.00953678,70.52179837,384.1839237,223.3501362,153.9768392,102.3841962,59.81743869,44.06811989
2005,OHVW,82.8,33.3,74,78.5,81.5,79.92352941,55.98235294,10.59,14.01,23.72,24.1,23.67,18.73058824,10.90823529,10,5,9,10,7,7,7.882352941,7,5,6,5,4,5,4.529411765,238.4,142.8,0.8,0,0.6,47.00588235,256.8294118,6.1,8.9,162.5,178.9,166.2,73.7,10.96470588,14.27247956,13.9373297,13.93051771,16.05040872,24.30517711,34.18256131,288.0217984,290.972752,305.8978202,319.5490463,316.2152589,288.8964578,487.5762943,485.9918256,476.1103542,465.5776567,448.5517711,431.5435967,454.619891,233.9114441,172.1553134,122.5776567,96.49182561,79.87874659,224.3719346,223.0122616,217.9564033,214.866485,235.1716621,279.5762943,63.57629428,63.73978202,63.69209809,64.5599455,67.00953678,70.52179837,384.1839237,223.3501362,153.9768392,102.3841962,59.81743869,44.06811989
2008,MNBN,80.4,72.9,130.9,50.6,74.42941176,83.4,56.5,5.02,12.95,19.56,22.96,20.85,16.31,8.62,8.294117647,9,10.58823529,7.764705882,6.352941176,8.882352941,7.705882353,6.058823529,6.117647059,7.411764706,5.882352941,4.411764706,6.352941176,4.529411765,399.5,170.3,13.6,0.8,3.5,83,301.1,0,3.4,50.3,144.3,81.6,22.4,0,21,21,19,22,36,58,324,327,339,342,332,304,408,408,401,399,388,393,440,255,228,106,117,96,269,265,260,259,280,303,67,68,68,70,70,74,429,308,250,172,74,53
2000,NEAT,71.05294118,117.9411765,86.70588235,105.2764706,91.31176471,82.67647059,66.65294118,12.60352941,17.60470588,22.29117647,25.03058824,23.30705882,20.15764706,10.46764706,8.176470588,10,9.823529412,10.29411765,8.411764706,6.705882353,7.058823529,5.294117647,6.117647059,6.235294118,7.176470588,5.117647059,4.705882353,4.235294118,180.4705882,80.1,12.46470588,1.611764706,6.058823529,33.70588235,247.4117647,11.7,57.98823529,130.5823529,206.9647059,157.0411765,77.55294118,13.14117647,3,2,2,2,4,11,163,164,165,164,155,154,261,251,239,234,211,188,248,131,102,43,35,25,576,586,596,603,635,658,65,65,66,68,71,72,277,167,108,65,42,17
2004,NEAT,41.3,85.6,65.3,57.5,41.9,73.57058824,44.35294118,11.09,16.3,18.61,22.97,21.24,17.54882353,11.25764706,5,10,9,10,7,10,5.588235294,4,6,7,6,6,5,3.294117647,224.3,94.9,44.4,5.5,15,67.97647059,240.8882353,6.9,35.9,52.8,149.3,99.2,88.9,7.6,3,2,2,2,4,11,163,164,165,164,155,154,261,251,239,234,211,188,248,131,102,43,35,25,576,586,596,603,635,658,65,65,66,68,71,72,277,167,108,65,42,17
2005,NEAT,129,146.4,196,36.5,55.8,66.6,69.41764706,10.52,14.78,21.7,24.48352941,23.38,21.24,11.33117647,7,9,12,6,4,8,5.941176471,6,6,9,5,4,4,4.588235294,235.3,129.4,8.6,1.758823529,1.9,16.3,237.0176471,0.8,19.2,109.5,186.7176471,158.4,103.4,8.1,3,2,2,2,4,11,163,164,165,164,155,154,261,251,239,234,211,188,248,131,102,43,35,25,576,586,596,603,635,658,65,65,66,68,71,72,277,167,108,65,42,17
2006,INAD,114.5,124.2,110.9,134.1,155.7,100.8,134.7,11.56823529,16.43470588,20.82352941,23.3,22.42823529,17.82058824,10.84176471,12,12,14,11,14,13,14,9,10,9,7,8,7,7,204.1117647,93.27058824,16.71764706,1.4,4.876470588,63.82352941,221.5411765,8.905882353,35.65294118,90.08823529,151.8647059,131.0352941,42.72352941,7.788235294,20,20,20,23,46,69,265,275,318,339,356,272,624,616,583,558,506,457,328,275,155,85,66,54,111,109,98,103,138,271,63,63,63,64,69,76,356,209,119,111,49,68
2007,INAD,68.46470588,124.0294118,101.3470588,123.9588235,100.5294118,70.6,81.77647059,12.09705882,16.13764706,21.83882353,23.49235294,22.70411765,19.25588235,10.69235294,8.411764706,12.64705882,11.11764706,10.52941176,7.764705882,8.294117647,8.941176471,5.764705882,9.294117647,7.823529412,7.470588235,5.941176471,5.294117647,4.941176471,193.0411765,98.19411765,11.4,1.052941176,4.358823529,33.84705882,216.3941176,10.3,31.94117647,113.5,157.8235294,137.6823529,57.71764706,10.49411765,20,20,20,23,46,69,265,275,318,339,356,272,624,616,583,558,506,457,328,275,155,85,66,54,111,109,98,103,138,271,63,63,63,64,69,76,356,209,119,111,49,68
2008,INAD,81.1,134.9,158.3,161.9,77.5,78,47.9,10.74941176,16.11,21.55235294,22.93058824,22.21,17.28176471,12.28352941,12,15,12,13,3,13,7,5,9,11,10,3,7,4,229.5882353,94.13529412,11.08235294,1.941176471,2.423529412,75.88823529,196.3588235,3.435294118,27.33529412,103.9588235,141.5588235,122.2235294,54.15882353,9.270588235,20,20,20,23,46,69,265,275,318,339,356,272,624,616,583,558,506,457,328,275,155,85,66,54,111,109,98,103,138,271,63,63,63,64,69,76,356,209,119,111,49,68
2000,GAOG,47.7,1.8,84.1,58,145.7,131.1,6.9,12.15058824,16.90235294,23.08529412,24.75764706,22.88705882,18.99,11.34647059,9,2,11,6,12,11,1,3,0,6,6,8,10,1,200.8411765,111.3176471,7.947058824,0.723529412,3.641176471,60.91764706,211.1705882,18.09411765,52.98823529,147,194.6529412,143.2470588,68.52941176,22.13529412,23,20,17,19,26,21,143,155,222,249,283,280,185,183,173,172,162,135,230,64,42,22,15,12,672,662,606,579,555,586,51,51,51,52,51,51,489,115,54,30,15,10
2004,NEYO,20,123.7,62.9,58.4,33.3,72.17647059,45.34705882,11.59,17.36,20.52,22.66,21.51,17.81,11.01941176,4,15,11,15,6,5,5.823529412,2,8,7,7,4,3,3.411764706,210.4,82.7,15.9,9.8,10.7,68.88823529,235.5941176,8.1,52.5,81.6,143.8,109.3,98.5,8.211764706,14.27247956,13.9373297,13.93051771,16.05040872,24.30517711,34.18256131,288.0217984,290.972752,305.8978202,319.5490463,316.2152589,288.8964578,487.5762943,485.9918256,476.1103542,465.5776567,448.5517711,431.5435967,454.619891,233.9114441,172.1553134,122.5776567,96.49182561,79.87874659,224.3719346,223.0122616,217.9564033,214.866485,235.1716621,279.5762943,63.57629428,63.73978202,63.69209809,64.5599455,67.00953678,70.52179837,384.1839237,223.3501362,153.9768392,102.3841962,59.81743869,44.06811989
2000,NCPL,136.7,141.9,202.1,130.9,145.9,178.5,94.07058824,15.9,22.26,25.52,25.26,25.69529412,22.79,11.74529412,17,9,11,14,16,16,7.882352941,10,6,6,8,10,12,5.882352941,89,11.7,0,0,0.611764706,6.5,186.2235294,15.9,125.2,215.5,214.7,222.7647059,140.2,37.6,4,5,4,3,3,3,194,194,206,224,219,192,322,322,313,306,290,209,741,187,143,97,93,68,485,484,481,470,491,599,46,48,47,48,48,48,1012,412,337,406,152,115
2005,NCPL,80.8,125.6,182.9,140.3,172,100.8705882,105.0823529,16.07,18.83,24.31,27.53,26.96,21.04352941,11.93411765,10,12,10,13,14,14,9.352941176,6,8,7,8,8,5,6.764705882,89.6,28.5,0,0,0,24.92941176,170.9117647,25.4,43.9,179.4,276.5,267.4,178,26.45294118,4,5,4,3,3,3,194,194,206,224,219,192,322,322,313,306,290,209,741,187,143,97,93,68,485,484,481,470,491,599,46,48,47,48,48,48,1012,412,337,406,152,115
2006,NCPL,67.2,197.5,224.6,266.7,170.7,135.3882353,99.35882353,17.91,19.75,24.12,26.8,26.71,20.80352941,11.87823529,11,11,18,13,9,13,8.470588235,6,8,11,8,8,5,6.176470588,61.9,20,0,0,0,25.22941176,179.5529412,49,61.9,173.5,254.1,259.6,107,27.48235294,4,5,4,3,3,3,194,194,206,224,219,192,322,322,313,306,290,209,741,187,143,97,93,68,485,484,481,470,491,599,46,48,47,48,48,48,1012,412,337,406,152,115
2006,MNSE,88.58823529,112.4117647,122.8823529,92.16470588,116.3117647,117.3588235,49.69411765,7.888823529,13.78647059,19.85235294,22.43,20.24823529,17.95705882,10.43588235,8.705882353,11.29411765,11.64705882,7.764705882,8.882352941,9.470588235,6.588235294,6.235294118,7.411764706,8.058823529,5.588235294,6.176470588,5.882352941,3.941176471,310.5529412,153.6764706,22.48235294,3.947058824,14.86470588,69.57058824,252.0647059,2.058823529,15.20588235,67.77647059,128.8941176,74.05882353,33.42941176,11.07647059,23,24,22,25,41,66,314,310,311,316,308,279,412,416,412,403,395,391,432,293,210,109,81,71,274,274,276,281,297,330,69,70,70,72,75,78,435,318,276,154,80,62
2007,MNSE,88.58823529,112.4117647,122.8823529,92.16470588,116.3117647,117.3588235,49.69411765,7.664705882,13.88117647,19.85235294,22.33352941,20.41941176,17.95705882,10.43588235,8.705882353,11.29411765,11.64705882,7.764705882,8.882352941,9.470588235,6.588235294,6.235294118,7.411764706,8.058823529,5.588235294,6.176470588,5.882352941,3.941176471,317.9411765,151.2529412,22.48235294,4.029411765,12.07647059,69.57058824,252.0647059,2.058823529,15.30588235,67.77647059,125.9882353,76.41176471,35.39411765,11.07647059,23,24,22,25,41,66,314,310,311,316,308,279,412,416,412,403,395,391,432,293,210,109,81,71,274,274,276,281,297,330,69,70,70,72,75,78,435,318,276,154,80,62
2008,MNSE,88.58823529,112.4117647,122.8823529,92.16470588,116.3117647,113.6352941,49.69411765,7.664705882,13.88117647,19.78647059,22.34823529,20.41941176,17.95705882,10.43588235,8.705882353,11.29411765,11.64705882,7.764705882,8.882352941,9.470588235,6.588235294,6.235294118,7.411764706,8.058823529,5.588235294,6.176470588,5.882352941,3.941176471,317.9411765,151.2529412,22.11764706,3.882352941,12.07647059,69.57058824,252.0647059,2.058823529,15.30588235,65.42941176,126.2941176,76.41176471,34.38823529,11.07647059,23,24,22,25,41,66,314,310,311,316,308,279,412,416,412,403,395,391,432,293,210,109,81,71,274,274,276,281,297,330,69,70,70,72,75,78,435,318,276,154,80,62
2000,MNAM,59.77058824,114.9,98.61176471,89.86470588,72.33529412,103.0941176,63.18235294,8.687647059,13.33823529,19.74235294,22.10058824,20.26470588,16.79470588,10.68,7.941176471,12.70588235,11,9.470588235,9.411764706,6.882352941,8.352941176,5.294117647,8.529411765,7.647058824,6.176470588,4.941176471,5.352941176,5.470588235,281.3411765,160.8764706,30.07647059,5.935294118,19.97058824,76.74117647,247.6823529,2.947058824,11.47647059,71.45294118,120.8941176,81.75294118,35.9,5.123529412,14.27247956,13.9373297,13.93051771,16.05040872,24.30517711,34.18256131,288.0217984,290.972752,305.8978202,319.5490463,316.2152589,288.8964578,487.5762943,485.9918256,476.1103542,465.5776567,448.5517711,431.5435967,454.619891,233.9114441,172.1553134,122.5776567,96.49182561,79.87874659,224.3719346,223.0122616,217.9564033,214.866485,235.1716621,279.5762943,63.57629428,63.73978202,63.69209809,64.5599455,67.00953678,70.52179837,384.1839237,223.3501362,153.9768392,102.3841962,59.81743869,44.06811989
2002,IAHO,98.8,92.8,47.1,139.9,182.1,103.4352941,94.17058824,8.13,13.86,21.91,24.3,20.86,18.08294118,10.93058824,12,10,10,7,12,6,9.176470588,9,6,8,6,8,2,5.882352941,314.1,153.3,14.2,0.6,5.8,55.43529412,220.9470588,7.9,14.7,121.4,185.5,81.4,50.4,5.011764706,7,7,8,8,9,12,384,386,382,372,362,350,484,484,486,491,477,463,436,248,167,108,67,45,133,130,132,137,161,187,63,63,63,63,65,69,284,207,128,79,43,20
2003,IAHO,93.4,158.3,123.3,103,12.9,119.4176471,57.22941176,9.25,14.31,19.64,22.15,22.86,17.27941176,10.79647059,10,9,8,9,5,5,5.764705882,8,9,8,6,3,4,4.117647059,269.6,125.5,28,2,0,73.63529412,238.0588235,7.5,7.2,67,120.4,140.3,27.7,3.264705882,7,7,8,8,9,12,384,386,382,372,362,350,484,484,486,491,477,463,436,248,167,108,67,45,133,130,132,137,161,187,63,63,63,63,65,69,284,207,128,79,43,20
2004,IAHO,56.1,201.2,43.6,89.8,123,93.91764706,90.72352941,9.46,15.26,19.33,20.77,18.56,17.61058824,10.14235294,3,14,8,11,10,6,8.823529412,3,9,7,9,6,3,5.823529412,271.6,115.2,31.3,10.9,47.9,61.36470588,238.8470588,5.4,20,61.3,86.5,54.8,48.8,2.505882353,7,7,8,8,9,12,384,386,382,372,362,350,484,484,486,491,477,463,436,248,167,108,67,45,133,130,132,137,161,187,63,63,63,63,65,69,284,207,128,79,43,20
2005,IAHO,63.8,93.3,222.7,66.6,64.9,97.85882353,55.75294118,11.33,13.64,22.79,22.99,21,17.38294118,11.17058824,10,10,12,6,6,7,6.235294118,8,6,11,4,4,5,3.941176471,214.4,149.7,1.4,5,7.1,72.93529412,227.7647059,4.2,7.6,130.7,149.4,89.9,57.2,5,7,7,8,8,9,12,384,386,382,372,362,350,484,484,486,491,477,463,436,248,167,108,67,45,133,130,132,137,161,187,63,63,63,63,65,69,284,207,128,79,43,20
2006,IAHO,130.9,70,65.2,89.2,150.2,94.77058824,74.1,11.53,15.46,20.63,23.67,21.84,16.99882353,10.25294118,12,12,8,8,10,10,7.941176471,11,7,6,7,9,6,5,206.4,127.4,18.3,0,2.5,75.28823529,226.4176471,2.3,38.3,87.1,160,111.1,13.2,4.888235294,7,7,8,8,9,12,384,386,382,372,362,350,484,484,486,491,477,463,436,248,167,108,67,45,133,130,132,137,161,187,63,63,63,63,65,69,284,207,128,79,43,20
2001,ILAD,82.08823529,109.4294118,97.02352941,80.17058824,75.57647059,75.07058824,70.38235294,11.13,16.11352941,21.42470588,23.92823529,22.79294118,18.33470588,11.66470588,8.588235294,11.35294118,9.294117647,7.941176471,7.764705882,6.823529412,7,6.176470588,7.588235294,6.882352941,5.764705882,5,4.705882353,4.764705882,217.9705882,98.32352941,15.51176471,0.717647059,3.2,63.85882353,208.7294118,8.805882353,30.83529412,107.6176471,172.0588235,140.3117647,46.28235294,8.164705882,14.27247956,13.9373297,13.93051771,16.05040872,24.30517711,34.18256131,288.0217984,290.972752,305.8978202,319.5490463,316.2152589,288.8964578,487.5762943,485.9918256,476.1103542,465.5776567,448.5517711,431.5435967,454.619891,233.9114441,172.1553134,122.5776567,96.49182561,79.87874659,224.3719346,223.0122616,217.9564033,214.866485,235.1716621,279.5762943,63.57629428,63.73978202,63.69209809,64.5599455,67.00953678,70.52179837,384.1839237,223.3501362,153.9768392,102.3841962,59.81743869,44.06811989
2001,IADV,62.7,217,98.6,102.2,67.5,96.42941176,87.74117647,13.88,17.97,21.37,25.42,24.26,19.66529412,11.75529412,15,18,9,6,7,11,9.117647059,10,13,6,5,3,6,5.647058824,140.8,65.2,23.1,0,0,37.21764706,205.9470588,11.2,54,114.2,214.9,183.7,43.3,14.47647059,14.27247956,13.9373297,13.93051771,16.05040872,24.30517711,34.18256131,288.0217984,290.972752,305.8978202,319.5490463,316.2152589,288.8964578,487.5762943,485.9918256,476.1103542,465.5776567,448.5517711,431.5435967,454.619891,233.9114441,172.1553134,122.5776567,96.49182561,79.87874659,224.3719346,223.0122616,217.9564033,214.866485,235.1716621,279.5762943,63.57629428,63.73978202,63.69209809,64.5599455,67.00953678,70.52179837,384.1839237,223.3501362,153.9768392,102.3841962,59.81743869,44.06811989
2002,IADV,129.6,134.6,165.7,205.6,98.6,144.1764706,64.4,11.24,15,23.66,26.05,23.63,17.85529412,11.42823529,12,14,9,10,10,4,6.647058824,11,7,7,8,5,0,4.764705882,231.8,122.8,3,0,0,55.66470588,214.3941176,27.8,19.5,162.9,239.3,160,112.6,6.776470588,14.27247956,13.9373297,13.93051771,16.05040872,24.30517711,34.18256131,288.0217984,290.972752,305.8978202,319.5490463,316.2152589,288.8964578,487.5762943,485.9918256,476.1103542,465.5776567,448.5517711,431.5435967,454.619891,233.9114441,172.1553134,122.5776567,96.49182561,79.87874659,224.3719346,223.0122616,217.9564033,214.866485,235.1716621,279.5762943,63.57629428,63.73978202,63.69209809,64.5599455,67.00953678,70.52179837,384.1839237,223.3501362,153.9768392,102.3841962,59.81743869,44.06811989
2003,IADV,65.9,154.9,74.9,145.9,18.7,148.6294118,73.95882353,12.08,16.02,21.06,24.55,24.88,17.47411765,11.31058824,12,8,11,8,5,7,6,7,6,7,6,2,6,4.235294118,190.3,88.6,15.9,0,0,69.17647059,205.9176471,12.5,17,97.8,192.6,193.5,62.5,4.817647059,14.27247956,13.9373297,13.93051771,16.05040872,24.30517711,34.18256131,288.0217984,290.972752,305.8978202,319.5490463,316.2152589,288.8964578,487.5762943,485.9918256,476.1103542,465.5776567,448.5517711,431.5435967,454.619891,233.9114441,172.1553134,122.5776567,96.49182561,79.87874659,224.3719346,223.0122616,217.9564033,214.866485,235.1716621,279.5762943,63.57629428,63.73978202,63.69209809,64.5599455,67.00953678,70.52179837,384.1839237,223.3501362,153.9768392,102.3841962,59.81743869,44.06811989
2004,IADV,88.85882353,109.3176471,114.4,138.7705882,115.4823529,112.4764706,42.52352941,9.937058824,15.98529412,21.27470588,23.83941176,22.07235294,18.36823529,11.66470588,10.35294118,11.64705882,10.94117647,9.176470588,10.11764706,8.294117647,6.411764706,7.529411765,7.647058824,6.941176471,6.411764706,6.588235294,5.058823529,4.176470588,256.3,102.1294118,11.9,1.082352941,8.747058824,65.44705882,208.7294118,8.041176471,30.76470588,99.55294118,167.4294118,128.5058824,46.84705882,18.52941176,14.27247956,13.9373297,13.93051771,16.05040872,24.30517711,34.18256131,288.0217984,290.972752,305.8978202,319.5490463,316.2152589,288.8964578,487.5762943,485.9918256,476.1103542,465.5776567,448.5517711,431.5435967,454.619891,233.9114441,172.1553134,122.5776567,96.49182561,79.87874659,224.3719346,223.0122616,217.9564033,214.866485,235.1716621,279.5762943,63.57629428,63.73978202,63.69209809,64.5599455,67.00953678,70.52179837,384.1839237,223.3501362,153.9768392,102.3841962,59.81743869,44.06811989
2006,IADV,107.5,97.8,53.2,94.3,138.7,89.69411765,74.41176471,14.16,17.56,22.51,26.32,24.17,19.40058824,11.60176471,13,11,11,10,13,10,7.882352941,8,6,5,8,9,2,4.882352941,133,78.6,10,0,0,46.58235294,208.0470588,7.8,56.3,131.6,239.9,174.1,41.1,12.04117647,14.27247956,13.9373297,13.93051771,16.05040872,24.30517711,34.18256131,288.0217984,290.972752,305.8978202,319.5490463,316.2152589,288.8964578,487.5762943,485.9918256,476.1103542,465.5776567,448.5517711,431.5435967,454.619891,233.9114441,172.1553134,122.5776567,96.49182561,79.87874659,224.3719346,223.0122616,217.9564033,214.866485,235.1716621,279.5762943,63.57629428,63.73978202,63.69209809,64.5599455,67.00953678,70.52179837,384.1839237,223.3501362,153.9768392,102.3841962,59.81743869,44.06811989
2007,IADV,101.5,48.4,144.7,247.1,154.9,116.5882353,80.42352941,9.77,20.06,22.67,23.88,25.22,18.32235294,11.33882353,12,8,12,9,14,9,7.411764706,7,2,5,6,9,3,4.882352941,255.4,18.1,1.1,0,0,58.08235294,207.8,12.9,71.5,131.3,172,213.6,97.6,10.45294118,14.27247956,13.9373297,13.93051771,16.05040872,24.30517711,34.18256131,288.0217984,290.972752,305.8978202,319.5490463,316.2152589,288.8964578,487.5762943,485.9918256,476.1103542,465.5776567,448.5517711,431.5435967,454.619891,233.9114441,172.1553134,122.5776567,96.49182561,79.87874659,224.3719346,223.0122616,217.9564033,214.866485,235.1716621,279.5762943,63.57629428,63.73978202,63.69209809,64.5599455,67.00953678,70.52179837,384.1839237,223.3501362,153.9768392,102.3841962,59.81743869,44.06811989
2007,ILPL,82.4,41.7,96.2,218.7,186,80.98823529,89.55294118,8.64,18.12,21.78,22.22,23.33,18.14529412,10.73882353,11,11,15,8,19,5,9.235294118,6,4,6,7,11,4,5.764705882,292.8,43.9,6.4,0.3,2,58.25294118,220.9,2,37.2,109.7,120.8,156.9,66.6,6.741176471,14.27247956,13.9373297,13.93051771,16.05040872,24.30517711,34.18256131,288.0217984,290.972752,305.8978202,319.5490463,316.2152589,288.8964578,487.5762943,485.9918256,476.1103542,465.5776567,448.5517711,431.5435967,454.619891,233.9114441,172.1553134,122.5776567,96.49182561,79.87874659,224.3719346,223.0122616,217.9564033,214.866485,235.1716621,279.5762943,63.57629428,63.73978202,63.69209809,64.5599455,67.00953678,70.52179837,384.1839237,223.3501362,153.9768392,102.3841962,59.81743869,44.06811989
2008,ILPL,128,116.4,124.3,148.7,50.6,132.6,77.17058824,10,14.44,21.63,22.58,20.82,17.18588235,10.17823529,12,12,16,13,5,9,7.823529412,9,7,11,10,3,7,5.058823529,250.5,129.7,1.7,0.5,3.3,72.57058824,240.9529412,0.6,8.9,100.7,132.1,80.5,34,5.423529412,14.27247956,13.9373297,13.93051771,16.05040872,24.30517711,34.18256131,288.0217984,290.972752,305.8978202,319.5490463,316.2152589,288.8964578,487.5762943,485.9918256,476.1103542,465.5776567,448.5517711,431.5435967,454.619891,233.9114441,172.1553134,122.5776567,96.49182561,79.87874659,224.3719346,223.0122616,217.9564033,214.866485,235.1716621,279.5762943,63.57629428,63.73978202,63.69209809,64.5599455,67.00953678,70.52179837,384.1839237,223.3501362,153.9768392,102.3841962,59.81743869,44.06811989
2008,WIAC,173.5,106.4,114.2,120.2,77.7,89.1,67.15882353,5.58,10.53,17.74,20.25,18.38,17.22411765,10.30117647,11,10,12,8,7,10,7.647058824,11,10,10,8,7,9,4.705882353,376.2,237.9,34.5,3.6,35.5,74.45882353,258.3647059,0,0,16.8,59.1,36.9,15.2,4.570588235,13,13,14,16,34,53,151,151,158,171,168,162,423,434,436,409,331,295,614,353,132,123,75,87,426,415,405,420,501,544,56,56,55,53,53,56,470,174,88,63,14,10
2000,WIMA,95.2,182.1,244.1,71.9,143.8,70.04117647,84.39411765,7.78,15.27,18.41,21,20.89,17.89470588,10.93764706,7,17,17,11,9,7,7.647058824,5,9,10,6,5,6,6.058823529,316.6,116.8,43.9,7.6,8,66.42352941,266.5117647,0,21.9,43.6,87.8,87.3,45.9,6.752941176,14.27247956,13.9373297,13.93051771,16.05040872,24.30517711,34.18256131,288.0217984,290.972752,305.8978202,319.5490463,316.2152589,288.8964578,487.5762943,485.9918256,476.1103542,465.5776567,448.5517711,431.5435967,454.619891,233.9114441,172.1553134,122.5776567,96.49182561,79.87874659,224.3719346,223.0122616,217.9564033,214.866485,235.1716621,279.5762943,63.57629428,63.73978202,63.69209809,64.5599455,67.00953678,70.52179837,384.1839237,223.3501362,153.9768392,102.3841962,59.81743869,44.06811989
2001,WIMA,85.2,117.4,148.9,25,231.7,49.11176471,63.57058824,10.42,15.46,18.66,22.23,22.02,17.91352941,10.20647059,16,16,14,5,13,11,8,8,13,9,2,8,11,6.235294118,239.3,115.6,57.8,9.1,2.5,61.38235294,273.0588235,1.9,26.7,67.6,121,113,16.4,8.088235294,14.27247956,13.9373297,13.93051771,16.05040872,24.30517711,34.18256131,288.0217984,290.972752,305.8978202,319.5490463,316.2152589,288.8964578,487.5762943,485.9918256,476.1103542,465.5776567,448.5517711,431.5435967,454.619891,233.9114441,172.1553134,122.5776567,96.49182561,79.87874659,224.3719346,223.0122616,217.9564033,214.866485,235.1716621,279.5762943,63.57629428,63.73978202,63.69209809,64.5599455,67.00953678,70.52179837,384.1839237,223.3501362,153.9768392,102.3841962,59.81743869,44.06811989
2002,WIMA,108.6,74,131.8,96.1,63.1,90.00588235,51.91176471,8.1,12.02,20.54,23.33,21.16,17.44647059,9.824117647,14,9,12,9,7,7,6.235294118,9,5,6,5,3,6,4.411764706,308.3,194.6,25,1.7,3.1,70.57647059,265.7411765,10.3,11.6,91.2,141.6,82.2,35.7,7.317647059,14.27247956,13.9373297,13.93051771,16.05040872,24.30517711,34.18256131,288.0217984,290.972752,305.8978202,319.5490463,316.2152589,288.8964578,487.5762943,485.9918256,476.1103542,465.5776567,448.5517711,431.5435967,454.619891,233.9114441,172.1553134,122.5776567,96.49182561,79.87874659,224.3719346,223.0122616,217.9564033,214.866485,235.1716621,279.5762943,63.57629428,63.73978202,63.69209809,64.5599455,67.00953678,70.52179837,384.1839237,223.3501362,153.9768392,102.3841962,59.81743869,44.06811989
2003,WIMA,70.4,177,91.8,98.1,28.3,54.14117647,49.78823529,7.37,12.85,18.07,21.26,22.44,17.62647059,9.824117647,12,16,11,8,9,7,7.470588235,7,13,7,5,4,2,5.411764706,330.5,154.3,45.5,1.7,1.4,69.34705882,257.9352941,1.7,0.8,37.7,86.5,128.6,30.1,5.570588235,14.27247956,13.9373297,13.93051771,16.05040872,24.30517711,34.18256131,288.0217984,290.972752,305.8978202,319.5490463,316.2152589,288.8964578,487.5762943,485.9918256,476.1103542,465.5776567,448.5517711,431.5435967,454.619891,233.9114441,172.1553134,122.5776567,96.49182561,79.87874659,224.3719346,223.0122616,217.9564033,214.866485,235.1716621,279.5762943,63.57629428,63.73978202,63.69209809,64.5599455,67.00953678,70.52179837,384.1839237,223.3501362,153.9768392,102.3841962,59.81743869,44.06811989
2004,WIMA,48.6,282.8,108.2,106.2,81.5,23.8,68.16470588,8.1,13.92,17.95,20.3,18.29,17.28705882,9.937058824,9,18,12,8,8,2,7.941176471,2,10,7,7,7,2,6.117647059,287.5,125.8,41.1,12.5,39.6,70.55882353,266.1058824,3,8.3,34.9,67.1,38.1,39.83529412,0,14.27247956,13.9373297,13.93051771,16.05040872,24.30517711,34.18256131,288.0217984,290.972752,305.8978202,319.5490463,316.2152589,288.8964578,487.5762943,485.9918256,476.1103542,465.5776567,448.5517711,431.5435967,454.619891,233.9114441,172.1553134,122.5776567,96.49182561,79.87874659,224.3719346,223.0122616,217.9564033,214.866485,235.1716621,279.5762943,63.57629428,63.73978202,63.69209809,64.5599455,67.00953678,70.52179837,384.1839237,223.3501362,153.9768392,102.3841962,59.81743869,44.06811989
2000,VAME,81.77058824,126.8647059,122.8470588,91.72941176,114.0411765,74.03529412,64.74117647,12.26352941,17.43823529,22.11588235,24.26588235,24.22529412,18.6,10.28941176,8.588235294,9.941176471,9.352941176,8.941176471,7.352941176,8.058823529,7.058823529,6.235294118,8.176470588,7.058823529,6.117647059,5.588235294,6.176470588,5.117647059,192.6470588,80.14705882,15.08823529,3.152941176,4.805882353,55.05882353,221.8176471,16.19411765,52.06470588,125.2823529,184.1058824,184.3235294,73.94117647,15.61176471,14.27247956,13.9373297,13.93051771,16.05040872,24.30517711,34.18256131,288.0217984,290.972752,305.8978202,319.5490463,316.2152589,288.8964578,487.5762943,485.9918256,476.1103542,465.5776567,448.5517711,431.5435967,454.619891,233.9114441,172.1553134,122.5776567,96.49182561,79.87874659,224.3719346,223.0122616,217.9564033,214.866485,235.1716621,279.5762943,63.57629428,63.73978202,63.69209809,64.5599455,67.00953678,70.52179837,384.1839237,223.3501362,153.9768392,102.3841962,59.81743869,44.06811989
2002,VAME,65.8,73,33.2,61.5,112.3,77.37647059,58.45882353,15.54,18.23,24.53,26.41,26.35,20.03058824,11.87705882,7,6,7,6,9,9,8.588235294,6,6,3,3,6,6,5.117647059,130.6,62.7,4.7,0.5,0,37.01764706,208.1764706,46.6,59.7,182.3,240.5,248.5,88.7,20.74117647,14.27247956,13.9373297,13.93051771,16.05040872,24.30517711,34.18256131,288.0217984,290.972752,305.8978202,319.5490463,316.2152589,288.8964578,487.5762943,485.9918256,476.1103542,465.5776567,448.5517711,431.5435967,454.619891,233.9114441,172.1553134,122.5776567,96.49182561,79.87874659,224.3719346,223.0122616,217.9564033,214.866485,235.1716621,279.5762943,63.57629428,63.73978202,63.69209809,64.5599455,67.00953678,70.52179837,384.1839237,223.3501362,153.9768392,102.3841962,59.81743869,44.06811989
2004,VAME,85.2,80.8,210.1,136.5,411.2,112.1647059,64.71176471,14.08,22.1,22.89,24.95,23.81,18.69294118,10.75823529,10,12,9,17,9,10,6.941176471,7,7,7,9,8,8,4.058823529,160.3,13.4,3.3,0,0,54.64705882,212.4294118,32.6,122.1,126.2,205.2,165.5,87.2,12.53529412,14.27247956,13.9373297,13.93051771,16.05040872,24.30517711,34.18256131,288.0217984,290.972752,305.8978202,319.5490463,316.2152589,288.8964578,487.5762943,485.9918256,476.1103542,465.5776567,448.5517711,431.5435967,454.619891,233.9114441,172.1553134,122.5776567,96.49182561,79.87874659,224.3719346,223.0122616,217.9564033,214.866485,235.1716621,279.5762943,63.57629428,63.73978202,63.69209809,64.5599455,67.00953678,70.52179837,384.1839237,223.3501362,153.9768392,102.3841962,59.81743869,44.06811989
2006,VAME,64.9,76.4,131.3,122.7,130.9,84.81764706,66.32352941,14.84,17.79,23.68,26.4,26.07,20.63764706,11.83941176,10,7,13,8,8,11,8.176470588,7,5,8,3,7,9,5.176470588,116.8,57.7,4.2,0,0,27.15882353,196.1882353,12,40.9,164.4,225.2,233.3,56.5,24.73529412,14.27247956,13.9373297,13.93051771,16.05040872,24.30517711,34.18256131,288.0217984,290.972752,305.8978202,319.5490463,316.2152589,288.8964578,487.5762943,485.9918256,476.1103542,465.5776567,448.5517711,431.5435967,454.619891,233.9114441,172.1553134,122.5776567,96.49182561,79.87874659,224.3719346,223.0122616,217.9564033,214.866485,235.1716621,279.5762943,63.57629428,63.73978202,63.69209809,64.5599455,67.00953678,70.52179837,384.1839237,223.3501362,153.9768392,102.3841962,59.81743869,44.06811989
2007,VAME,102.6647059,103.4058824,146.1176471,108.0941176,123.5764706,74.03529412,64.74117647,11.89352941,16.58176471,21.79176471,24.10117647,23.32058824,18.6,10.28941176,9.529411765,9.294117647,9.764705882,9,7.588235294,9.235294118,7.176470588,7.058823529,7.764705882,7.470588235,6.529411765,5.588235294,6.470588235,5.235294118,203.9117647,101.9411765,13.39411765,2.364705882,7.417647059,55.05882353,221.8176471,14.87058824,47.37647059,113.0705882,177.4235294,160.4882353,66.87058824,15.61176471,14.27247956,13.9373297,13.93051771,16.05040872,24.30517711,34.18256131,288.0217984,290.972752,305.8978202,319.5490463,316.2152589,288.8964578,487.5762943,485.9918256,476.1103542,465.5776567,448.5517711,431.5435967,454.619891,233.9114441,172.1553134,122.5776567,96.49182561,79.87874659,224.3719346,223.0122616,217.9564033,214.866485,235.1716621,279.5762943,63.57629428,63.73978202,63.69209809,64.5599455,67.00953678,70.52179837,384.1839237,223.3501362,153.9768392,102.3841962,59.81743869,44.06811989
2005,NENI,125.2,52.5,85.3,79.4,51.1,80.64117647,57.07647059,12.28,16.29,23.73,25.48,23.57,19.32882353,11.13117647,11,6,11,8,5,7,7.235294118,7,4,6,5,2,3,3.941176471,188.4,99.4,0,2.2,0.6,40.95882353,229.6529412,6.7,36.1,162,216.7,163,97.2,13.3,2,2,3,8,8,4,356,360,368,361,361,331,583,581,575,586,585,623,221,175,135,83,65,59,61,59,57,53,54,47,66,66,67,69,72,74,242,174,123,77,47,33
2006,NENI,107.4,50.3,36.6,52.2,162.7,83.91764706,61.42941176,12.96,17.65,23.29,25.83,23.75,18.33411765,10.90823529,10,13,10,6,15,8,8.058823529,8,4,4,5,8,6,4.823529412,171.3,78.5,2.8,0,0.3,55.27058824,238.0411765,10,57.3,151.3,232.5,162.7,21.6,11.28823529,2,2,3,8,8,4,356,360,368,361,361,331,583,581,575,586,585,623,221,175,135,83,65,59,61,59,57,53,54,47,66,66,67,69,72,74,242,174,123,77,47,33
2000,IANL,58.5,101.5,216.8,117.2,34.7,99.3,27.6,9.607058824,16.12176471,21.14,22.63588235,22.54764706,17.58235294,11.88235294,8,15,17,9,11,10,9,6,6,15,5,4,5,3,255.5411765,94.34705882,12.28235294,1.935294118,2.082352941,74.01176471,188.4176471,1.476470588,27.58823529,94.95882353,130.8294118,130.4529412,62.71176471,15.54117647,2,2,2,3,5,10,354,340,359,350,376,330,557,573,553,569,528,536,450,208,141,85,65,43,89,88,88,81,96,134,63,63,62,61,61,64,292,190,100,79,30,24
2001,IANL,84.9,142.1,116.1,124.2,81.3,84.7,80.2,10.19352941,15.39176471,20.29823529,23.31941176,22.52411765,17.50294118,11.66470588,17,20,11,11,8,11,10,10,14,7,4,6,7,7,242.1529412,110.2647059,22.60588235,0.817647059,3.511764706,73.81764706,205.5352941,6.141176471,20.27058824,80.68235294,151.6529412,134.6823529,39.45294118,12.34117647,2,2,2,3,5,10,354,340,359,350,376,330,557,573,553,569,528,536,450,208,141,85,65,43,89,88,88,81,96,134,63,63,62,61,61,64,292,190,100,79,30,24
2003,IANL,68.4,83.8,91.8,140.7,15.7,103.6,35,9.249411765,14.34764706,20.28411765,22.59647059,22.85529412,17.87117647,11.46588235,6,8,6,7,2,4,2,3,6,5,6,2,4,2,273.1352941,128.2647059,17.95882353,1.176470588,1.070588235,78.07058824,201.1941176,5.452941176,9.705882353,74.36470588,126.9529412,123.5235294,39.22352941,7.976470588,2,2,2,3,5,10,354,340,359,350,376,330,557,573,553,569,528,536,450,208,141,85,65,43,89,88,88,81,96,134,63,63,62,61,61,64,292,190,100,79,30,24
2004,IANL,31,177.3,84.9,69.9,202.9,14,80.5,9.74,15.52058824,20.17882353,22.14294118,20.12705882,18.88235294,11.31117647,3,10,6,6,6,1,5,3,10,5,5,6,1,5,263.5529412,114.4647059,20.41176471,3.670588235,23.14117647,45.28823529,215.8588235,7.405882353,27.68235294,74.97647059,120.6058824,69.88235294,51.04117647,12.44705882,2,2,2,3,5,10,354,340,359,350,376,330,557,573,553,569,528,536,450,208,141,85,65,43,89,88,88,81,96,134,63,63,62,61,61,64,292,190,100,79,30,24
2005,IANL,74.3,69.8,79.8,34.5,89.2,71.3,19.8,11.31882353,15.41411765,22.27411765,24.19411765,23.23529412,18.47647059,11.22470588,7,6,7,5,5,3,2,6,6,5,5,5,3,2,212.7058824,119.0764706,8.341176471,0.594117647,2.147058824,67.01176471,206.3294118,6.505882353,29.3,124.1588235,179.2352941,140.3176471,75.74705882,13.74117647,2,2,2,3,5,10,354,340,359,350,376,330,557,573,553,569,528,536,450,208,141,85,65,43,89,88,88,81,96,134,63,63,62,61,61,64,292,190,100,79,30,24
2006,IANL,97.31764706,99.45294118,127.7764706,100.0294118,90.16470588,71.1,61.88235294,9.659411765,15.13764706,21.12117647,23.49941176,22.36764706,16.86470588,11.66470588,8.176470588,9.882352941,9.294117647,7.117647059,7.764705882,6.529411765,7,6.529411765,6.882352941,7,5.176470588,5.764705882,4.941176471,4.294117647,258.7764706,120.5705882,12.39411765,0.705882353,2.964705882,81.93529412,208.7294118,5.523529412,23.42941176,91.28823529,157.1294118,124.7294118,44.97058824,3.264705882,2,2,2,3,5,10,354,340,359,350,376,330,557,573,553,569,528,536,450,208,141,85,65,43,89,88,88,81,96,134,63,63,62,61,61,64,292,190,100,79,30,24
2007,IANL,105.3,94.6,145.3,165.8,130,69.4,110.8,9.292941176,16.16,21.25941176,23.69764706,22.58764706,17.72764706,11.42823529,8,7,7,5,10,5,7,8,6,7,5,10,4,5,268.7352941,102.8058824,15.24117647,1.223529412,3.982352941,77.65882353,201.3235294,8.935294118,36.43529412,95.95882353,165.1882353,125.9411765,63.11176471,18.78823529,2,2,2,3,5,10,354,340,359,350,376,330,557,573,553,569,528,536,450,208,141,85,65,43,89,88,88,81,96,134,63,63,62,61,61,64,292,190,100,79,30,24
2003,WIGL,65.18235294,122.9235294,151.1647059,94.70588235,112.5176471,63.41176471,64.74117647,9.073529412,13.89352941,19.19411765,22.02529412,20.95470588,18.6,10.28941176,9.117647059,13,11.64705882,8.941176471,8.352941176,7.058823529,7.588235294,5.647058824,9.941176471,8.176470588,6.058823529,5.411764706,4.764705882,5.588235294,275.7352941,147.1529412,29.07058824,5.058823529,13.19411765,55.05882353,221.8176471,3,14.56470588,54.75882353,117.1882353,93.72352941,33.54117647,15.61176471,14.27247956,13.9373297,13.93051771,16.05040872,24.30517711,34.18256131,288.0217984,290.972752,305.8978202,319.5490463,316.2152589,288.8964578,487.5762943,485.9918256,476.1103542,465.5776567,448.5517711,431.5435967,454.619891,233.9114441,172.1553134,122.5776567,96.49182561,79.87874659,224.3719346,223.0122616,217.9564033,214.866485,235.1716621,279.5762943,63.57629428,63.73978202,63.69209809,64.5599455,67.00953678,70.52179837,384.1839237,223.3501362,153.9768392,102.3841962,59.81743869,44.06811989
2004,WIGL,81.07058824,115.1470588,143.2117647,101.2352941,100.1411765,58.81176471,64.74117647,8.901764706,13.65117647,19.19411765,21.80176471,20.58058824,18.6,10.28941176,8.647058824,12.05882353,11.76470588,8.882352941,8.117647059,7.058823529,7.588235294,5.941176471,9.294117647,8.176470588,6.235294118,5.352941176,4.588235294,5.588235294,280.6176471,154.2823529,29.07058824,5.141176471,14.62941176,55.05882353,221.8176471,2.2,12.46470588,54.75882353,111.7529412,84.28823529,32.57058824,15.61176471,14.27247956,13.9373297,13.93051771,16.05040872,24.30517711,34.18256131,288.0217984,290.972752,305.8978202,319.5490463,316.2152589,288.8964578,487.5762943,485.9918256,476.1103542,465.5776567,448.5517711,431.5435967,454.619891,233.9114441,172.1553134,122.5776567,96.49182561,79.87874659,224.3719346,223.0122616,217.9564033,214.866485,235.1716621,279.5762943,63.57629428,63.73978202,63.69209809,64.5599455,67.00953678,70.52179837,384.1839237,223.3501362,153.9768392,102.3841962,59.81743869,44.06811989
2006,WIGL,81.07058824,102.7058824,144.1941176,101.2352941,101.2588235,59.85882353,64.74117647,8.919411765,13.55941176,19.34058824,21.84588235,20.73411765,18.6,10.28941176,8.823529412,11.47058824,11.23529412,8.882352941,8.176470588,7.176470588,7.588235294,6.352941176,9.117647059,8.058823529,6.235294118,5.411764706,4.764705882,5.588235294,281.2411765,157.7764706,24.96470588,5.105882353,12.38235294,55.05882353,221.8176471,2.023529412,11.97647059,55.05882353,113.4352941,86.80588235,32.87647059,15.61176471,14.27247956,13.9373297,13.93051771,16.05040872,24.30517711,34.18256131,288.0217984,290.972752,305.8978202,319.5490463,316.2152589,288.8964578,487.5762943,485.9918256,476.1103542,465.5776567,448.5517711,431.5435967,454.619891,233.9114441,172.1553134,122.5776567,96.49182561,79.87874659,224.3719346,223.0122616,217.9564033,214.866485,235.1716621,279.5762943,63.57629428,63.73978202,63.69209809,64.5599455,67.00953678,70.52179837,384.1839237,223.3501362,153.9768392,102.3841962,59.81743869,44.06811989
2008,WIGL,85.34117647,104.5529412,142.6411765,102.9823529,114.8352941,59.85882353,61.34705882,8.755882353,13.80411765,19.51823529,21.98764706,20.60823529,18.6,10.28941176,8.352941176,11.58823529,11.23529412,8.705882353,8.529411765,7.647058824,7.647058824,6.117647059,9,8.117647059,5.941176471,5.588235294,5.117647059,5.705882353,285.5117647,151.8470588,23.15294118,4.441176471,12.84117647,55.05882353,221.8176471,1.382352941,12.97647059,58.57647059,117.5411765,83.35294118,32.64705882,15.61176471,14.27247956,13.9373297,13.93051771,16.05040872,24.30517711,34.18256131,288.0217984,290.972752,305.8978202,319.5490463,316.2152589,288.8964578,487.5762943,485.9918256,476.1103542,465.5776567,448.5517711,431.5435967,454.619891,233.9114441,172.1553134,122.5776567,96.49182561,79.87874659,224.3719346,223.0122616,217.9564033,214.866485,235.1716621,279.5762943,63.57629428,63.73978202,63.69209809,64.5599455,67.00953678,70.52179837,384.1839237,223.3501362,153.9768392,102.3841962,59.81743869,44.06811989
2008,MNCH,70.9,66.8,116.6,128.5,65.6,87.41764706,57.74705882,4.76,12.9,18,21.94,20.62,17.36588235,10.17058824,8,7,10,9,5,10,8,5,3,6,7,4,7,4.941176471,379.5,173.3,44.4,1.1,6.9,69.77647059,259.1882353,0,5,34.4,112.9,77.8,21.9,4.805882353,11,11,11,12,22,34,313,310,334,330,324,317,375,376,361,372,386,400,344,348,222,194,145,134,313,313,305,297,290,283,72,73,73,77,80,79,449,320,232,120,73,106
2001,NEDC,45.9,155.8,59.5,21.3,58.17647059,74.9,56.92352941,11.47,16.45,20.78,25.27,23.67588235,17.69,10.54352941,10,12,8,8,7.352941176,10,4,4,9,6,2,4.705882353,7,2,211.9,94.9,26,0.8,1.858823529,59.8,248.4470588,8.4,39.7,94.7,215.9,160.4352941,40.6,5,3,1,2,2,4,4,332,333,343,360,343,331,530,531,527,513,529,534,266,191,135,89,69,59,138,136,130,128,128,135,65,64,65,69,75,76,284,166,121,81,36,18
2002,INND,109.9117647,222.5,87.2,23.6,61.7,122,73.49411765,12.05470588,14.86,23.14,25.18,24.36,20.93,11.02352941,10.52941176,14,7,5,9,5,6,8.352941176,11,6,3,4,4,5,196.4176471,127.7,4.5,0,0,16.7,234.9705882,14.03529412,20,143.9,212.3,187,94.5,21.1,15,15,16,16,30,63,245,250,247,259,267,190,484,477,475,462,402,340,286,138,127,70,66,51,271,274,278,280,331,470,68,68,68,68,70,74,336,156,111,63,42,34
2006,ILCC,74.74117647,88.6,104.5235294,102.8235294,100.6764706,101.0352941,81.04705882,11.43647059,16.97352941,22.17823529,23.27588235,23.08117647,18.42117647,11.66470588,9.764705882,11.23529412,10.17647059,9.294117647,8.588235294,7.352941176,7.529411765,6.588235294,7.235294118,6.588235294,6.352941176,6,5.117647059,5.117647059,204.3411765,82.87058824,8.323529412,1.035294118,3.158823529,55.87647059,208.7294118,6.323529412,41.84117647,119.1941176,151.4764706,148.1823529,62.50588235,9.705882353,17,16,17,22,36,50,295,303,298,306,326,302,667,660,663,658,634,641,560,257,169,109,70,41,38,37,38,36,40,57,62,62,60,60,64,73,346,212,155,86,36,18
2007,ILCC,74.26470588,80.63529412,103.9941176,104.7352941,88.98235294,105.6411765,81.53529412,11.43647059,17.21235294,22.17823529,23.27588235,23.09882353,18.42117647,11.66470588,9.647058824,10.76470588,10,9.588235294,8.470588235,7.588235294,7.529411765,6.411764706,6.764705882,6.470588235,6.647058824,5.823529412,5.235294118,5.176470588,204.3411765,80.11176471,8.323529412,1.035294118,3.335294118,55.87647059,208.7294118,6.323529412,45.78235294,119.1941176,151.4764706,148.9058824,63.8,9.705882353,17,16,17,22,36,50,295,303,298,306,326,302,667,660,663,658,634,641,560,257,169,109,70,41,38,37,38,36,40,57,62,62,60,60,64,73,346,212,155,86,36,18
2008,ILCC,74.95294118,83.94117647,110.6588235,104.7352941,88.98235294,112.5058824,75.93529412,11.27,17.21235294,22.21294118,23.40117647,23.09882353,18.42117647,11.66470588,9.941176471,11.35294118,10.05882353,9.588235294,8.470588235,7.588235294,7.352941176,6.352941176,7.117647059,6.588235294,6.647058824,5.823529412,5.235294118,4.941176471,209.3352941,80.11176471,7.276470588,0.835294118,3.335294118,55.87647059,208.7294118,6.323529412,45.78235294,119.1764706,155.1647059,148.9058824,63.8,9.705882353,17,16,17,22,36,50,295,303,298,306,326,302,667,660,663,658,634,641,560,257,169,109,70,41,38,37,38,36,40,57,62,62,60,60,64,73,346,212,155,86,36,18
2004,NECL,52.4,96.8,29.7,105.4,33.6,101.8,27.9,10.74529412,16.99352941,20.50588235,23.53529412,22.70411765,17.67352941,11.19470588,6,15,12,13,4,6,8,4,5,5,10,3,4,2,230.2058824,81.64117647,23.07058824,2.847058824,10.16470588,70.97058824,239.0470588,4.864705882,41.3,88.04705882,161.4882353,140.9235294,71.34705882,7.111764706,8,8,8,10,26,32,151,151,151,154,158,160,259,261,253,251,244,279,273,183,141,95,75,59,589,588,596,595,598,561,62,63,65,69,71,74,283,177,117,80,37,14
2005,NECL,118.2,161.5,118.3,33.3,51.9,35.2,32.3,9.470588235,15.42352941,21.57529412,24.24,22.69352941,18.30411765,10.97411765,9,7,12,5,10,7,6,7,5,8,3,4,3,5,269.1352941,113.0941176,9.770588235,1.2,3.405882353,60.18823529,249.5705882,4.758823529,23.27647059,106.6294118,181.4882353,139.9470588,50.9,9.888235294,8,8,8,10,26,32,151,151,151,154,158,160,259,261,253,251,244,279,273,183,141,95,75,59,589,588,596,595,598,561,62,63,65,69,71,74,283,177,117,80,37,14
2006,NECL,65,24.9,101.7,41.5,134,151.4,41.2,10.98647059,16.00529412,22.70823529,24.78941176,22.85,18.21470588,10.60647059,12,5,7,4,10,7,7,8,4,6,4,7,5,5,224.8411765,110.8058824,6.482352941,0.411764706,4.223529412,64.8,244.2823529,7.382352941,39.22941176,136.8823529,195.5941176,144.5117647,50.64705882,8.764705882,8,8,8,10,26,32,151,151,151,154,158,160,259,261,253,251,244,279,273,183,141,95,75,59,589,588,596,595,598,561,62,63,65,69,71,74,283,177,117,80,37,14
2008,NECL,76.4,232.5,130.3,71.1,129.5,68.4,170.5,10.95705882,16.51823529,21.58117647,23.90352941,22.84941176,18.45529412,11.47705882,10,14,14,9,6,10,8,9,11,10,6,4,7,7,226.9,94.98235294,14.30588235,3.335294118,9.082352941,52.9,218.2588235,9.276470588,39.28235294,110.4882353,173.4882353,146.5352941,60.46470588,5.776470588,8,8,8,10,26,32,151,151,151,154,158,160,259,261,253,251,244,279,273,183,141,95,75,59,589,588,596,595,598,561,62,63,65,69,71,74,283,177,117,80,37,14
2006,GASS,53.6,73.7,55.6,92.48823529,119.2,95,43.4,10.85235294,15.56647059,22.02764706,24.55,22.64117647,18.79,11.51529412,7,3,5,9.352941176,6,6,5,7,3,5,6.647058824,6,6,4,227.9411765,118.8117647,10.18235294,1.364705882,4.605882353,65.32941176,194.6470588,6.464705882,33.44117647,119.1705882,191.1941176,124.5705882,58.92352941,21.85882353,15,15,15,20,15,18,121,118,174,243,278,303,132,133,127,122,113,92,296,88,42,26,27,34,746,749,699,635,609,605,54,54,53,53,53,53,342,119,57,29,21,9
2003,MOCH,143,114.8,151.7,108.5,99.3,107.7176471,72.35882353,12.43,16.64,20.62,25.97,26.7,19.05470588,11.77176471,10,14,10,6,7,8,7.411764706,9,9,7,2,5,6,5.117647059,188.2,70.5,21,0,0,43.07647059,202.4647059,11.1,18.1,83.7,236.9,259.2,26.4,14.65882353,14.27247956,13.9373297,13.93051771,16.05040872,24.30517711,34.18256131,288.0217984,290.972752,305.8978202,319.5490463,316.2152589,288.8964578,487.5762943,485.9918256,476.1103542,465.5776567,448.5517711,431.5435967,454.619891,233.9114441,172.1553134,122.5776567,96.49182561,79.87874659,224.3719346,223.0122616,217.9564033,214.866485,235.1716621,279.5762943,63.57629428,63.73978202,63.69209809,64.5599455,67.00953678,70.52179837,384.1839237,223.3501362,153.9768392,102.3841962,59.81743869,44.06811989
2008,MOCH,148,136.2,172,146,51,115.4529412,69.08235294,10.18,17.06,23.59,25.59,23.87,19.17411765,11.35705882,15,15,14,14,10,12,7.470588235,10,10,10,11,4,10,5,248.2,68.5,0,0,0,41.17647059,207.2352941,3.6,29,157.8,224.9,171.6,72.2,17.11764706,14.27247956,13.9373297,13.93051771,16.05040872,24.30517711,34.18256131,288.0217984,290.972752,305.8978202,319.5490463,316.2152589,288.8964578,487.5762943,485.9918256,476.1103542,465.5776567,448.5517711,431.5435967,454.619891,233.9114441,172.1553134,122.5776567,96.49182561,79.87874659,224.3719346,223.0122616,217.9564033,214.866485,235.1716621,279.5762943,63.57629428,63.73978202,63.69209809,64.5599455,67.00953678,70.52179837,384.1839237,223.3501362,153.9768392,102.3841962,59.81743869,44.06811989
2000,GALE,90.27647059,57.97058824,129.9588235,122.0176471,100.4117647,122.2058824,67.03529412,16.42117647,22.38294118,25.59117647,27.00823529,26.41882353,18.32411765,11.66470588,6.823529412,6.352941176,11.76470588,9.764705882,9.823529412,7.529411765,6.941176471,4.470588235,4.235294118,8.117647059,7.058823529,6.352941176,6.294117647,4.764705882,88.26470588,21.80588235,1.523529412,0.3,2.252941176,67.26470588,208.7294118,30.53529412,129.0882353,211.6176471,261.7647059,242.7647059,145.5588235,18.52941176,14.27247956,13.9373297,13.93051771,16.05040872,24.30517711,34.18256131,288.0217984,290.972752,305.8978202,319.5490463,316.2152589,288.8964578,487.5762943,485.9918256,476.1103542,465.5776567,448.5517711,431.5435967,454.619891,233.9114441,172.1553134,122.5776567,96.49182561,79.87874659,224.3719346,223.0122616,217.9564033,214.866485,235.1716621,279.5762943,63.57629428,63.73978202,63.69209809,64.5599455,67.00953678,70.52179837,384.1839237,223.3501362,153.9768392,102.3841962,59.81743869,44.06811989
2001,GALE,82.03529412,91.69411765,127.6411765,147.1,79,137.4,22.4,16.03058824,21.00941176,25.34235294,27.74,27.12,23.06,17.44,7.294117647,9,11.64705882,13,13,10,5,5.176470588,5.882352941,8,7,6,5,3,98.65882353,35.06470588,0.558823529,0,0.705882353,6.7,68.6,32.06470588,113.6941176,205.7764706,291.5,230.8470588,148.6,41.6,14.27247956,13.9373297,13.93051771,16.05040872,24.30517711,34.18256131,288.0217984,290.972752,305.8978202,319.5490463,316.2152589,288.8964578,487.5762943,485.9918256,476.1103542,465.5776567,448.5517711,431.5435967,454.619891,233.9114441,172.1553134,122.5776567,96.49182561,79.87874659,224.3719346,223.0122616,217.9564033,214.866485,235.1716621,279.5762943,63.57629428,63.73978202,63.69209809,64.5599455,67.00953678,70.52179837,384.1839237,223.3501362,153.9768392,102.3841962,59.81743869,44.06811989
2002,GALE,97,44.2,54,110,88.4,161.5,49.21764706,21.31,23.33,26.41,26.99764706,27.36,26.3,12.13,11,6,12,16,8,9,10,8,5,5,8,2,7,6,5.6,26.64117647,0,0.164705882,0.147058824,37.5,198.6529412,84.3,127.5352941,217.3,260.6823529,245.5117647,119.7529412,27.88823529,14.27247956,13.9373297,13.93051771,16.05040872,24.30517711,34.18256131,288.0217984,290.972752,305.8978202,319.5490463,316.2152589,288.8964578,487.5762943,485.9918256,476.1103542,465.5776567,448.5517711,431.5435967,454.619891,233.9114441,172.1553134,122.5776567,96.49182561,79.87874659,224.3719346,223.0122616,217.9564033,214.866485,235.1716621,279.5762943,63.57629428,63.73978202,63.69209809,64.5599455,67.00953678,70.52179837,384.1839237,223.3501362,153.9768392,102.3841962,59.81743869,44.06811989
2007,GALE,117.3,0,164.1,167.5,162.8,98.73529412,58.58235294,17.48,23.24,26.73,28.12,30.23,22.14823529,12.26411765,2,0,8,11,7,7,7,2,0,6,11,6,4,4.529411765,68.1,1.9,0,0,0,15.1,179.2,42.5,154.2,252,303.5,356.9,211.4,35.7,14.27247956,13.9373297,13.93051771,16.05040872,24.30517711,34.18256131,288.0217984,290.972752,305.8978202,319.5490463,316.2152589,288.8964578,487.5762943,485.9918256,476.1103542,465.5776567,448.5517711,431.5435967,454.619891,233.9114441,172.1553134,122.5776567,96.49182561,79.87874659,224.3719346,223.0122616,217.9564033,214.866485,235.1716621,279.5762943,63.57629428,63.73978202,63.69209809,64.5599455,67.00953678,70.52179837,384.1839237,223.3501362,153.9768392,102.3841962,59.81743869,44.06811989
2004,IALU,61.1,207.7,91.2,49.8,131.8,82.42941176,94.79411765,11.77,17.16,19.93,21.96,19.49,17.92058824,10.64,7,13,12,7,11,5,8.882352941,4,10,8,6,10,3,6.176470588,209.4,82.2,19.8,2.8,27.5,58.29411765,239.4176471,12.5,46,67.8,115.3,63.3,64.6,3.905882353,10,10,11,16,24,31,305,311,281,281,268,242,387,387,401,390,383,403,230,245,190,102,58,31,307,302,317,329,350,355,67,67,67,68,73,78,176,228,151,88,36,12
2006,IALU,109.2,54.7,20.5,141.3,156.4,87.81764706,76.12941176,13.06,17.14,22.01,24.45,22.67,18.32588235,11.05,11,13,6,8,13,12,8.411764706,10,8,4,6,10,8,5.235294118,168.7,82.1,8.4,0,0,57.00588235,222.4294118,10.6,45.2,118.8,189.5,134.6,17.3,8.664705882,10,10,11,16,24,31,305,311,281,281,268,242,387,387,401,390,383,403,230,245,190,102,58,31,307,302,317,329,350,355,67,67,67,68,73,78,176,228,151,88,36,12
2000,ILMN,81.28235294,90.65882353,84.78823529,107.7058824,97.44705882,89.35882353,59.30588235,12.02235294,17.78352941,21.43235294,23.58058824,23.21647059,19.45941176,11.14588235,9.235294118,11.64705882,8.823529412,9.352941176,8.705882353,6.764705882,7.705882353,6.294117647,7.235294118,5.588235294,6.529411765,6.470588235,4.764705882,4.470588235,195.9529412,74.24117647,12.51176471,0.652941176,3,38.81764706,211.9117647,8.535294118,43.72352941,97.95294118,160.9764706,154.3176471,64.44117647,12.14705882,14.27247956,13.9373297,13.93051771,16.05040872,24.30517711,34.18256131,288.0217984,290.972752,305.8978202,319.5490463,316.2152589,288.8964578,487.5762943,485.9918256,476.1103542,465.5776567,448.5517711,431.5435967,454.619891,233.9114441,172.1553134,122.5776567,96.49182561,79.87874659,224.3719346,223.0122616,217.9564033,214.866485,235.1716621,279.5762943,63.57629428,63.73978202,63.69209809,64.5599455,67.00953678,70.52179837,384.1839237,223.3501362,153.9768392,102.3841962,59.81743869,44.06811989
2001,ILMN,112.9,218.9,83.2,96.6,48.5,87.6,65.07058824,13.66,16.51117647,20.16,24.25,23.19,17.62,11.21588235,10,14,8,7,7,9,8,7,10,7,6,6,7,5.647058824,128.1,85.35294118,26.4,0,0,57.6,218.3176471,7.3,30.07058824,72.8,178.4,138.9,35.1,4.2,14.27247956,13.9373297,13.93051771,16.05040872,24.30517711,34.18256131,288.0217984,290.972752,305.8978202,319.5490463,316.2152589,288.8964578,487.5762943,485.9918256,476.1103542,465.5776567,448.5517711,431.5435967,454.619891,233.9114441,172.1553134,122.5776567,96.49182561,79.87874659,224.3719346,223.0122616,217.9564033,214.866485,235.1716621,279.5762943,63.57629428,63.73978202,63.69209809,64.5599455,67.00953678,70.52179837,384.1839237,223.3501362,153.9768392,102.3841962,59.81743869,44.06811989
2002,ILMN,134.3,240.9,96.1,57.1,133.9,77.52941176,76.65882353,11.13,14.76,22.63,25.12,23.56,19.38647059,10.99647059,10,12,6,6,7,4,8.117647059,7,10,6,5,7,2,5.647058824,207.1941176,118.1,14.23529412,0,0,16.7,251.2117647,10.62941176,22,115.9470588,203.5,154.6,81.8,8.158823529,14.27247956,13.9373297,13.93051771,16.05040872,24.30517711,34.18256131,288.0217984,290.972752,305.8978202,319.5490463,316.2152589,288.8964578,487.5762943,485.9918256,476.1103542,465.5776567,448.5517711,431.5435967,454.619891,233.9114441,172.1553134,122.5776567,96.49182561,79.87874659,224.3719346,223.0122616,217.9564033,214.866485,235.1716621,279.5762943,63.57629428,63.73978202,63.69209809,64.5599455,67.00953678,70.52179837,384.1839237,223.3501362,153.9768392,102.3841962,59.81743869,44.06811989
2003,ILMN,66,170.2,101.6,80.2,106.6,81.62941176,90.01764706,11.67,16.13,20.25,23.52,24.49,17.93470588,10.94470588,10,9,8,7,7,9,9.294117647,6,7,6,4,5,6,6,207.6,78.7,22.3,0,0,57.15294118,214.2235294,7.5,10.3,77.9,160.8,190.9,37,7.9,14.27247956,13.9373297,13.93051771,16.05040872,24.30517711,34.18256131,288.0217984,290.972752,305.8978202,319.5490463,316.2152589,288.8964578,487.5762943,485.9918256,476.1103542,465.5776567,448.5517711,431.5435967,454.619891,233.9114441,172.1553134,122.5776567,96.49182561,79.87874659,224.3719346,223.0122616,217.9564033,214.866485,235.1716621,279.5762943,63.57629428,63.73978202,63.69209809,64.5599455,67.00953678,70.52179837,384.1839237,223.3501362,153.9768392,102.3841962,59.81743869,44.06811989
2004,ILMN,48.4,85.5,51.4,155.3,169,91.78235294,95,12.35,18.77,20.81,22.34,19.91,18.37,10.73882353,5,12,7,11,13,2,9.176470588,4,8,4,6,10,2,5.411764706,198.2,50,11.4,0,22.2,48.04117647,232.7411765,18.6,65.7,85.7,124.4,70,60.5,7.588235294,14.27247956,13.9373297,13.93051771,16.05040872,24.30517711,34.18256131,288.0217984,290.972752,305.8978202,319.5490463,316.2152589,288.8964578,487.5762943,485.9918256,476.1103542,465.5776567,448.5517711,431.5435967,454.619891,233.9114441,172.1553134,122.5776567,96.49182561,79.87874659,224.3719346,223.0122616,217.9564033,214.866485,235.1716621,279.5762943,63.57629428,63.73978202,63.69209809,64.5599455,67.00953678,70.52179837,384.1839237,223.3501362,153.9768392,102.3841962,59.81743869,44.06811989
2005,ILMN,82,52.9,41.5,40,85.1,73.68235294,53.26470588,12.95,15.85,23.55,24.83,23.79,19.34,10.59882353,7,7,8,6,8,9,6.117647059,5,5,5,4,6,6,3.588235294,167.5,100.5,0,0,0,38.31176471,238.2,6.1,23.4,139.7,201.4,162.7,115.5,12.00588235,14.27247956,13.9373297,13.93051771,16.05040872,24.30517711,34.18256131,288.0217984,290.972752,305.8978202,319.5490463,316.2152589,288.8964578,487.5762943,485.9918256,476.1103542,465.5776567,448.5517711,431.5435967,454.619891,233.9114441,172.1553134,122.5776567,96.49182561,79.87874659,224.3719346,223.0122616,217.9564033,214.866485,235.1716621,279.5762943,63.57629428,63.73978202,63.69209809,64.5599455,67.00953678,70.52179837,384.1839237,223.3501362,153.9768392,102.3841962,59.81743869,44.06811989
2006,ILMN,100.1,29.3,55,41.3,71.7,76.2,62.95882353,14.08,16.97,21.88,25.63,23.74,19.01823529,10.76,12,9,10,11,9,5,6.764705882,10,5,7,4,6,3,4.235294118,135.4,96.5,8.1,0,0,43.33529412,232.5823529,7.8,54.2,106.1,218.7,162.3,38.4,11.22352941,14.27247956,13.9373297,13.93051771,16.05040872,24.30517711,34.18256131,288.0217984,290.972752,305.8978202,319.5490463,316.2152589,288.8964578,487.5762943,485.9918256,476.1103542,465.5776567,448.5517711,431.5435967,454.619891,233.9114441,172.1553134,122.5776567,96.49182561,79.87874659,224.3719346,223.0122616,217.9564033,214.866485,235.1716621,279.5762943,63.57629428,63.73978202,63.69209809,64.5599455,67.00953678,70.52179837,384.1839237,223.3501362,153.9768392,102.3841962,59.81743869,44.06811989
2000,NCWA,67.4,13.7,123.9,206,107.8470588,185.5,78.08235294,14.83,22.37,25.5,25.45,25.89588235,21.8,11.73235294,11,3,10,15,9.411764706,10,8.529411765,9,3,8,12,6.058823529,8,5.176470588,115.1,9.1,0.3,0,0.605882353,14.7,189.0352941,12.2,134.4,215.4,220.8,217.9,115.2,24.12941176,5,3,3,2,2,3,97,81,155,262,287,275,278,285,270,246,227,232,524,89,62,27,21,22,625,634,575,492,486,492,50,52,51,51,51,51,643,136,55,22,16,16
2002,NCWA,53.9,50.6,54.5,137.5,171.2,116.4823529,75.57647059,18.51,19.87,25.22,27.75,26.2,20.99176471,12.02,5,9,7,10,13,9,7.941176471,2,4,5,6,8,4,5.058823529,63.7,42.8,0,0,0,23.92941176,175.4,69.1,90.4,206.5,291.9,232.9,151.7,25.7,5,3,3,2,2,3,97,81,155,262,287,275,278,285,270,246,227,232,524,89,62,27,21,22,625,634,575,492,486,492,50,52,51,51,51,51,643,136,55,22,16,16
2003,NCWA,115.1,253.7,102.3,369.6,197.2,129.7058824,88.43529412,14.99,20.5,24.19,26.47,26.91,20.90352941,11.77588235,15,12,13,17,10,9,7.294117647,9,7,9,15,8,8,5.117647059,110.5,14.2,0,0,0,24.91764706,186.4,10.3,81.4,175.7,252.4,257.3,128.2,24.52352941,5,3,3,2,2,3,97,81,155,262,287,275,278,285,270,246,227,232,524,89,62,27,21,22,625,634,575,492,486,492,50,52,51,51,51,51,643,136,55,22,16,16
2001,MDGA,80.17058824,128.3235294,77.49411765,107.0705882,97.75294118,79.85882353,72.24117647,11.13411765,16.15235294,21.59,23.31,23.13705882,17.90470588,10.82823529,9.941176471,13.11764706,9.411764706,9.705882353,8.764705882,7.352941176,8.823529412,5.941176471,8.705882353,6,7.117647059,6,4.882352941,5.882352941,214.6058824,94.78823529,17.81176471,4.311764706,5.935294118,53.24117647,253.0294118,7.294117647,35.65882353,111.3470588,154.5352941,150.4764706,64.31764706,7.235294118,35,37,39,41,68,75,200,200,225,227,223,223,452,450,438,447,367,236,885,192,80,61,40,43,347,350,336,326,410,541,47,50,49,49,49,48,1211,225,74,26,16,13
2002,MDGA,80.17058824,128.3235294,77.49411765,107.0705882,97.75294118,79.85882353,72.24117647,11.13411765,16.15235294,21.46352941,23.25647059,23.13705882,17.90470588,10.82823529,9.941176471,13.11764706,9.235294118,9.705882353,8.764705882,7.352941176,8.823529412,5.941176471,8.705882353,5.764705882,7.117647059,6,4.882352941,5.882352941,214.6058824,94.78823529,19.27647059,4.764705882,5.935294118,53.24117647,253.0294118,7.294117647,35.65882353,109.1352941,153.2058824,150.4764706,64.31764706,7.235294118,35,37,39,41,68,75,200,200,225,227,223,223,452,450,438,447,367,236,885,192,80,61,40,43,347,350,336,326,410,541,47,50,49,49,49,48,1211,225,74,26,16,13
2003,MDGA,90.56470588,127.5352941,75.89411765,112.3176471,90.42352941,79.85882353,72.24117647,11.13411765,16.15235294,21.46352941,23.25647059,23.13705882,17.90470588,10.82823529,10.23529412,12.41176471,9.235294118,9.588235294,8.117647059,7.411764706,8.823529412,6.529411765,8.294117647,5.588235294,7.352941176,5.588235294,5,5.882352941,214.6058824,94.78823529,19.27647059,4.764705882,5.935294118,53.24117647,253.0294118,7.294117647,35.65882353,109.1352941,153.2058824,150.4764706,64.31764706,7.235294118,35,37,39,41,68,75,200,200,225,227,223,223,452,450,438,447,367,236,885,192,80,61,40,43,347,350,336,326,410,541,47,50,49,49,49,48,1211,225,74,26,16,13
2004,MDGA,92.38823529,134.1529412,75.64117647,116.4647059,93.89411765,79.85882353,72.24117647,11.13411765,16.15235294,21.46352941,23.25647059,23.13705882,17.90470588,10.82823529,10.64705882,13.23529412,9.588235294,10.11764706,8.588235294,7.411764706,8.823529412,6.647058824,8.882352941,5.941176471,7.764705882,5.882352941,4.823529412,5.882352941,214.6058824,94.78823529,19.27647059,4.764705882,5.935294118,53.24117647,253.0294118,7.294117647,35.65882353,109.1352941,153.2058824,150.4764706,64.31764706,7.235294118,35,37,39,41,68,75,200,200,225,227,223,223,452,450,438,447,367,236,885,192,80,61,40,43,347,350,336,326,410,541,47,50,49,49,49,48,1211,225,74,26,16,13
2005,MDGA,98.17058824,133.2588235,71.61764706,120.4294118,89.48235294,79.85882353,80.63529412,11.23823529,16.37117647,21.46352941,23.25647059,23.12529412,17.90470588,10.82823529,10.70588235,12.76470588,9.058823529,10.05882353,8.294117647,7.352941176,8.823529412,6.882352941,8.647058824,5.588235294,7.764705882,5.647058824,4.941176471,5.882352941,211.9176471,94.78823529,19.27647059,4.764705882,5.817647059,53.24117647,253.0294118,7.735294118,35.65882353,109.1352941,153.2058824,150.4352941,61.87058824,7.235294118,35,37,39,41,68,75,200,200,225,227,223,223,452,450,438,447,367,236,885,192,80,61,40,43,347,350,336,326,410,541,47,50,49,49,49,48,1211,225,74,26,16,13
2006,MDGA,98.17058824,133.2588235,71.61764706,120.4294118,89.48235294,79.85882353,80.63529412,11.23823529,16.37117647,21.46352941,23.25647059,23.12529412,17.90470588,10.82823529,10.70588235,12.76470588,9.058823529,10.05882353,8.294117647,7.352941176,8.647058824,6.882352941,8.647058824,5.588235294,7.764705882,5.647058824,4.941176471,5.882352941,211.9176471,94.78823529,19.27647059,4.764705882,5.817647059,53.24117647,253.0294118,7.735294118,35.65882353,109.1352941,153.2058824,150.4352941,61.87058824,7.235294118,35,37,39,41,68,75,200,200,225,227,223,223,452,450,438,447,367,236,885,192,80,61,40,43,347,350,336,326,410,541,47,50,49,49,49,48,1211,225,74,26,16,13
2008,MDGA,89.92941176,119.4294118,73.96470588,124.2058824,88.27058824,79.85882353,80.63529412,11.23823529,16.37117647,21.46352941,23.25647059,23.12529412,17.90470588,10.82823529,10.05882353,12.58823529,9.294117647,9.882352941,7.882352941,6.941176471,8.882352941,6.294117647,8.411764706,5.823529412,7.882352941,5.470588235,4.764705882,5.882352941,211.9176471,94.78823529,19.27647059,4.764705882,5.817647059,53.24117647,253.0294118,7.735294118,35.65882353,109.1352941,153.2058824,150.4352941,61.87058824,7.235294118,35,37,39,41,68,75,200,200,225,227,223,223,452,450,438,447,367,236,885,192,80,61,40,43,347,350,336,326,410,541,47,50,49,49,49,48,1211,225,74,26,16,13
2000,TNGR,150.7,179.3,121.5,29.8,44.6,84.95294118,54.21176471,12.72,20.63,24.17,25.28,26.53,20.60058824,11.64058824,9,12,8,6,7,10,6.176470588,8,11,7,3,4,8,4.176470588,171.2,12.2,2.5,0,0,27.61176471,195.2823529,2.8,83.3,177.7,215.3,254.2,119.6,24.20588235,5,5,4,3,7,19,214,222,254,270,285,279,707,702,679,666,644,633,315,134,101,61,57,43,79,77,67,64,70,88,54,54,53,51,51,53,397,126,65,34,22,19
2002,TNGR,91.77058824,144.2882353,101.2,77.17647059,91.05294118,76.90588235,65.18823529,12.52176471,18.28058824,22.62882353,24.73823529,24.25,18.6,10.28941176,8.941176471,10.35294118,9.235294118,8.470588235,7.823529412,7.588235294,7,6.117647059,7.882352941,5.941176471,5.529411765,4.764705882,5.352941176,5.117647059,190.7294118,65.57647059,12.84117647,2.676470588,5.941176471,55.05882353,221.8176471,17.44705882,62.90588235,140.6352941,199.6588235,186.2764706,83.71764706,15.61176471,5,5,4,3,7,19,214,222,254,270,285,279,707,702,679,666,644,633,315,134,101,61,57,43,79,77,67,64,70,88,54,54,53,51,51,53,397,126,65,34,22,19
2004,TNGR,145.8,101.5,154.8,84,88.4,91.34705882,62.62352941,14.12,21.43,23.39,24.63,22.78,20.30470588,11.58058824,10,11,11,9,10,3,7.411764706,8,9,10,7,5,1,4.705882353,146.9,26.1,0.3,1.1,5.5,31.64117647,192.4647059,20.6,122.1,151.8,196.3,143.4,98.6,22.95882353,5,5,4,3,7,19,214,222,254,270,285,279,707,702,679,666,644,633,315,134,101,61,57,43,79,77,67,64,70,88,54,54,53,51,51,53,397,126,65,34,22,19
2003,GASF,110.1,174.8,218.7,143.2,59.54117647,124.3411765,56.17058824,15.66,20.41,22.93,25.22,24.95941176,19.88235294,11.81411765,13,21,19,14,19,7.882352941,6.176470588,5,10,11,7,8,5.470588235,4.176470588,85.3,9.2,0,0,0.147058824,37.56470588,198.9294118,5,73.5,137.8,213.4,212.4,99.13529412,19.05882353,53,50,52,46,44,46,181,185,293,370,376,304,252,248,223,203,197,201,268,87,64,36,29,35,567,567,484,427,427,496,52,52,52,52,52,53,468,142,73,38,26,15
2000,IAPO,40,88.7,71.9,146.7,125.8,95.91176471,79.26470588,8.64,16.94,19.5,22.33,21.85,17.03294118,11.17117647,7,11,9,9,6,7,8.352941176,4,6,4,7,5,1,5.294117647,283.2,74.3,27.2,9.5,3.4,76.78235294,232.7411765,0,31.1,56.3,133.5,108.9,53.9,3.835294118,19,18,23,29,42,37,307,313,317,295,277,238,419,417,417,436,423,422,313,277,198,117,95,55,274,269,266,269,300,340,67,68,68,71,74,78,295,303,163,89,43,27
2004,IAPO,71.9,171.4,66.2,115,19,137.2411765,68.74117647,10.25,15.43,19.42,21.66,18.93,17.11705882,10.26411765,4,15,12,9,6,7,5.941176471,3,13,7,7,4,6,4.058823529,239.4,118.3,28.4,6.9,38.3,76.24705882,246.3176471,2.6,28.4,54.9,110.1,57,66.6,2.541176471,19,18,23,29,42,37,307,313,317,295,277,238,419,417,417,436,423,422,313,277,198,117,95,55,274,269,266,269,300,340,67,68,68,71,74,78,295,303,163,89,43,27
2005,IAPO,84.4,148.7,189.4,97,35.9,113.8058824,56.14705882,11.78,14.37,22.64,24.13,21.73,17.36411765,10.99411765,10,14,16,8,5,9,6.823529412,5,8,10,7,5,6,4.411764706,202.5,136.8,0.8,3.3,2.2,70.88235294,227.1,5.8,13.9,130,182.9,107.4,82.3,3.647058824,19,18,23,29,42,37,307,313,317,295,277,238,419,417,417,436,423,422,313,277,198,117,95,55,274,269,266,269,300,340,67,68,68,71,74,78,295,303,163,89,43,27
2007,IAPO,103.9,119,41.1,30.3,330.4,84.24117647,81.44705882,7.49,18.43,21.78,23.94,22.87,17.76470588,9.942352941,9,9,8,4,13,6,8.705882353,8,8,5,2,11,5,5.588235294,330.6,50.2,2.2,0,0,59.3,266.4117647,5.3,53.2,105.5,173.7,136.3,52.2,6.570588235,19,18,23,29,42,37,307,313,317,295,277,238,419,417,417,436,423,422,313,277,198,117,95,55,274,269,266,269,300,340,67,68,68,71,74,78,295,303,163,89,43,27
2008,ILFS,120.2,59.9,219,108.2,36.6,198.1,65.2,9.937058824,16.15058824,21.33411765,22.84058824,22.30529412,18.04411765,11.70235294,11,7,12,8,2,11,7,9,6,10,7,2,9,5,249.9411765,93.04705882,10.47058824,1.688235294,2.382352941,63.58823529,195.0352941,1.635294118,26.45882353,97.62941176,139.1352941,123.8882353,64.78235294,14.5,7,4,4,4,4,8,310,328,332,376,362,344,665,649,645,604,618,629,412,218,164,105,62,37,25,23,22,20,20,27,63,63,61,60,62,66,274,218,161,108,40,14
2007,SDWR,87.6,78,34.5,0.3,202.8,79.76470588,65.05882353,7.71,18.34,21.84,24.63,22.88,18.24058824,10.54176471,8,11,9,1,11,8,8.588235294,5,6,3,0,8,7,5.294117647,328.6,50.7,9.1,1.1,1.1,65.05882353,251.7588235,9.8,50.8,114.4,196.4,142,58.7,10.18823529,5,5,5,7,8,8,373,390,395,386,343,346,529,515,513,523,553,518,287,214,155,120,65,39,98,95,92,91,104,136,66,67,70,74,78,81,306,222,148,88,46,20
2008,OHCI,58.8,118.7,206.1,67.9,68.5,85.54705882,55.08823529,12.83,14.87,22.58,23.04,22.32,18.06529412,11.81470588,12,16,14,7,6,5,5.352941176,7,12,9,5,6,2,3.647058824,172.7,111.7,2.2,0.8,0.3,57.18823529,223.3470588,7.5,4.5,129.7,146.7,124,67.3,11.27647059,14.27247956,13.9373297,13.93051771,16.05040872,24.30517711,34.18256131,288.0217984,290.972752,305.8978202,319.5490463,316.2152589,288.8964578,487.5762943,485.9918256,476.1103542,465.5776567,448.5517711,431.5435967,454.619891,233.9114441,172.1553134,122.5776567,96.49182561,79.87874659,224.3719346,223.0122616,217.9564033,214.866485,235.1716621,279.5762943,63.57629428,63.73978202,63.69209809,64.5599455,67.00953678,70.52179837,384.1839237,223.3501362,153.9768392,102.3841962,59.81743869,44.06811989
2000,IAWA,81.8,107.8,138.2,103.5,56.2,116.6294118,59.26470588,10.19,17.74,20.1,22.31,23.14,17.47882353,11.07588235,7,8,14,10,7,7,6.882352941,5,6,13,8,6,6,4.647058824,244.4,61.6,22,1.4,0.5,70.54117647,210.1823529,0,43.3,75.1,124.6,149.4,80.6,5.752941176,14.27247956,13.9373297,13.93051771,16.05040872,24.30517711,34.18256131,288.0217984,290.972752,305.8978202,319.5490463,316.2152589,288.8964578,487.5762943,485.9918256,476.1103542,465.5776567,448.5517711,431.5435967,454.619891,233.9114441,172.1553134,122.5776567,96.49182561,79.87874659,224.3719346,223.0122616,217.9564033,214.866485,235.1716621,279.5762943,63.57629428,63.73978202,63.69209809,64.5599455,67.00953678,70.52179837,384.1839237,223.3501362,153.9768392,102.3841962,59.81743869,44.06811989
2001,IAWA,80.3,276.3,112.1,90.2,55,115.6647059,76.79411765,12.41,17.08,19.95,24.31,22.69,18.47,11.33235294,10,17,10,6,6,8,8.117647059,9,14,5,5,5,5,5.529411765,182.5,72.9,35.6,0,0.8,47.16470588,220.9235294,4.7,35.3,84.1,185.2,136,22.7,8.241176471,14.27247956,13.9373297,13.93051771,16.05040872,24.30517711,34.18256131,288.0217984,290.972752,305.8978202,319.5490463,316.2152589,288.8964578,487.5762943,485.9918256,476.1103542,465.5776567,448.5517711,431.5435967,454.619891,233.9114441,172.1553134,122.5776567,96.49182561,79.87874659,224.3719346,223.0122616,217.9564033,214.866485,235.1716621,279.5762943,63.57629428,63.73978202,63.69209809,64.5599455,67.00953678,70.52179837,384.1839237,223.3501362,153.9768392,102.3841962,59.81743869,44.06811989
2002,IAWA,130.6,159,84.7,64.5,84,94.30588235,88.22352941,9.68,14.05,22.54,24.77,22.4,17.93705882,11.00411765,13,13,8,7,8,5,8.823529412,11,9,5,6,5,5,6.176470588,275.6,149.2,4.4,0,2.2,54.84705882,228.2529412,15.8,16.3,130.7,199.7,128.4,55.6,5.776470588,14.27247956,13.9373297,13.93051771,16.05040872,24.30517711,34.18256131,288.0217984,290.972752,305.8978202,319.5490463,316.2152589,288.8964578,487.5762943,485.9918256,476.1103542,465.5776567,448.5517711,431.5435967,454.619891,233.9114441,172.1553134,122.5776567,96.49182561,79.87874659,224.3719346,223.0122616,217.9564033,214.866485,235.1716621,279.5762943,63.57629428,63.73978202,63.69209809,64.5599455,67.00953678,70.52179837,384.1839237,223.3501362,153.9768392,102.3841962,59.81743869,44.06811989
2004,IAWA,97.51176471,109.2058824,92.35294118,87.11764706,97.86470588,79.70588235,64.35882353,10.87705882,15.72235294,21.40176471,23.79058824,22.84882353,17.65647059,11.66470588,10.76470588,12,9.764705882,7.705882353,8.705882353,7.470588235,7.235294118,7.764705882,7.411764706,6.294117647,5.352941176,5.941176471,5.235294118,4.764705882,228.0411765,108.1058824,13.19411765,1.070588235,3.811764706,72.34117647,208.7294118,7.876470588,27.98235294,103.8176471,168.5764706,142.9823529,49.48823529,6.370588235,14.27247956,13.9373297,13.93051771,16.05040872,24.30517711,34.18256131,288.0217984,290.972752,305.8978202,319.5490463,316.2152589,288.8964578,487.5762943,485.9918256,476.1103542,465.5776567,448.5517711,431.5435967,454.619891,233.9114441,172.1553134,122.5776567,96.49182561,79.87874659,224.3719346,223.0122616,217.9564033,214.866485,235.1716621,279.5762943,63.57629428,63.73978202,63.69209809,64.5599455,67.00953678,70.52179837,384.1839237,223.3501362,153.9768392,102.3841962,59.81743869,44.06811989
2005,IAWA,70.1,37.2,83,63.3,71.8,78.14705882,53.87647059,12.84,14.74,23.39,24,22.87,18.4,11.34764706,8,9,9,5,8,6,5.941176471,4,4,7,4,5,5,3.647058824,171.6,125.8,0.3,0.6,0,61.90588235,212.2705882,6.7,14.5,152,176.3,140.7,90.5,8.2,14.27247956,13.9373297,13.93051771,16.05040872,24.30517711,34.18256131,288.0217984,290.972752,305.8978202,319.5490463,316.2152589,288.8964578,487.5762943,485.9918256,476.1103542,465.5776567,448.5517711,431.5435967,454.619891,233.9114441,172.1553134,122.5776567,96.49182561,79.87874659,224.3719346,223.0122616,217.9564033,214.866485,235.1716621,279.5762943,63.57629428,63.73978202,63.69209809,64.5599455,67.00953678,70.52179837,384.1839237,223.3501362,153.9768392,102.3841962,59.81743869,44.06811989
2006,IAWA,80,64.8,49.2,107.4,171.6,82.88235294,68.95882353,12.51,16.36,20.92,24.81,22.91,18.09352941,11.08176471,10,13,13,10,12,10,8.176470588,8,5,5,7,10,5,4.470588235,175.6,109,11.9,0,1.7,61.15882353,226.5411765,4.5,47.7,82.9,200.9,143.6,19.1,8.629411765,14.27247956,13.9373297,13.93051771,16.05040872,24.30517711,34.18256131,288.0217984,290.972752,305.8978202,319.5490463,316.2152589,288.8964578,487.5762943,485.9918256,476.1103542,465.5776567,448.5517711,431.5435967,454.619891,233.9114441,172.1553134,122.5776567,96.49182561,79.87874659,224.3719346,223.0122616,217.9564033,214.866485,235.1716621,279.5762943,63.57629428,63.73978202,63.69209809,64.5599455,67.00953678,70.52179837,384.1839237,223.3501362,153.9768392,102.3841962,59.81743869,44.06811989
2007,IAWA,136,113.8,195.5,152.1,215.3,90.94705882,82.10588235,8.67,18.84,21.81,22.85,24.59,17.80117647,11.05588235,9,11,10,7,13,8,8.823529412,7,9,6,4,10,4,4.823529412,282.1,38.3,2.5,0.6,0,60.3,225.7764706,5.9,54.7,103.5,131.6,194.1,65.2,8.247058824,14.27247956,13.9373297,13.93051771,16.05040872,24.30517711,34.18256131,288.0217984,290.972752,305.8978202,319.5490463,316.2152589,288.8964578,487.5762943,485.9918256,476.1103542,465.5776567,448.5517711,431.5435967,454.619891,233.9114441,172.1553134,122.5776567,96.49182561,79.87874659,224.3719346,223.0122616,217.9564033,214.866485,235.1716621,279.5762943,63.57629428,63.73978202,63.69209809,64.5599455,67.00953678,70.52179837,384.1839237,223.3501362,153.9768392,102.3841962,59.81743869,44.06811989
2002,KSPL,64.2,80.76470588,90.78823529,75.91176471,82.13529412,101.1,87.36470588,12.94,18.41294118,22.68529412,25.83352941,24.56941176,18.20235294,10.82823529,6.647058824,8.058823529,8.588235294,6.117647059,7.235294118,5,8.235294118,4.470588235,5.352941176,5.764705882,4.647058824,4.882352941,3.647058824,5.470588235,171.0647059,61.12352941,8.776470588,1.458823529,2.252941176,49.38823529,237.7882353,11.03529412,62.91764706,136.8176471,229.7117647,191.9352941,76.30588235,8.129411765,2,2,1,2,4,6,314,308,333,327,320,310,321,326,319,327,340,347,138,124,86,64,52,48,365,366,348,346,340,343,73,74,75,79,81,82,137,97,74,42,29,22
2005,ILSI,55.5,27.6,81.01764706,65.1,82.5,133.4,58.2,13.4,17.04647059,23.31470588,24.56,24.5,21.79,13.24,9,6,7.764705882,8,9,11,5,6,4,5.352941176,5,5,8,2,156.5,86.17647059,4.005882353,0,0,18.2,180.4,8.7,46.08235294,151.5352941,193,191.3,122.1,22.5,5,4,5,3,2,4,270,271,308,357,384,313,686,685,653,608,581,633,292,147,105,85,59,38,44,44,39,34,35,54,60,60,59,60,63,67,261,162,138,94,42,19
2001,NEBR,84.2,46.3,47.3,92.5,32.7,66.2,54.16470588,9.22,14.65,19.85,25.35,24.32,18.20705882,10.63823529,8,9,11,10,6,8,6.352941176,5,3,7,8,3,7,4.058823529,267.1,131.6,42,0,0,57.91176471,246.2588235,1.7,17.5,83.1,206.6,185.6,52.4,8.970588235,23,23,22,22,30,32,167,172,185,174,171,138,279,275,266,263,251,204,200,121,92,72,57,40,555,553,549,563,578,658,70,73,75,77,81,81,208,112,98,46,32,18
2001,DESE,105.0882353,103.4529412,88,107.9058824,89.09411765,122.2058824,66.28235294,17.51823529,22.81823529,25.87705882,27.33294118,26.41882353,18.32411765,11.66470588,8.647058824,9.705882353,9.647058824,9.823529412,8.588235294,6.588235294,6.941176471,5.529411765,6.058823529,5.764705882,6.352941176,5.117647059,5.176470588,4.764705882,57.68235294,6.441176471,0.035294118,0,2.252941176,67.26470588,208.7294118,33.15294118,144.6058824,218.0058824,271.5529412,266.6235294,145.5588235,18.52941176,14.27247956,13.9373297,13.93051771,16.05040872,24.30517711,34.18256131,288.0217984,290.972752,305.8978202,319.5490463,316.2152589,288.8964578,487.5762943,485.9918256,476.1103542,465.5776567,448.5517711,431.5435967,454.619891,233.9114441,172.1553134,122.5776567,96.49182561,79.87874659,224.3719346,223.0122616,217.9564033,214.866485,235.1716621,279.5762943,63.57629428,63.73978202,63.69209809,64.5599455,67.00953678,70.52179837,384.1839237,223.3501362,153.9768392,102.3841962,59.81743869,44.06811989
2002,DESE,105.0882353,100.1352941,84.24117647,102.2529412,90.1,122.2058824,66.28235294,17.51823529,22.81823529,25.91235294,27.33294118,26.16294118,18.32411765,11.66470588,8.647058824,9.352941176,9.823529412,9.705882353,8.058823529,6.352941176,6.941176471,5.529411765,5.823529412,5.764705882,6.411764706,4.705882353,4.823529412,4.764705882,57.68235294,6.441176471,0.035294118,0,2.252941176,67.26470588,208.7294118,33.15294118,144.6058824,220.5529412,271.5529412,266.6235294,145.5588235,18.52941176,14.27247956,13.9373297,13.93051771,16.05040872,24.30517711,34.18256131,288.0217984,290.972752,305.8978202,319.5490463,316.2152589,288.8964578,487.5762943,485.9918256,476.1103542,465.5776567,448.5517711,431.5435967,454.619891,233.9114441,172.1553134,122.5776567,96.49182561,79.87874659,224.3719346,223.0122616,217.9564033,214.866485,235.1716621,279.5762943,63.57629428,63.73978202,63.69209809,64.5599455,67.00953678,70.52179837,384.1839237,223.3501362,153.9768392,102.3841962,59.81743869,44.06811989
2003,DESE,105.0882353,100.1352941,85.84117647,102.2529412,90.1,122.2058824,66.28235294,17.51823529,22.81823529,25.91235294,27.38117647,26.16294118,18.36823529,11.66470588,8.647058824,9.352941176,9.588235294,9.705882353,7.764705882,6.352941176,6.941176471,5.529411765,5.823529412,5.823529412,6.411764706,4.705882353,4.823529412,4.764705882,57.68235294,6.441176471,0.035294118,0,2.252941176,65.44705882,208.7294118,33.15294118,144.6058824,220.5529412,273.1176471,266.6235294,145.5588235,18.52941176,14.27247956,13.9373297,13.93051771,16.05040872,24.30517711,34.18256131,288.0217984,290.972752,305.8978202,319.5490463,316.2152589,288.8964578,487.5762943,485.9918256,476.1103542,465.5776567,448.5517711,431.5435967,454.619891,233.9114441,172.1553134,122.5776567,96.49182561,79.87874659,224.3719346,223.0122616,217.9564033,214.866485,235.1716621,279.5762943,63.57629428,63.73978202,63.69209809,64.5599455,67.00953678,70.52179837,384.1839237,223.3501362,153.9768392,102.3841962,59.81743869,44.06811989
2004,DESE,105.7058824,100.1352941,88.21764706,103.4529412,90.1,122.2058824,66.28235294,17.51823529,22.81823529,25.91235294,27.38117647,26.14058824,18.36823529,11.66470588,8.470588235,9.352941176,9.647058824,9.588235294,7.764705882,6.352941176,6.941176471,5.352941176,5.823529412,5.823529412,6.647058824,4.705882353,4.823529412,4.764705882,57.68235294,6.441176471,0.035294118,0,2.252941176,65.44705882,208.7294118,33.15294118,144.6058824,220.5529412,273.1176471,266.6235294,145.5588235,18.52941176,14.27247956,13.9373297,13.93051771,16.05040872,24.30517711,34.18256131,288.0217984,290.972752,305.8978202,319.5490463,316.2152589,288.8964578,487.5762943,485.9918256,476.1103542,465.5776567,448.5517711,431.5435967,454.619891,233.9114441,172.1553134,122.5776567,96.49182561,79.87874659,224.3719346,223.0122616,217.9564033,214.866485,235.1716621,279.5762943,63.57629428,63.73978202,63.69209809,64.5599455,67.00953678,70.52179837,384.1839237,223.3501362,153.9768392,102.3841962,59.81743869,44.06811989
2005,DESE,105.7058824,97.53529412,88.21764706,103.4529412,90.1,122.2058824,66.28235294,17.51823529,22.81823529,25.91235294,27.38117647,26.14058824,18.36823529,11.66470588,8.470588235,9,9.647058824,9.588235294,7.705882353,6.352941176,6.941176471,5.352941176,5.529411765,5.823529412,6.647058824,4.941176471,4.823529412,4.764705882,57.68235294,6.441176471,0.035294118,0,2.252941176,61.14705882,208.7294118,33.15294118,144.6058824,220.5529412,273.1176471,266.6235294,145.5588235,18.52941176,14.27247956,13.9373297,13.93051771,16.05040872,24.30517711,34.18256131,288.0217984,290.972752,305.8978202,319.5490463,316.2152589,288.8964578,487.5762943,485.9918256,476.1103542,465.5776567,448.5517711,431.5435967,454.619891,233.9114441,172.1553134,122.5776567,96.49182561,79.87874659,224.3719346,223.0122616,217.9564033,214.866485,235.1716621,279.5762943,63.57629428,63.73978202,63.69209809,64.5599455,67.00953678,70.52179837,384.1839237,223.3501362,153.9768392,102.3841962,59.81743869,44.06811989
2002,MISC,62.54117647,119.4411765,91.44705882,87.85882353,62.20588235,101.0823529,64.32941176,8.950588235,13.72588235,19.9,21.51176471,20.66764706,16.97294118,10.82823529,9.352941176,13.64705882,11.17647059,9.823529412,9.176470588,7.294117647,8.411764706,5.823529412,9.235294118,7,5.941176471,5.294117647,5.176470588,5.470588235,273.4235294,152.6647059,29.9,7.523529412,14.04117647,67.33529412,247.6823529,2.476470588,10.27647059,74.7,104.0117647,87.42941176,35.50588235,5.535294118,28,30,21,19,23,31,341,351,361,352,354,360,452,444,436,442,439,432,1590,879,648,624,586,527,207,205,204,206,207,208,65,66,67,68,70,73,742,692,583,482,298,269
2003,MISC,62.54117647,115.4588235,91.44705882,91.6,59.30588235,101.0823529,64.32941176,8.924705882,13.79647059,19.73823529,21.51176471,20.66764706,16.97294118,10.82823529,9.352941176,13.58823529,11.17647059,10.23529412,9.176470588,7.294117647,8.411764706,5.823529412,9.176470588,7,6.117647059,5.294117647,5.176470588,5.470588235,273.9235294,152.6647059,30.94705882,7.523529412,14.04117647,67.33529412,247.6823529,2.2,10.27647059,71.13529412,104.0117647,90.01176471,35.47647059,5.535294118,28,30,21,19,23,31,341,351,361,352,354,360,452,444,436,442,439,432,1590,879,648,624,586,527,207,205,204,206,207,208,65,66,67,68,70,73,742,692,583,482,298,269
2006,MISC,57.41176471,109.0117647,95.05294118,92.42352941,72.74705882,103.8941176,64.32941176,9.048235294,14.06882353,19.83705882,21.44941176,20.61705882,16.97294118,10.82823529,8.705882353,13.29411765,11.17647059,10.05882353,8.705882353,6.647058824,8.352941176,5.529411765,8.764705882,7.176470588,6.117647059,5.117647059,4.823529412,5.411764706,270.6352941,145.9823529,30.1,7.247058824,13.72352941,68.76470588,247.6823529,2.070588235,12.99411765,73.25294118,101.8,90.24705882,33.14705882,5.535294118,28,30,21,19,23,31,341,351,361,352,354,360,452,444,436,442,439,432,1590,879,648,624,586,527,207,205,204,206,207,208,65,66,67,68,70,73,742,692,583,482,298,269
2007,MISC,57.05294118,100.6941176,93.97647059,94.40588235,72.8,103.8941176,69.94117647,8.791176471,13.86235294,19.89294118,21.44941176,20.61705882,16.97294118,10.82823529,9.058823529,12.70588235,10.94117647,9.705882353,9,7,8.352941176,5.529411765,8.058823529,7,6.352941176,5.294117647,5,5.411764706,278.3470588,151.5294118,28.3,7.247058824,13.72352941,68.76470588,247.6823529,2.070588235,12.14705882,73.11764706,101.8,89.16470588,33.14705882,5.535294118,28,30,21,19,23,31,341,351,361,352,354,360,452,444,436,442,439,432,1590,879,648,624,586,527,207,205,204,206,207,208,65,66,67,68,70,73,742,692,583,482,298,269
2008,MISC,55.2,100.6941176,90.98823529,94.40588235,70.65882353,103.0941176,64.37647059,8.868235294,13.76352941,19.88823529,21.64058824,20.56941176,16.97294118,10.82823529,9,12.70588235,10.88235294,9.705882353,8.705882353,6.588235294,8.352941176,5.352941176,8.058823529,6.823529412,6.352941176,5.235294118,4.823529412,5.470588235,276.1352941,151.5294118,27.45882353,6.611764706,13.7,68.76470588,247.6823529,2.170588235,12.14705882,72.12352941,107.0470588,87.61764706,33.72352941,5.535294118,28,30,21,19,23,31,341,351,361,352,354,360,452,444,436,442,439,432,1590,879,648,624,586,527,207,205,204,206,207,208,65,66,67,68,70,73,742,692,583,482,298,269
2008,MNCY,108.9,118.5,82.6,51.8,48.9,69.30588235,77.69411765,5.32,13,18.89,21.82,19.79,17.47,9.854117647,7,14,10,7,6,8,8.941176471,6,9,6,6,5,5,5.529411765,390.3,168.8,21.2,1.9,13,68.24705882,263.3764706,0,3.3,37.8,109.9,58.1,19,6.388235294,14.27247956,13.9373297,13.93051771,16.05040872,24.30517711,34.18256131,288.0217984,290.972752,305.8978202,319.5490463,316.2152589,288.8964578,487.5762943,485.9918256,476.1103542,465.5776567,448.5517711,431.5435967,454.619891,233.9114441,172.1553134,122.5776567,96.49182561,79.87874659,224.3719346,223.0122616,217.9564033,214.866485,235.1716621,279.5762943,63.57629428,63.73978202,63.69209809,64.5599455,67.00953678,70.52179837,384.1839237,223.3501362,153.9768392,102.3841962,59.81743869,44.06811989
2003,OHGR,95.48235294,118.6941176,90.17058824,123.4764706,121.8352941,100.4,80.84117647,11.07764706,15.59764706,21.19058824,22.55647059,22.35823529,19.81117647,10.28941176,12.17647059,12.58823529,11.52941176,11.17647059,9.117647059,8.588235294,8.764705882,7.176470588,9.176470588,7.294117647,7.705882353,5.647058824,5.176470588,5.470588235,217.5176471,106.5882353,12.91176471,1.923529412,3.747058824,37,221.8176471,2.994117647,29.85882353,98.10588235,131.9823529,125.6764706,47.84117647,16.15882353,14,14,14,18,20,29,313,318,345,369,356,353,406,403,388,377,378,380,616,375,449,534,536,473,281,279,267,254,266,266,65,66,66,67,70,73,661,268,120,98,52,45
2004,OHGR,88.42352941,107.8235294,93.08235294,115.1117647,108.7882353,100.4,80.84117647,11.07764706,15.59764706,21.19058824,22.55647059,22.35823529,19.81117647,10.28941176,11.58823529,12.05882353,11.47058824,10.76470588,8.411764706,7.588235294,8.764705882,7.176470588,8.352941176,7.117647059,7.176470588,5.235294118,4.823529412,5.470588235,217.5176471,106.5882353,12.91176471,1.923529412,3.747058824,37,221.8176471,2.994117647,29.85882353,98.10588235,131.9823529,125.6764706,47.84117647,16.15882353,14,14,14,18,20,29,313,318,345,369,356,353,406,403,388,377,378,380,616,375,449,534,536,473,281,279,267,254,266,266,65,66,66,67,70,73,661,268,120,98,52,45
2007,OHGT,75.2,35.8,72,86.6,103.9,99.3,75.2,10.23529412,14.87823529,21.01,22.95588235,21.50058824,18.52764706,10.90470588,14,6,10,10,9,5,10,8,3,7,4,6,3,6,250.5176471,141.9,23.25294118,4.305882353,16.45294118,54.72941176,239.6294118,8.994117647,35.94705882,102.4882353,144.5823529,116.9117647,39.50588235,14.95882353,18,19,17,21,41,73,283,285,320,343,334,256,508,506,488,460,419,386,291,183,156,94,73,59,208,209,192,198,247,359,66,66,66,69,74,79,325,173,136,76,99,95
2008,OHGT,45.5,123.6,156.2,128.8,37.4,78.3,31.8,10.34117647,15.16352941,20.69941176,22.91235294,21.72058824,18.41058824,11.39470588,10,14,11,6,6,7,6,5,10,6,6,4,5,3,239.7823529,120.4117647,15.45294118,3.094117647,6.652941176,65.2,215.0411765,3.588235294,23.5,85.00588235,144.1529412,118.1294118,47.82941176,9.111764706,18,19,17,21,41,73,283,285,320,343,334,256,508,506,488,460,419,386,291,183,156,94,73,59,208,209,192,198,247,359,66,66,66,69,74,79,325,173,136,76,99,95